<?xml version="1.0" encoding="utf-8"?>
<COLLADA xmlns="http://www.collada.org/2008/03/COLLADASchema" version="1.5.0">
  <asset>
    <contributor>
      <author>rolandas.lengvinas@festo.com</author>
      <authoring_tool>PARTdataManager - PARTsolutions by CADENAS</authoring_tool>
    </contributor>
    <created>2025-09-23T14:30:50Z</created>
    <modified>2025-09-23T14:30:50Z</modified>
    <unit meter="0.001" name="millimeter"/>
  </asset>
  <library_materials>
    <material id="Nr10000025_0Mat0" name="Nr10000025_0Mat0">
      <instance_effect url="#Nr10000025_0Mat0-eff"/>
    </material>
    <material id="Nr10000025_0Mat1" name="Nr10000025_0Mat1">
      <instance_effect url="#Nr10000025_0Mat1-eff"/>
    </material>
    <material id="Nr10000026_0Mat0" name="Nr10000026_0Mat0">
      <instance_effect url="#Nr10000026_0Mat0-eff"/>
    </material>
    <material id="Nr10000027_0Mat0" name="Nr10000027_0Mat0">
      <instance_effect url="#Nr10000027_0Mat0-eff"/>
    </material>
    <material id="Nr10000030_0Mat0" name="Nr10000030_0Mat0">
      <instance_effect url="#Nr10000030_0Mat0-eff"/>
    </material>
    <material id="Nr10000031_0Mat0" name="Nr10000031_0Mat0">
      <instance_effect url="#Nr10000031_0Mat0-eff"/>
    </material>
    <material id="Nr10000031_1Mat0" name="Nr10000031_1Mat0">
      <instance_effect url="#Nr10000031_1Mat0-eff"/>
    </material>
    <material id="Nr10000031_2Mat0" name="Nr10000031_2Mat0">
      <instance_effect url="#Nr10000031_2Mat0-eff"/>
    </material>
    <material id="Nr10000031_3Mat0" name="Nr10000031_3Mat0">
      <instance_effect url="#Nr10000031_3Mat0-eff"/>
    </material>
    <material id="Nr10000032_0Mat0" name="Nr10000032_0Mat0">
      <instance_effect url="#Nr10000032_0Mat0-eff"/>
    </material>
    <material id="Nr10000033_0Mat0" name="Nr10000033_0Mat0">
      <instance_effect url="#Nr10000033_0Mat0-eff"/>
    </material>
    <material id="Nr10000034_0Mat0" name="Nr10000034_0Mat0">
      <instance_effect url="#Nr10000034_0Mat0-eff"/>
    </material>
    <material id="Nr10000035_0Mat0" name="Nr10000035_0Mat0">
      <instance_effect url="#Nr10000035_0Mat0-eff"/>
    </material>
    <material id="Nr10000036_0Mat0" name="Nr10000036_0Mat0">
      <instance_effect url="#Nr10000036_0Mat0-eff"/>
    </material>
    <material id="Nr10000037_0Mat0" name="Nr10000037_0Mat0">
      <instance_effect url="#Nr10000037_0Mat0-eff"/>
    </material>
    <material id="Nr10000038_0Mat0" name="Nr10000038_0Mat0">
      <instance_effect url="#Nr10000038_0Mat0-eff"/>
    </material>
    <material id="Nr10000039_0Mat0" name="Nr10000039_0Mat0">
      <instance_effect url="#Nr10000039_0Mat0-eff"/>
    </material>
    <material id="Nr10000040_0Mat0" name="Nr10000040_0Mat0">
      <instance_effect url="#Nr10000040_0Mat0-eff"/>
    </material>
    <material id="Nr10000041_0Mat0" name="Nr10000041_0Mat0">
      <instance_effect url="#Nr10000041_0Mat0-eff"/>
    </material>
    <material id="Nr10000044_0Mat0" name="Nr10000044_0Mat0">
      <instance_effect url="#Nr10000044_0Mat0-eff"/>
    </material>
    <material id="Nr10000044_0Mat1" name="Nr10000044_0Mat1">
      <instance_effect url="#Nr10000044_0Mat1-eff"/>
    </material>
    <material id="Nr10000044_0Mat2" name="Nr10000044_0Mat2">
      <instance_effect url="#Nr10000044_0Mat2-eff"/>
    </material>
    <material id="Nr10000044_0Mat3" name="Nr10000044_0Mat3">
      <instance_effect url="#Nr10000044_0Mat3-eff"/>
    </material>
  </library_materials>
  <library_effects>
    <effect id="Nr10000025_0Mat0-eff" name="Nr10000025_0Mat0">
      <profile_COMMON>
        <technique sid="common">
          <phong>
            <ambient>
              <color>0.1 0.1 0.1 1</color>
            </ambient>
            <diffuse>
              <color>0.69 0.69 0.69 1</color>
            </diffuse>
          </phong>
        </technique>
      </profile_COMMON>
    </effect>
    <effect id="Nr10000025_0Mat1-eff" name="Nr10000025_0Mat1">
      <profile_COMMON>
        <technique sid="common">
          <phong>
            <ambient>
              <color>0.1 0.1 0.1 1</color>
            </ambient>
            <diffuse>
              <color>0.31 0.31 0.31 1</color>
            </diffuse>
          </phong>
        </technique>
      </profile_COMMON>
    </effect>
    <effect id="Nr10000026_0Mat0-eff" name="Nr10000026_0Mat0">
      <profile_COMMON>
        <technique sid="common">
          <phong>
            <ambient>
              <color>0.1 0.1 0.1 1</color>
            </ambient>
            <diffuse>
              <color>0.69 0.69 0.69 1</color>
            </diffuse>
          </phong>
        </technique>
      </profile_COMMON>
    </effect>
    <effect id="Nr10000027_0Mat0-eff" name="Nr10000027_0Mat0">
      <profile_COMMON>
        <technique sid="common">
          <phong>
            <ambient>
              <color>0.1 0.1 0.1 1</color>
            </ambient>
            <diffuse>
              <color>0.69 0.69 0.69 1</color>
            </diffuse>
          </phong>
        </technique>
      </profile_COMMON>
    </effect>
    <effect id="Nr10000030_0Mat0-eff" name="Nr10000030_0Mat0">
      <profile_COMMON>
        <technique sid="common">
          <phong>
            <ambient>
              <color>0.1 0.1 0.1 1</color>
            </ambient>
            <diffuse>
              <color>0.69 0.69 0.69 1</color>
            </diffuse>
          </phong>
        </technique>
      </profile_COMMON>
    </effect>
    <effect id="Nr10000031_0Mat0-eff" name="Nr10000031_0Mat0">
      <profile_COMMON>
        <technique sid="common">
          <phong>
            <ambient>
              <color>0.1 0.1 0.1 1</color>
            </ambient>
            <diffuse>
              <color>0.69 0.69 0.69 1</color>
            </diffuse>
          </phong>
        </technique>
      </profile_COMMON>
    </effect>
    <effect id="Nr10000031_1Mat0-eff" name="Nr10000031_1Mat0">
      <profile_COMMON>
        <technique sid="common">
          <phong>
            <ambient>
              <color>0.1 0.1 0.1 1</color>
            </ambient>
            <diffuse>
              <color>0.69 0.69 0.69 1</color>
            </diffuse>
          </phong>
        </technique>
      </profile_COMMON>
    </effect>
    <effect id="Nr10000031_2Mat0-eff" name="Nr10000031_2Mat0">
      <profile_COMMON>
        <technique sid="common">
          <phong>
            <ambient>
              <color>0.1 0.1 0.1 1</color>
            </ambient>
            <diffuse>
              <color>0.69 0.69 0.69 1</color>
            </diffuse>
          </phong>
        </technique>
      </profile_COMMON>
    </effect>
    <effect id="Nr10000031_3Mat0-eff" name="Nr10000031_3Mat0">
      <profile_COMMON>
        <technique sid="common">
          <phong>
            <ambient>
              <color>0.1 0.1 0.1 1</color>
            </ambient>
            <diffuse>
              <color>0.69 0.69 0.69 1</color>
            </diffuse>
          </phong>
        </technique>
      </profile_COMMON>
    </effect>
    <effect id="Nr10000032_0Mat0-eff" name="Nr10000032_0Mat0">
      <profile_COMMON>
        <technique sid="common">
          <phong>
            <ambient>
              <color>0.1 0.1 0.1 1</color>
            </ambient>
            <diffuse>
              <color>0.69 0.69 0.69 1</color>
            </diffuse>
          </phong>
        </technique>
      </profile_COMMON>
    </effect>
    <effect id="Nr10000033_0Mat0-eff" name="Nr10000033_0Mat0">
      <profile_COMMON>
        <technique sid="common">
          <phong>
            <ambient>
              <color>0.1 0.1 0.1 1</color>
            </ambient>
            <diffuse>
              <color>0.69 0.69 0.69 1</color>
            </diffuse>
          </phong>
        </technique>
      </profile_COMMON>
    </effect>
    <effect id="Nr10000034_0Mat0-eff" name="Nr10000034_0Mat0">
      <profile_COMMON>
        <technique sid="common">
          <phong>
            <ambient>
              <color>0.1 0.1 0.1 1</color>
            </ambient>
            <diffuse>
              <color>0.69 0.69 0.69 1</color>
            </diffuse>
          </phong>
        </technique>
      </profile_COMMON>
    </effect>
    <effect id="Nr10000035_0Mat0-eff" name="Nr10000035_0Mat0">
      <profile_COMMON>
        <technique sid="common">
          <phong>
            <ambient>
              <color>0.1 0.1 0.1 1</color>
            </ambient>
            <diffuse>
              <color>0.69 0.69 0.69 1</color>
            </diffuse>
          </phong>
        </technique>
      </profile_COMMON>
    </effect>
    <effect id="Nr10000036_0Mat0-eff" name="Nr10000036_0Mat0">
      <profile_COMMON>
        <technique sid="common">
          <phong>
            <ambient>
              <color>0.1 0.1 0.1 1</color>
            </ambient>
            <diffuse>
              <color>0.69 0.69 0.69 1</color>
            </diffuse>
          </phong>
        </technique>
      </profile_COMMON>
    </effect>
    <effect id="Nr10000037_0Mat0-eff" name="Nr10000037_0Mat0">
      <profile_COMMON>
        <technique sid="common">
          <phong>
            <ambient>
              <color>0.1 0.1 0.1 1</color>
            </ambient>
            <diffuse>
              <color>0.65 0 0 1</color>
            </diffuse>
          </phong>
        </technique>
      </profile_COMMON>
    </effect>
    <effect id="Nr10000038_0Mat0-eff" name="Nr10000038_0Mat0">
      <profile_COMMON>
        <technique sid="common">
          <phong>
            <ambient>
              <color>0.1 0.1 0.1 1</color>
            </ambient>
            <diffuse>
              <color>0.69 0.69 0.69 1</color>
            </diffuse>
          </phong>
        </technique>
      </profile_COMMON>
    </effect>
    <effect id="Nr10000039_0Mat0-eff" name="Nr10000039_0Mat0">
      <profile_COMMON>
        <technique sid="common">
          <phong>
            <ambient>
              <color>0.1 0.1 0.1 1</color>
            </ambient>
            <diffuse>
              <color>0.69 0.69 0.69 1</color>
            </diffuse>
          </phong>
        </technique>
      </profile_COMMON>
    </effect>
    <effect id="Nr10000040_0Mat0-eff" name="Nr10000040_0Mat0">
      <profile_COMMON>
        <technique sid="common">
          <phong>
            <ambient>
              <color>0.1 0.1 0.1 1</color>
            </ambient>
            <diffuse>
              <color>0.69 0.69 0.69 1</color>
            </diffuse>
          </phong>
        </technique>
      </profile_COMMON>
    </effect>
    <effect id="Nr10000041_0Mat0-eff" name="Nr10000041_0Mat0">
      <profile_COMMON>
        <technique sid="common">
          <phong>
            <ambient>
              <color>0.1 0.1 0.1 1</color>
            </ambient>
            <diffuse>
              <color>0.69 0.69 0.69 1</color>
            </diffuse>
          </phong>
        </technique>
      </profile_COMMON>
    </effect>
    <effect id="Nr10000044_0Mat0-eff" name="Nr10000044_0Mat0">
      <profile_COMMON>
        <technique sid="common">
          <phong>
            <ambient>
              <color>0.1 0.1 0.1 1</color>
            </ambient>
            <diffuse>
              <color>0.69 0.69 0.69 1</color>
            </diffuse>
          </phong>
        </technique>
      </profile_COMMON>
    </effect>
    <effect id="Nr10000044_0Mat1-eff" name="Nr10000044_0Mat1">
      <profile_COMMON>
        <technique sid="common">
          <phong>
            <ambient>
              <color>0.1 0.1 0.1 1</color>
            </ambient>
            <diffuse>
              <color>1 1 1 1</color>
            </diffuse>
          </phong>
        </technique>
      </profile_COMMON>
    </effect>
    <effect id="Nr10000044_0Mat2-eff" name="Nr10000044_0Mat2">
      <profile_COMMON>
        <technique sid="common">
          <phong>
            <ambient>
              <color>0.1 0.1 0.1 1</color>
            </ambient>
            <diffuse>
              <color>0.314 0.314 0.314 1</color>
            </diffuse>
          </phong>
        </technique>
      </profile_COMMON>
    </effect>
    <effect id="Nr10000044_0Mat3-eff" name="Nr10000044_0Mat3">
      <profile_COMMON>
        <technique sid="common">
          <phong>
            <ambient>
              <color>0.1 0.1 0.1 1</color>
            </ambient>
            <diffuse>
              <color>0 0.6 1 1</color>
            </diffuse>
          </phong>
        </technique>
      </profile_COMMON>
    </effect>
  </library_effects>
  <library_geometries>
    <geometry id="_4809413_EGSC-BS-10000025_0-obj" name="_4809413_EGSC-BS-">
      <mesh>
        <source id="_4809413_EGSC-BS-10000025_0-vertex">
          <float_array id="_4809413_EGSC-BS-10000025_0-vertex-array" count="5844">-12.05 72.3741 -12.6356 0.75 -8.5 -1.29904 10 31.5 14.2 1.18761 0.0295 -0.318218 9.1895 36.4038 6.5 -8.33253 -3.9 -8.33253 -3.04992 -3.9 11.3824 11 -2 0 0.866025 -6 9.5 -13 71.2 -13.7321 -11.2901 23.1665 -10 -1.73205 34 13.4 11.2243 73.2 3.00754 9.26647 14.7 5.35 -8.24264 28.7574 -14.5 -0.75 -8.5 -1.29904 -10.45 72.3741 -12.6356 -10.7387 -4.96699 6.2 0.318218 -8.2295 1.18761 10.8105 36.4038 6.5 10.0892 -3.4 5.825 8.379 55 6.50658 -4.6 75.65 -22.5 -0.866025 -6 9.5 -12.1 72.14 -11.49 9 -2 0 -0.318218 -8.2295 1.18761 -13.523 0.3 3.62347 -3 3.4732e-17 2.30107e-15 3 -3.4732e-17 1.56628e-15 -11.49 72.14 -11.49 -2.31662 14.7 -1.3375 -2.25167 -8.5 -1.3 8.59617 55.8105 13.821 -10.3354 73.2 2.76936 -14.75 0 9.71668 8.38806 55 6.49477 -15.1294 71.5 9.66673 -11.01 72.14 -11.49 -2.22045e-16 -6 -8.5 13.2 72.14 -11.25 2.19996 -2.54697e-17 -8.21037 -2.19996 2.54697e-17 8.21037 10.8343 72.6742 11.01 -10.4 72.14 -11.49 4.55981 75.65 -19.15 8.24264 28.7574 -16 -10.0892 -3.4 -5.825 1.44889 -8.5 0.388229 1.73205 34 13.4 -10.6459 -6 6.14641 -7.70993 23.1665 -10 11.01 72.5578 -12.1 11.6657 72.6742 11.01 11.49 72.5578 -12.1 13.7321 71.5 -13 -15 71.5 9.64969 -16 71.5 9.63935 9.56125 71.2 -10.275 -1 53.2679 13.4 -8.73481 0 -13.2497 -3.62347 0.3 13.523 -11.6643 71.5 3.12544 10 58.5 15.7 -6.96891 56.75 14.2 3.04992 -2.9 -11.3824 10.275 72.14 -12.9387 11.4038 55.8105 13.821 8.33253 -2.9 8.33253 11.621 55 6.5 -6.4 0.3 -11.0851 9 56.7321 14.2 -11.6651 25.45 -16 5.55112e-17 -8.2295 1.2295 -2 35 13.4 3.78302 43.98 3.78302 -10 58.8 16 4.1 34.75 -19.734 -15.9732 0 9.73936 11.25 72.575 -10.4 9.86436 72.3741 10.45 -1.44889 -8.5 0.388229 1 53.2679 13.4 -10.8105 33.5962 13.821 11.9775 -4.96699 3.20936 2.31662 14.7 -1.3375 -10.134 65.4583 -14.5 12.225 72.14 -12.9387 -12.0741 -1.33227e-15 3.23524 12.0741 -1.33227e-15 -3.23524 -4.1 34.75 -21.466 10.8601 0.15 -6.2701 11 56.7321 14.2 1.11022e-16 0.0295 1.2295 -1.89151 14.7 1.89151 -8.5 9.84072e-17 3.3114e-15 8.5 -9.84072e-17 1.2295e-15 -7.75 -2.5 -12.4234 12.9387 71.2 -10.275 -14.0956 61.0529 -16 -13.2909 56.9 16 10.8253 -1.65981 6.25 -9.1895 33.5962 13.821 -16 0 -15 16 0 15 14.567 71.5 9.89969 6.66134e-16 43.98 5.35 12.6356 72.3741 10.45 -4.6 75.65 -19.3 -12.1129 0.15 -3.24564 -8.38405 34.9812 6.5 10.9552 0.259808 6.325 2 35 13.4 -11.25 72.14 -13.2 -8.38405 55.0188 6.5 -2.76936 73.2 -10.3354 -1.44889 0.3 0.388229 -7.33494 25.45 -16 -10 34.75 -15 9.86436 72.3741 12.05 4.6 75.65 -22.5 11.3824 -2.9 -3.04992 3.04992 -3.9 -11.3824 10 33 -14.5 -16 71.5 -15 8.33253 -3.9 8.33253 -3.04992 -2.9 -11.3824 -0.318218 0.0295 1.18761 1.89151 14.7 1.89151 -11.784 -2.9 3.33067e-15 -7.75 -2.5 -14.0234 12.5 -2.22045e-15 4.44089e-16 -12.5 -1.77636e-15 3.33067e-15 2.12132 -8.1 -2.12132 -3.33877 71.2 12.4604 0.318218 0.0295 1.18761 8.1 58.2909 16 -10.7387 -5.6 -6.2 -8.34088 0 -13.3192 -12.5402 0.15 3.77476e-15 3.62347 0.3 13.523 -9.12168 71.2 9.12168 11.874 -6 3.18162 8.59617 54.1895 13.821 11.25 72.575 -12.1 1.44889 0.3 0.388229 -13.0311 56.75 15.7 -9.79556 31.4471 -16 -13.8 55 16 -11.567 24.2 -10 12.6356 72.3741 12.05 -12 71.2 14 -5.35 73.2 9.26647 12.4 -4.96699 -3.33067e-16 14 0 2.44249e-15 -14 0 9.99201e-15 -12.9387 71.2 -12.225 10 31.5 15.7 -15.9 0 9.81256 -10 53.7458 -16 1.18761 -8.2295 -0.318218 12.0758 71.5 0 3.20936 -5.6 11.9775 11.25 72.14 13.2 10 53.379 6.5 -14.4 0 -10.1246 -6.7091 56.9 16 8.76812 -5.6 8.76812 9.26647 73.2 -5.35 11.25 71.2 9.3 -15.7482 0 9.83254 0 53 16 2.76936 73.2 -10.3354 11.4038 54.1895 13.821 4.1 34.75 -21.466 -0.75 0.3 -1.29904 -12.1129 0.15 3.24564 11.9 58.2909 16 1 -6 -10 -9.5 75.65 -14.5 -1.18761 -8.2295 -0.318218 -15.8 0 9.83935 -9.8995 0 9.8995 9.8995 0 -9.8995 -2.12132 -8.1 -2.12132 10 75.65 -22.5 -12.225 72.14 12.9387 15.8 71.5 9.83935 -14.4 71.5 -10.1246 8.88178e-16 75.65 -16.05 11.3824 -3.9 -3.04992 -9.56125 71.2 -12.225 14.5 0 10.1497 -10 71.5 -15 0.75 0.3 -1.29904 -3.04992 -3.9 -11.3824 15.7482 71.5 9.83254 -7.433 24.2 -10 -11.784 -3.9 3.55271e-15 -7.56604 73.2 7.56604 -2 37 13.4 8.24264 28.7574 -14.5 12.1244 0.3 7 14 71.2 -12 -1 -6 -10 -3.12544 71.5 -11.6643 -10.8105 56.4038 13.821 6.4 0.3 -11.0851 -10.275 72.14 12.9387 4.6 75.65 -19.3 3.33877 71.2 12.4604 -13.2909 53.1 16 -6.96891 56.75 15.7 6.96891 56.75 14.2 -11.49 72.5578 12.1 15.9 71.5 9.81256 -1.73205 54 16 2.22045e-16 0.3 -12.8 -7.45 -2.5 -13.943 -11.01 72.5578 12.1 -9.1895 56.4038 13.821 -0.562917 70.65 -16.375 -9 -2 1.22465e-15 -10 38.5 14.2 10.4 72.14 11.49 -8.05 -2.5 -13.943 -3.20936 -5.6 11.9775 -4.6 34.75 -21.6 -2.31662 43.98 -1.3375 11.9775 -4.96699 -3.20936 -13.523 0 -3.62347 13.523 0 3.62347 -13.2 72.14 11.25 11.01 72.7086 11.01 -6.2 55 16 11.01 72.14 11.49 -14.567 0 9.89969 -6.88397 -2.5 -13.9234 0.562917 70.65 -16.375 -6.325 0.259808 10.9552 11.49 72.7086 11.01 11.49 72.14 11.49 11.01 72.6742 10.8343 2 37 13.4 -10 53 14.2 12.2928 -6 4.44089e-16 11.49 72.6742 10.8343 -10.0892 -3.4 5.825 1.58207e-15 0.259808 12.65 -11.25 72.3741 -12.85 12.1 72.14 11.49 -11 -2 1.22465e-15 -2.675 43.98 -4.63324 10.45 72.3741 -12.6356 -14.0956 61.0529 -14.5 -8.33253 -2.9 8.33253 -5.1677 43.98 -1.38468 -10 36.621 6.5 -11.3 54.3038 -16 -8.61602 -2.5 -13.9234 1.73205 54 16 11 -6 8.88178e-16 1.06066 -8.5 -1.06066 10.3354 73.2 2.76936 -1.73205 38 13.4 -0.61475 0.0295 1.06478 12.05 72.3741 -12.6356 0.776457 -8.1 2.89778 -11.0851 0.3 -6.4 -7.15 0 -13.4234 5.35 73.2 9.26647 -12.85 72.3741 -11.25 -10.7 14.7 1.96556e-15 -6.75 0 -13.4234 3.12544 71.5 -11.6643 10.4 72.14 -11.49 -9.3 72.14 11.25 0.61475 0.0295 1.06478 -2 55 16 9 -6 4.44089e-16 11.01 72.14 -11.49 -15 71.5 16 2.31662 43.98 -1.3375 -0.325 75.65 -16.1371 13.0311 56.75 14.2 -1.06066 -8.5 -1.06066 -0.776457 -8.1 2.89778 -11.49 72.5578 10.4 8.5 -6 4.44089e-16 11.49 72.14 -11.49 -5.55291 27.2044 -16 -11.7321 54 14.2 -6.7091 53.1 16 -1.89151 43.98 1.89151 0.325 75.65 -16.1371 -4.63324 48.26 -2.675 -11.01 72.5578 10.4 -12.9387 71.2 12.225 10 58.8 16 12.1 72.14 -11.49 13.7321 71.5 13 -16 0 -5.34247 -1.38468 43.98 5.1677 13 71.2 -13.7321 -15.7 0 -10.2575 8.38405 34.9812 6.5 1.3 -8.5 2.25167 -11.2901 25.2335 -10 -3.73397 75.65 -21.1 -10.0634 73.2 5.81012 -10.6143 65.0357 -16 -12.225 72.14 9.56125 8.38405 55.0188 6.5 15.9732 71.5 9.73936 1 -2 10 1.73205 38 13.4 -15.6479 0 -10.2621 9.1895 33.5962 13.821 -9.79556 31.4471 -14.5 -1.06478 0.0295 -0.61475 -13.4962 56.5 -16 -9.65 72.3741 -11.25 2.675 43.98 -4.63324 -9.5 21.7 -16 -10 53.7458 -14.5 14.75 71.5 9.71668 -8.53885 71.5 -8.53885 -10 51.2 16 -8.33253 -3.9 8.33253 -11.25 72.575 12.1 -12 71.2 -14 6.7091 56.9 16 -16 71.5 -5.34247 11.6643 71.5 3.12544 -10.275 72.14 9.56125 10.8105 33.5962 13.821 -15.7 71.5 -10.2575 -1 -2 10 2 55 16 1.38468 43.98 5.1677 -8.26795 54 14.2 -1.3 -8.5 2.25167 13.523 0.3 3.62347 -15.6479 71.5 -10.2621 1.06478 0.0295 -0.61475 -14.4402 0 -10.2746 -9.56125 71.2 12.225 1.89151 43.98 1.89151 -11.25 72.3741 -9.65 4.6 34.75 -21.6 -13.5 55 14.2 2.19996 -6 -8.21037 -7.70993 25.2335 -10 -10.8253 -1.65981 6.25 10 34.75 -15 0 0 -8.5 1.04095e-15 -1.20514e-32 8.5 -15.85 0 -10.2977 9.12168 71.2 9.12168 -11.75 51.9689 14.2 -11.621 35 6.5 -3.67394e-16 39 13.4 -1.73205 56 16 -0.388229 0.3 -1.44889 -11.9775 -4.96699 3.20936 -12 55 14.2 2.51141 -8.5 0.67293 -11.4038 35.8105 13.821 1.77636e-15 -2.9 11.784 5.89199 -2.9 10.2052 11.874 -6 -3.18162 -14.4402 71.5 -10.2746 0.388229 0.3 -1.44889 -11.75 58.0311 14.2 12.1244 0 7 -12.1244 0 -7 -2.675 14.7 4.9139e-16 11.25 72.14 -13.2 7.56604 73.2 7.56604 -8.76812 -5.6 8.76812 -15.85 71.5 -10.2977 5.1677 43.98 -1.38468 9.79556 31.4471 -16 6.2 -5.6 -10.7387 6.96891 56.75 15.7 -8.34088 0 -13.5276 6.2 55 16 15.1294 71.5 9.66673 12.0741 -1.65981 3.23524 -9.8995 0.3 9.8995 -8.379 35 6.50658 2.19996 -6 8.21037 6.325 0.259808 10.9552 -11.3824 -2.9 -3.04992 -10 38.5 15.7 12.1129 0.15 -3.24564 3.73397 75.65 -21.1 -11.25 72.575 10.4 -8.59617 35.8105 13.821 0 -8.5 -2.6 -11 36.7321 14.2 -12.3639 0.3 3.31288 -2.19996 -6 -8.21037 -8.25 51.9689 14.2 1.73205 56 16 -9.12168 71.2 -9.12168 -8.38806 35 6.49477 15 71.5 9.64969 3.88578e-16 -8.1 3 13.2909 56.9 16 -3.73397 34.75 -20.1 4.63324 48.26 -2.675 -10.8105 53.5962 6.5 9.5 75.65 -14.5 -8 55 14.2 -8.25 58.0311 14.2 -11.49 72.6742 -10.8343 -12.1 72.5578 -11.01 9.56125 71.2 -12.225 -11.01 72.6742 -10.8343 -3.78302 48.26 3.78302 -9 36.7321 14.2 -2.51141 -8.5 0.67293 -11.3 54.3038 -14.5 -14 0.3 -1.71451e-15 -11.874 -6 3.18162 -8.32667e-17 0.3 -1.5 -6.5 55 14.2 5.55291 27.2044 -16 -9.1895 53.5962 6.5 16 71.5 9.63935 -2.22045e-16 -5.6 -12.4 1.33227e-15 -3.9 11.784 5.89199 -3.9 10.2052 10 71.5 -15 -11.7321 56 14.2 12.5 -1.65981 2.22045e-16 -10.5335 22.4099 -15.567 -12.5426 63.7426 -16 12 71.2 14 3.62347 0 13.523 -3.62347 0 -13.523 12.5402 0.15 7.77156e-16 -12.8 0.3 -1.11022e-15 -10.4 72.5578 -11.01 2.675 14.7 -1.63797e-16 -11.9 51.7091 16 -15.5 71.5 15.866 -2.19996 -6 8.21037 -12.4 -4.96699 3.10862e-15 9.1895 56.4038 13.821 -3.55271e-15 57 16 10.275 72.14 12.9387 6.7091 53.1 16 13.0311 56.75 15.7 -13 71.2 13.7321 1.33227e-15 73.2 10.7 -8.4665 22.4099 -15.567 12.9387 71.2 -12.225 -5.55291 27.2044 -14.5 -4.6 75.65 -19.6 -11.3824 -3.9 -3.04992 -1 38.7321 16 -8.73481 0 -13.597 10.8105 56.4038 13.821 10 38.5 14.2 12.1129 0.15 3.24564 1.29904 -8.5 0.75 -14.55 0 -10.3844 -16 71.5 12.5606 -10.6143 65.0357 -14.5 -8.26795 56 14.2 13.8 55 16 -14.7 0 -5.4754 -14 71.5 -12 -11.9 38.2909 16 16 0 -15 -16 0 15 12.225 72.14 12.9387 -13.4962 56.5 -14.5 -14.7521 0 -5.47996 -15.9598 0 -10.4075 -15.9598 0 -5.49247 -7.23038 -2.5 -13.7234 -9.5 26.267 -10 -11.4038 34.1895 13.821 -12.3639 0.3 -3.31288 1 38.7321 16 10 53 14.2 -10.0634 73.2 -5.81012 -8.1 51.7091 16 11.01 72.5578 12.1 12.0741 -1.65981 -3.23524 11.49 72.5578 12.1 0.67293 -8.5 -2.51141 -15 71.5 12.5503 -10.8601 0.15 6.2701 10 36.621 6.5 -8.26962 -2.5 -13.7234 -8.9449 0.259808 -8.9449 3.73397 34.75 -20.1 -8.5 -6 2.88658e-15 -14.55 71.5 -10.3844 -10 33.379 6.5 -1.29904 -8.5 0.75 -0.869388 0.0295 0.869388 -10.4579 71.5 6.03788 -9 -6 2.66454e-15 -14.7 71.5 -5.4754 9.3 72.14 11.25 14.5 0 12.0503 16 71.5 -15 -5.89199 -2.9 10.2052 0.866025 -2 -9.5 14.4 0 -10.1246 -12.05 72.3741 9.86436 -14.7521 71.5 -5.47996 -12.9387 72.14 -10.275 -15.9598 71.5 -10.4075 -15.9598 71.5 -5.49247 -13.5 55 15.7 -14.7521 0 -10.42 -0.67293 -8.5 -2.51141 -14.3 59.5 -16 3.78302 48.26 3.78302 -15.1294 71.5 12.5333 -14.7 0 -10.4246 -8.59617 34.1895 13.821 11.25 72.3741 -12.85 -11.9775 -4.96699 -3.20936 0.869388 0.0295 0.869388 -8.1 38.2909 16 3.62347 0 -13.523 -3.62347 0 13.523 -10 57 14.2 -11.75 51.9689 15.7 -0.866025 -2 -9.5 8.53885 71.5 -8.53885 -10.45 72.3741 9.86436 -14.55 0 -5.5156 -11 -6 3.10862e-15 -6.2 -5.6 -10.7387 14.4 71.5 -10.1246 1.2295 -8.2295 8.32667e-16 -2.12132 2.45592e-17 -2.12132 2.12132 -2.45592e-17 2.12132 8.26795 54 14.2 10.7 14.7 -6.55186e-16 13.2909 53.1 16 -12.1 72.14 11.01 -11.75 58.0311 15.7 -14.5 0 10.1497 -14.7521 71.5 -10.42 2.59808 -8.1 1.5 11.0851 0.3 -6.4 -12.2928 -6 3.10862e-15 -11.49 72.14 11.01 -14.7 71.5 -10.4246 9.65 72.3741 -11.25 9.79556 31.4471 -14.5 -3.33877 71.2 -12.4604 10.0634 73.2 5.81012 -11.01 72.14 11.01 -9.56125 72.14 -10.275 13.2 72.14 11.25 6.66134e-16 48.26 5.35 11.253 -3.4 3.01524 -14.55 71.5 -5.5156 -9.8995 0.3 -9.8995 -8.21037 9.50541e-17 -2.19996 8.21037 -9.50541e-17 2.19996 -10.4 72.14 11.01 -14 71.2 12 -5.35 43.98 9.99201e-16 13.523 0 -3.62347 -13.523 0 3.62347 -3.27406 0.259808 -12.219 10 51.2 16 -13.0311 36.75 14.2 11.01 72.5578 10.4 -1.2295 -8.2295 1.33227e-15 -8.25 51.9689 15.7 11.49 72.5578 10.4 9.56125 71.2 12.225 4.6 75.65 -19.6 -0.562917 75.65 -16.375 -1.5 0.3 2.498e-16 -5.89199 -3.9 10.2052 11.7321 54 14.2 10.275 72.14 9.56125 -8.25 58.0311 15.7 0 73.2 -10.7 -14.75 71.5 12.4833 6.5 55 14.2 12.85 72.3741 -11.25 0.562917 75.65 -16.375 2.12132 -2.45592e-17 -2.12132 -2.12132 2.45592e-17 2.12132 1 -6 10 10.866 -2 0.5 -12.05 72.3741 -9.86436 -2.675 43.98 4.9139e-16 8.379 35 6.50658 -11.25 71.2 -9.3 -15.9732 71.5 12.4606 11.25 72.575 12.1 10.7387 -4.96699 -6.2 -6.5 55 15.7 5.55291 27.2044 -14.5 6.2 -5.6 10.7387 8.25 51.9689 14.2 12.225 72.14 9.56125 8 55 14.2 -12.5426 63.7426 -14.5 -13 71.5 -13.7321 -2.59808 -8.1 1.5 8.59617 35.8105 13.821 8.38806 35 6.49477 -10.45 72.3741 -9.86436 9.13398 -2 0.5 1.5 0.3 7.49401e-16 8.25 58.0311 14.2 12.9387 71.2 12.225 -1 -6 10 11.25 72.3741 -9.65 12 71.2 -14 -15.85 0 -5.60228 -0.65 70.65 -16.7 -8.26962 0 -13.7234 -0.869388 0.0295 -0.869388 5.825 -3.4 -10.0892 9.12168 71.2 -9.12168 0.67293 -8.5 2.51141 -11.6657 72.6742 -11.01 3.33877 71.2 -12.4604 9.8995 0.3 9.8995 -4.1 75.65 -19.734 -1 33.2679 13.4 -12.5426 55.2574 -16 0.65 70.65 -16.7 -11.25 72.14 9.3 -7.23038 0 -13.7234 10 38.5 15.7 -6.96891 36.75 14.2 -10.8343 72.6742 -11.01 1.29904 -8.5 -0.75 11.4038 35.8105 13.821 11.621 35 6.5 -9.5 22.133 -15.567 9 36.7321 14.2 3.27406 0.259808 -12.219 11.75 51.9689 14.2 -0.67293 -8.5 2.51141 -15.85 71.5 -5.60228 0.869388 0.0295 -0.869388 -11.0851 0.3 6.4 -10 38.8 16 9.1895 53.5962 6.5 15 71.5 16 12 55 14.2 -8.83883 -8.88178e-16 -8.83883 8.83883 -4.44089e-15 8.83883 11.75 58.0311 14.2 -11.874 -6 -3.18162 1 33.2679 13.4 -8.73481 -2.5 -13.597 2.675 43.98 -1.63797e-16 -8.9449 0.259808 8.9449 10.2052 -2.9 -5.89199 -7.56604 73.2 -7.56604 -14.4402 0 -5.6254 -15.6479 0 -5.63792 -16 0 -10.5575 -9.5 26.7 -16 -12.1244 0 7 12.1244 0 -7 11 36.7321 14.2 -10.5335 25.9901 -10 -15.7 0 -5.64247 11.25 72.575 10.4 -1.29904 -8.5 -0.75 13.5 55 14.2 10.8105 53.5962 6.5 -3.23524 0 -12.0741 3.23524 -1.77636e-15 12.0741 -13.2909 36.9 16 8.26795 56 14.2 -12.9387 71.2 10.275 -11.49 72.14 -10.4 -14.3 59.5 -14.5 -12.0741 -1.65981 3.23524 -15.9 71.5 12.3874 0 -2 -11 15.7 0 -10.2575 -11.01 72.14 -10.4 8.1 51.7091 16 7 0 12.1244 -7 0 -12.1244 16 0 -5.34247 5.35 43.98 -2.22045e-16 11.01 72.6742 -10.8343 15.6479 0 -10.2621 -14.4402 71.5 -5.6254 14.4402 0 -10.2746 -15.6479 71.5 -5.63792 10.4 72.5578 -11.01 -1.89151 14.7 -1.89151 -6.03788 71.5 -10.4579 -16 71.5 -10.5575 -8.4665 25.9901 -10 -8.38405 35.0188 6.5 -15.7 71.5 -5.64247 11.49 72.6742 -10.8343 -15.866 0 -15.5 15.866 0 15.5 12.3639 0.3 3.31288 2.66454e-15 -5.6 12.4 -11.4038 55.8105 6.5 3 -8.1 8.32667e-16 -2.675 48.26 -4.63324 -15.7482 71.5 12.3675 3.01524 -3.4 11.253 12.1 72.5578 -11.01 -5.1677 48.26 -1.38468 15.7 71.5 -10.2575 8.9449 0.259808 -8.9449 16 71.5 -5.34247 15.6479 71.5 -10.2621 2.51141 -8.5 -0.67293 -15.8 71.5 12.3606 14.4402 71.5 -10.2746 -9.56125 71.2 10.275 11.7321 56 14.2 8.1 38.2909 16 -10 56.621 13.821 -13.0311 53.25 14.2 -15.866 71.5 -15.5 8.59617 34.1895 13.821 10.2052 -3.9 -5.89199 4.1 75.65 -19.734 -3.27406 0.259808 12.219 -13.0311 36.75 15.7 11.9 51.7091 16 -13.4962 62.5 -16 -13.8 35 16 10.0634 73.2 -5.81012 15.85 0 -10.2977 -8.34088 -2.5 -13.5276 1.89151 14.7 -1.89151 -12.5 -1.65981 3.55271e-15 -8.59617 55.8105 6.5 8.88178e-16 71.5 -12.0758 3.18408e-16 -8.5 2.6 10 33.379 6.5 -2.31662 14.7 1.3375 -4.1 75.65 -21.466 12.8 0.3 2.22045e-16 -6.2 -5.6 10.7387 3.23524 -8.88178e-16 -12.0741 -3.23524 -2.22045e-15 12.0741 6.5 55 15.7 -6.7091 36.9 16 -11.49 72.14 -12.1 8.76812 -5.6 -8.76812 10.4579 71.5 6.03788 -8.21037 9.50541e-17 2.19996 8.21037 -9.50541e-17 -2.19996 -1.38468 48.26 5.1677 -11.01 72.14 -12.1 10.6459 -6 -6.14641 -8.88178e-15 33 16 10.8601 0.15 6.2701 2.498e-16 0.3 1.5 11.4038 34.1895 13.821 -12 71.5 14 15.85 71.5 -10.2977 14 0.3 0 -5.35 73.2 -9.26647 -5.825 -3.4 -10.0892 11.9 38.2909 16 10 57 14.2 8.25 51.9689 15.7 1.33227e-15 -6 8.5 10 -2 -1 -10.3354 73.2 -2.76936 2.675 48.26 -4.63324 13 71.2 13.7321 -3 -8.1 1.66533e-15 -2.51141 -8.5 -0.67293 -11.2901 23.1665 -15.567 -11.25 72.3741 9.65 -10 75.65 -15 8.25 58.0311 15.7 10.45 72.3741 9.86436 -12.0741 -1.65981 -3.23524 9.56125 72.14 -10.275 -3.01524 -3.4 11.253 0.866025 -6 -9.5 12.3639 0.3 -3.31288 -2.22045e-16 -3.4 -11.65 1.38468 48.26 5.1677 -10.8105 36.4038 13.821 -6.96891 53.25 14.2 9.8995 0.3 -9.8995 2.31662 14.7 1.3375 12.05 72.3741 9.86436 -12.5426 55.2574 -14.5 1.3 -8.5 -2.25167 -13.2909 33.1 16 -6.96891 36.75 15.7 -12.85 72.3741 11.25 -14.567 71.5 12.3003 6.96891 36.75 14.2 -0.866025 -6 -9.5 14.567 0 12.3003 -1.06478 0.0295 0.61475 -1.73205 34 16 3.27406 0.259808 12.219 10.4 72.14 11.01 11.75 51.9689 15.7 -12.1 72.575 -11.25 -9.1895 36.4038 13.821 11.01 72.14 11.01 14 71.5 -12 -0.388229 0.3 1.44889 15.5 71.5 15.866 -7.70993 23.1665 -15.567 -9.26647 14.7 -5.35 11.75 58.0311 15.7 10.8253 -1.65981 -6.25 11.49 72.14 11.01 12.9387 72.14 -10.275 -11.621 55 13.821 14.55 0 -10.3844 -6.2 35 16 -11.4038 54.1895 6.5 -11.253 -3.4 3.01524 0.388229 0.3 1.44889 12.1 72.14 11.01 -10.4 72.575 -11.25 -9.13398 -2 0.5 14.7 0 -5.4754 1.06478 0.0295 0.61475 -11.49 72.7086 -11.01 -10 33 14.2 -1.3 -8.5 -2.25167 5.1677 48.26 -1.38468 6.03788 71.5 -10.4579 13.5 55 15.7 14.7521 0 -5.47996 -11.01 72.7086 -11.01 0.5 -2 -10.866 -6.75 -2.5 -13.4234 -11.3 64.6962 -16 4.1 75.65 -21.466 -9.65 72.3741 11.25 -14.4 0 -5.7754 7.56604 73.2 -7.56604 -7.15 -2.5 -13.4234 3.18162 -6 11.874 -13.523 0.3 -3.62347 1.06066 -8.5 1.06066 1.73205 34 16 14.55 71.5 -10.3844 -0.5 -2 -10.866 8.23779 -3.4 -8.23779 -10.866 -2 0.5 -10.7387 -4.96699 -6.2 7 0 -12.1244 -7 0 12.1244 -14.5 0 12.0503 -8.59617 54.1895 6.5 16 71.5 12.5606 15 71.5 12.5503 14.7 71.5 -5.4754 -8.61602 0 -13.9234 -1 53.2679 16 10.45 72.3741 -9.86436 -0.61475 0.0295 -1.06478 -8.379 55 13.821 11.25 71.2 -9.3 15.8 0 12.3606 -2.76936 73.2 10.3354 14.7521 71.5 -5.47996 11.65 -3.4 1.11022e-15 8.83883 -1.33227e-15 -8.83883 -8.83883 -3.10862e-15 8.83883 -5.1677 43.98 1.38468 15.9598 0 -10.4075 15.9598 0 -5.49247 10.866 -6 0.5 14.7521 0 -10.42 -11.25 72.3741 12.85 -14.4 71.5 -5.7754 -11.6651 22.95 -16 -9.26647 73.2 5.35 3.20936 -4.96699 11.9775 14.7 0 -10.4246 15.7482 0 12.3675 8.9449 0.259808 8.9449 -1.06066 -8.5 1.06066 -2 35 16 2.59808 -8.1 -1.5 0.61475 0.0295 -1.06478 13.0311 36.75 14.2 14.55 0 -5.5156 -6.88397 0 -13.9234 -2.89778 3.35485e-17 -0.776457 2.89778 -3.35485e-17 0.776457 15.1294 71.5 12.5333 -15.866 71.5 15.5 12.05 72.3741 -9.86436 -11.7321 34 14.2 -6.7091 33.1 16 1 53.2679 16 -12.9387 72.14 -12.225 8.76812 -4.96699 8.76812 10 38.8 16 -13.0311 53.25 15.7 9.13398 -6 0.5 -8.05 0 -13.943 5.35 73.2 -9.26647 8.69234 -6 8.69234 15.9598 71.5 -10.4075 -10.3354 14.7 2.76936 15.9598 71.5 -5.49247 8.38405 35.0188 6.5 14.7521 71.5 -10.42 15.9 0 12.3874 -12.225 71.2 -9.56125 14 71.2 12 -7.45 0 -13.943 -1 56.7321 13.4 -13.4962 62.5 -14.5 10.8343 72.6742 -11.01 -4.6 75.65 -21.6 14.7 71.5 -10.4246 3.20936 -5.6 -11.9775 -4.25 4.92036e-17 -7.36122 4.25 -4.92036e-17 7.36122 -10.2052 -2.9 -5.89199 11.25 72.14 9.3 14.55 71.5 -5.5156 -1.89151 43.98 -1.89151 11.6657 72.6742 -11.01 -10 31.2 16 -1.38468 43.98 -5.1677 11.0851 0.3 6.4 6.7091 36.9 16 0.866025 -2 10.5 13 71.5 -13.7321 1.18761 -8.2295 0.318218 -10 53.7458 -15 -10.275 71.2 -9.56125 -10 55 5.56412 1 56.7321 13.4 2 35 16 -3.18162 -6 11.874 10.5 -2 -0.866025 -7.33494 22.95 -16 -8.26795 34 14.2 -9.56125 72.14 -12.225 -13.5 35 14.2 -10 65.9583 -16 -11.567 24.2 -15.567 2.76936 73.2 10.3354 -2.675 43.98 4.63324 -6.45 71.2 -11.1717 -11 53.2679 14.2 9.5 -2 -0.866025 -0.866025 -2 10.5 14.75 71.5 12.4833 -2.59808 -8.1 -1.5 -12 71.5 -14 8.59617 55.8105 6.5 -6.2701 0.15 10.8601 -11.49 72.6742 11.6657 -11.75 31.9689 14.2 1.38468 43.98 -5.1677 -13.2 71.2 -11.25 -14.0956 57.9471 -16 -12.1 72.5578 11.49 9.56125 71.2 10.275 -12 35 14.2 -1.18761 -8.2295 0.318218 -3.20936 -4.96699 11.9775 11.01 72.14 -10.4 -11.01 72.6742 11.6657 -2.89778 3.35485e-17 0.776457 2.89778 -3.35485e-17 -0.776457 1.89151 43.98 -1.89151 0.5 -2 -9.13398 11.49 72.14 -10.4 -11.75 38.0311 14.2 -9 53.2679 14.2 -2.31662 43.98 1.3375 10 56.621 13.821 -6.96891 53.25 15.7 -4.44089e-16 -6 -11 8.23779 -3.4 8.23779 6.96891 53.25 14.2 -1.11022e-15 0.3 12.8 -0.5 -2 -9.13398 -0.65 75.65 -16.7 -8.76812 -5.6 -8.76812 -10 53.379 13.821 -10.4 72.5578 11.49 1.55431e-15 0.15 12.5402 6.96891 36.75 15.7 6.2 35 16 -10.2052 -3.9 -5.89199 8.21037 -6 2.19996 11.4038 55.8105 6.5 -6.325 0.259808 -10.9552 -6.4 0.3 11.0851 6.01041 -6 -6.01041 15.9732 71.5 12.4606 -3.20936 -5.6 -11.9775 0.65 75.65 -16.7 -7.433 24.2 -15.567 15.9732 0 12.4606 -2.76936 14.7 -10.3354 -12.1244 0.3 -7 -8.34088 -2.5 -13.3192 -8.25 31.9689 14.2 12.9387 71.2 10.275 -7.75 0 -14.0234 5.1677 43.98 1.38468 -9.3 71.2 -11.25 13.2909 36.9 16 -0.75 0.3 1.29904 -8.86726 0.15 -8.86726 -10.8105 33.5962 6.5 2.675 43.98 4.63324 -8 35 14.2 -12.1 72.5578 -11.49 10.7387 -5.6 6.2 15.85 0 -5.60228 -8.25 38.0311 14.2 -4.25 4.92036e-17 7.36122 4.25 -4.92036e-17 -7.36122 -11.3 64.6962 -14.5 -10 -2 -1 4.6 75.65 -21.6 14.4402 0 -5.6254 -0.562917 70.65 -17.025 0.75 0.3 1.29904 -3.6 34.75 -20.6 -2 37 16 -0.318218 0.0295 -1.18761 -6.5 35 14.2 -5.35 48.26 9.99201e-16 2.31662 43.98 1.3375 -9.1895 33.5962 6.5 -10.6459 -6 -6.14641 -12.225 71.2 -12.9387 -10.4 72.5578 -11.49 10 75.65 -15 10.3354 73.2 -2.76936 -11.7321 36 14.2 0.318218 0.0295 -1.18761 -5.35 14.7 9.26647 0.562917 70.65 -17.025 11.01 72.14 -12.1 -3.24564 0.15 -12.1129 14.75 0 12.4833 15.85 71.5 -5.60228 11.49 72.14 -12.1 -11.9 31.7091 16 9.1895 36.4038 13.821 13.0311 53.25 14.2 10.5 -2 0.866025 14.4402 71.5 -5.6254 -7.75 0 -12.4234 -12.9387 72.14 12.225 10.2052 -2.9 5.89199 15.6479 0 -5.63792 -10.275 71.2 -12.9387 5.55112e-17 -8.2295 -1.2295 -1.44889 0.3 -0.388229 9.26647 14.7 -5.35 6.7091 33.1 16 13.0311 36.75 15.7 10 -6 -1 15.7 0 -5.64247 -11.2243 73.2 -3.00754 9.5 -2 0.866025 11.25 72.3741 9.65 16 0 -10.5575 -8.23779 -3.4 -8.23779 2.76936 14.7 -10.3354 12 71.5 14 -4.3 34.75 -19 -3.62347 0.3 -13.523 10.8105 36.4038 13.821 1.33227e-15 0 -14 1.26565e-14 0 14 2 37 16 -8.26795 36 14.2 8.379 55 13.821 -7.36122 8.52231e-17 -4.25 7.36122 -8.52231e-17 4.25 13.8 35 16 8.59617 54.1895 6.5 15.9 71.5 12.3874 15.6479 71.5 -5.63792 2.77556e-17 0.0295 -1.2295 -7.56604 14.7 7.56604 -13 71.5 13.7321 1.44889 -8.5 -0.388229 15.7 71.5 -5.64247 -13.7321 71.2 -13 5.55112e-17 -8.1 -3 -8.73481 -2.5 -13.2497 10 33 14.2 9.65 72.3741 11.25 -3.73397 75.65 -20.1 -8.1 31.7091 16 16 71.5 -10.5575 -9.56125 72.14 12.225 1.44889 0.3 -0.388229 15.866 0 -15.5 -15.866 0 15.5 15.1294 0 12.5333 10.4 72.575 -11.25 -10.8253 -1.65981 -6.25 -1.73205 38 16 6.45 71.2 -11.1717 15.7482 71.5 12.3675 0.318218 -8.2295 -1.18761 -11.2901 25.2335 -15.567 6.12323e-16 -2 9 9.26647 73.2 5.35 6.2701 0.15 10.8601 -13.5 35 15.7 -4.45 34.75 -19.0402 15.8 71.5 12.3606 -0.318218 -8.2295 -1.18761 -10 65.9583 -14.5 -8.76812 -4.96699 8.76812 11.4038 54.1895 6.5 3.6 34.75 -20.6 12.1 72.575 -11.25 3.24564 0.15 -12.1129 6.2 -4.96699 -10.7387 15 0 12.5503 16 0 12.5606 11.621 55 13.821 -6.25 -1.33227e-15 -10.8253 6.25 -4.44089e-16 10.8253 -8.69234 -6 8.69234 11.01 72.7086 -11.01 -14.5 71.5 12.0503 -1.44889 -8.5 -0.388229 15.866 71.5 -15.5 10.2052 -3.9 5.89199 -11.1717 71.2 -6.45 -9.13398 -6 0.5 7.36122 -6 -4.25 11.49 72.7086 -11.01 -10 37 14.2 -11.75 31.9689 15.7 -14.0956 57.9471 -14.5 12.85 72.3741 11.25 0.5 -6 -10.866 -12.05 72.3741 12.6356 -2.22045e-16 71.2 -12.9 -1.5 1.7366e-17 -2.59808 1.5 -1.7366e-17 2.59808 1.22465e-16 -2 -9 -11.25 71.2 13.2 1.38778e-17 0.259808 -12.65 2.25167 -8.5 1.3 8.26795 34 14.2 13.2909 33.1 16 -6.01041 -6 -6.01041 -11.75 38.0311 15.7 1.73205 38 16 -0.5 -6 -10.866 6.96891 53.25 15.7 -10.866 -6 0.5 6.325 0.259808 -10.9552 -10 51.5 14.2 -10.8105 56.4038 6.5 6.4 0.3 11.0851 3.27593e-16 14.7 2.675 -7.70993 25.2335 -15.567 -10.45 72.3741 12.6356 3.62347 0.3 -13.523 0.75 -8.5 1.29904 11.25 72.3741 12.85 -12.4604 71.2 3.33877 5.35 48.26 -2.22045e-16 -15.5 0 -15.866 15.5 0 15.866 10.3354 14.7 2.76936 -11.65 -3.4 3.77476e-15 0 43.98 -5.35 10 31.2 16 0 -4.96699 -12.4 -9.1895 56.4038 6.5 5.35 14.7 9.26647 -6.03788 71.5 10.4579 -8.25 31.9689 15.7 4.3 34.75 -19 -11.6657 72.6742 11.49 1.5 -1.7366e-17 -2.59808 -1.5 1.7366e-17 2.59808 14.567 71.5 12.3003 -5.81012 73.2 10.0634 9.56125 72.14 -12.225 -0.75 -8.5 1.29904 -14.567 0 12.3003 -8.23779 -3.4 8.23779 10 55 5.56412 -1.18761 0.0295 0.318218 -9.5 -2 -0.866025 -10.8343 72.6742 11.49 11.7321 34 14.2 3.73397 75.65 -20.1 -8.25 38.0311 15.7 10.275 71.2 -9.56125 -15.5 71.5 -15.866 6.5 35 14.2 -8.21037 -6 2.19996 -14 71.5 12 13.523 0.3 -3.62347 9 53.2679 14.2 -8.88178e-15 39 16 -3.00754 73.2 -11.2243 -10.5 -2 -0.866025 -10.75 22.0349 -16 -2.25167 -8.5 1.3 -6.5 35 15.7 11.253 -3.4 -3.01524 8.25 31.9689 14.2 0.776457 -8.1 -2.89778 -3.78302 43.98 -3.78302 8 35 14.2 14.4 0 -5.7754 12.225 71.2 -9.56125 1.18761 0.0295 0.318218 -8.25 0 -12.5574 0.866025 -6 10.5 12.9387 72.14 -12.225 8.25 38.0311 14.2 11 53.2679 14.2 10.5 -6 -0.866025 13.0311 53.25 15.7 10 -2 1 4.45 34.75 -19.0402 -7.25 0 -12.5574 -10.5 65.0923 -16 -11.6657 72.6742 -11.49 -11.49 72.14 12.1 -0.776457 -8.1 -2.89778 -8.25 22.0349 -16 10 53.379 13.821 8.86726 0.15 -8.86726 -7.23038 -2.5 -13.1234 -1.3375 14.7 -2.31662 -2.58385 14.7 -0.692341 -11.01 72.14 12.1 -12.9 71.2 1.24345e-14 9.5 -6 -0.866025 -0.866025 -6 10.5 -10.8343 72.6742 -11.49 11.01 72.6742 11.6657 9.3 71.2 -11.25 14.4 71.5 -5.7754 10.4 72.5578 11.49 -8.26962 -2.5 -13.1234 11.49 72.6742 11.6657 -1.33227e-15 -1.77636e-15 -12.5 2.44249e-15 -3.55271e-15 12.5 1.55431e-15 -3.4 11.65 -6.01041 6.95844e-17 -6.01041 6.01041 -6.95844e-17 6.01041 12 71.5 -14 -4.55981 34.75 -19.15 11.75 31.9689 14.2 3.01524 -3.4 -11.253 0.5 -6 -9.13398 -10.4579 71.5 -6.03788 0.61475 -8.2295 -1.06478 -0.692341 14.7 2.58385 9.1895 33.5962 6.5 12 35 14.2 12.1 72.5578 11.49 11.75 38.0311 14.2 1.3375 14.7 -2.31662 -7.36122 8.52231e-17 4.25 7.36122 -8.52231e-17 -4.25 -0.5 -6 -9.13398 -12.6356 72.3741 -12.05 -15.8 0 12.3606 5.825 -3.4 10.0892 0.5 -2 9.13398 3.00754 73.2 -11.2243 -0.61475 -8.2295 -1.06478 2.22045e-15 71.5 12.0758 -10 34.75 -22.5 0.692341 14.7 2.58385 -6.2 -4.96699 -10.7387 -15.7482 0 12.3675 7.56604 14.7 7.56604 6.25 -8.88178e-16 -10.8253 -6.25 -1.77636e-15 10.8253 13.5 35 14.2 10.8105 33.5962 6.5 -10.7387 -5.6 6.2 8.83883 -1.65981 8.83883 -0.5 -2 9.13398 8.26795 36 14.2 13.2 71.2 -11.25 15.866 71.5 15.5 -10.9552 0.259808 -6.325 10.4 72.5578 -11.49 -9.5 26.267 -15.567 8.1 31.7091 16 2.58385 14.7 -0.692341 3.23524 -1.65981 12.0741 0.866025 -2 -10.5 -9.86436 72.3741 -12.05 -1.06066 0.3 1.06066 -9.5 -2 0.866025 12.1244 0.3 -7 1.06478 -8.2295 0.61475 -15.9 0 12.3874 3.78302 43.98 -3.78302 -11.49 72.14 10.4 -10.2052 -2.9 5.89199 6.25 -1.65981 -10.8253 -11.01 72.14 10.4 -10 -6 -1 -7.36122 -6 -4.25 -11.4038 35.8105 6.5 10.275 71.2 -12.9387 -10.5 -2 0.866025 12.1 72.5578 -11.49 -12.6356 72.3741 -10.45 -12.4604 71.2 -3.33877 -4.63324 43.98 2.675 1.83848 -8.5 -1.83848 5.81012 73.2 10.0634 2.12132 -8.1 2.12132 -0.866025 -2 -10.5 -10 51.5 15.7 6.03788 71.5 10.4579 -7 0.3 -12.1244 -0.325 70.65 -17.2629 -3.01524 -3.4 -11.253 1.06066 0.3 1.06066 11.7321 36 14.2 -1.06478 -8.2295 0.61475 6.14641 -6 10.6459 -8.25 0 -14.2894 -10 36.621 13.821 0.325 70.65 -17.2629 -13.0311 33.25 14.2 9.56125 72.14 12.225 -15 0 -16 15 0 16 12.225 71.2 -12.9387 10.5 -6 0.866025 6.14641 -6 -10.6459 -10 34.75 -16 -4.6 34.75 -22.5 11.9 31.7091 16 4.44089e-16 -1.65981 -12.5 -7.25 0 -14.2894 6.2 -4.96699 10.7387 11.2243 73.2 -3.00754 4.25 -6 7.36122 -8.59617 35.8105 6.5 -5.1677 48.26 1.38468 -9.86436 72.3741 -10.45 0.388229 -8.5 1.44889 1.42307e-15 73.2 11.6202 9.5 -6 0.866025 11.9775 -5.6 3.20936 -11.25 72.14 -9.3 -13.7321 71.2 13 1.22465e-16 53 13.4 -0.388229 -8.5 1.44889 1.31037e-15 14.7 10.7 -12.1 72.575 11.25 6.5 35 15.7 4.55981 34.75 -19.15 -15 71.5 -16 -1.83848 -8.5 -1.83848 -8.86726 0.15 8.86726 -4 27 -16 -11.25 71.2 -13.2 4.25 -6 -7.36122 -2.12132 -8.1 2.12132 3.27593e-16 43.98 2.675 12.9387 72.14 12.225 10 37 14.2 8.25 31.9689 15.7 -10.2052 -3.9 5.89199 -3.23524 -1.65981 12.0741 -0.562917 75.65 -17.025 -10.4 72.575 11.25 -11.1717 71.2 6.45 10.866 -2 -0.5 -11.49 72.7086 11.49 0.5 -2 10.866 8.25 38.0311 15.7 -11.01 72.7086 11.49 -1.38468 48.26 -5.1677 -11.6202 73.2 2.1346e-15 -15.9732 0 12.4606 1.33227e-15 -6 9 0.562917 75.65 -17.025 10 51.5 14.2 -10.5 65.0923 -14.5 -6.01041 6.95844e-17 6.01041 6.01041 -6.95844e-17 -6.01041 9.1895 56.4038 6.5 -0.5 -2 10.866 11.1717 71.2 -6.45 -10.7 73.2 1.9984e-15 -4.44089e-16 -6 -12.2928 -8.21675 73.2 8.21675 -1.73205 54 13.4 -14.75 0 12.4833 9.13398 -2 -0.5 -6.96891 33.25 14.2 13 71.5 13.7321 -2.675 48.26 4.63324 -5.825 -3.4 10.0892 10.45 72.3741 12.6356 1.55431e-15 -6 12.2928 1.83697e-16 -8.5 1.5 11.25 71.2 13.2 10.8105 56.4038 6.5 11.75 31.9689 15.7 0 -6 -9 -10 71.5 -16 1.38468 48.26 -5.1677 12.4 -5.6 4.44089e-16 13.7321 71.2 -13 4.63324 43.98 2.675 -12.1 72.14 -11.01 11.75 38.0311 15.7 -4.6 34.75 -19.3 0 70.65 -17.35 12.05 72.3741 12.6356 -11.621 35 13.821 -11.4038 34.1895 6.5 -11.49 72.7086 -11.49 -12.9387 72.14 10.275 -11.49 72.14 -11.01 -11.01 72.7086 -11.49 -11.01 72.14 -11.01 -11.49 72.6742 -11.6657 1.66533e-15 -4.96699 12.4 -4.25 -6 7.36122 1.73205 54 13.4 -14.5 71.5 10.1497 13.5 35 15.7 -9.05097 0.3 9.05097 -12.225 71.2 12.9387 -11.01 72.6742 -11.6657 -1.3375 43.98 -2.31662 10.8343 72.6742 11.49 -10.4 72.14 -11.01 4.6 34.75 -22.5 -2.58385 43.98 -0.692341 -7 27.8038 -16 5.89199 -2.9 -10.2052 11.6657 72.6742 11.49 -6.25 -1.65981 -10.8253 -8.21675 73.2 -8.21675 4 27 -16 -9.5 -6 -0.866025 12.4604 71.2 3.33877 -8.59617 34.1895 6.5 -10 -2 1 -15.1294 0 12.5333 -6.88397 -2.5 -12.9234 -3.24564 0.15 12.1129 -1 33.2679 16 -2 55 13.4 5.1677 48.26 1.38468 -10.275 71.2 12.9387 -12 24.2 -16 -8.379 35 13.821 -4.25 -6 -7.36122 -3.31288 0.3 12.3639 -0.692341 43.98 2.58385 2.675 48.26 4.63324 -10.5335 25.9901 -15.567 -6.2701 0.15 -10.8601 -6.14641 -6 10.6459 -10.5 -6 -0.866025 -9.56125 72.14 10.275 14.5 71.5 12.0503 0 14.7 -10.7 -11.253 -3.4 -3.01524 1.3375 43.98 -2.31662 -10.8253 -1.77636e-15 -6.25 10.8253 -2.22045e-15 6.25 -10.8105 53.5962 13.821 -8.53885 71.5 8.53885 -6.14641 -6 -10.6459 -15 0 12.5503 -8.61602 -2.5 -12.9234 0.869388 -8.2295 -0.869388 -6.2 -4.96699 10.7387 0.692341 43.98 2.58385 7 0.3 -12.1244 1 33.2679 16 -8.83883 -1.65981 8.83883 8.76812 -4.96699 -8.76812 -13.2 71.2 11.25 -7.75 0 -14.4234 -13.0311 33.25 15.7 -7.45 -2.5 -12.9038 -8.4665 25.9901 -15.567 10.8343 72.6742 -11.49 11.01 72.14 12.1 -9.1895 53.5962 13.821 7.36122 -6 4.25 10 -6 1 -1.29904 0.3 -0.75 -16 71.5 15 11.49 72.14 12.1 -8.05 -2.5 -12.9038 10.4579 71.5 -6.03788 11.6657 72.6742 -11.49 -0.869388 -8.2295 -0.869388 -9.5 34.75 -14.5 -0.776457 8.98929e-18 -2.89778 0.776457 -8.98929e-18 2.89778 -16 0 12.5606 -9.19615 30 -16 2.58385 43.98 -0.692341 11.9775 -5.6 -3.20936 10 34.75 -22.5 -2.57176e-15 0.3 14 -8.38405 54.9812 6.5 2 55 13.4 5.89199 -3.9 -10.2052 -10 35 5.56412 0.776457 -8.98929e-18 -2.89778 -0.776457 8.98929e-18 2.89778 -7 24.2 -16 -4 27 -14.5 14 71.5 12 1.29904 0.3 -0.75 9.86436 72.3741 -12.05 -2.58385 14.7 0.692341 15.5 0 -15.866 -15.5 0 15.866 -1.73205 56 13.4 -7.75 0 -12.8234 4.6 34.75 -19.3 -9.05097 0.3 -9.05097 -9.3 71.2 11.25 -12.65 0.259808 4.08007e-15 -11 33.2679 14.2 -12.219 0.259808 -3.27406 12.9 71.2 1.11022e-15 3.24564 0.15 12.1129 -12.1 72.5578 11.01 0.5 -6 9.13398 2.6 -8.5 8.43294e-16 7.34788e-16 -2 11 3.31288 0.3 12.3639 -12.219 0.259808 3.27406 8.59617 35.8105 6.5 10.9552 0.259808 -6.325 16 0 9.63935 -7.56604 14.7 -7.56604 -0.5 -6 9.13398 10 51.5 15.7 -0.692341 14.7 -2.58385 1.5 -8.5 9.1065e-16 1.5 -8.1 -2.59808 15.5 71.5 -15.866 -9 33.2679 14.2 -12.225 71.2 9.56125 -10.4 72.5578 11.01 -1.2295 0.0295 1.97065e-15 10 36.621 13.821 -6.96891 33.25 15.7 11.3824 -2.9 3.04992 12.6356 72.3741 -12.05 6.96891 33.25 14.2 -1.3375 14.7 2.31662 11.01 72.14 10.4 -10 33.379 13.821 0.866025 -6 -10.5 8.86726 0.15 8.86726 -9.5 -6 0.866025 0.692341 14.7 -2.58385 15 0 9.64969 10 34.75 -16 11.49 72.14 10.4 9.86436 72.3741 -10.45 1.73205 56 13.4 11.4038 35.8105 6.5 -10 71.5 -14.5 -10.5 -6 0.866025 -10.275 71.2 9.56125 -9.5 71.5 -14.5 -0.866025 -6 -10.5 15.1294 0 9.66673 -1.5 -8.5 1.27804e-15 1.2295 0.0295 1.66533e-15 -1.5 -8.1 -2.59808 8.21675 73.2 8.21675 -7.75 -2.5 -12.8234 -5.89199 -2.9 -10.2052 0 0.15 -12.5402 0 -2.9 -11.784 2.58385 14.7 0.692341 1.3375 14.7 2.31662 0.869388 -8.2295 0.869388 -2.6 -8.5 1.48011e-15 12.4604 71.2 -3.33877 12.6356 72.3741 -10.45 8.21037 -6 -2.19996 -7 27.8038 -14.5 7 27.8038 -16 -9.13398 -2 -0.5 11.25 72.14 -9.3 0 48.26 -5.35 6.2701 0.15 -10.8601 4 27 -14.5 10.4 72.575 11.25 -0.869388 -8.2295 0.869388 -3.67394e-16 57 13.4 -8.05 0 -12.9038 -3.73397 34.75 -21.1 11.25 71.2 -13.2 -10 58.5 14.2 -11.9775 -5.6 3.20936 11.3824 -3.9 3.04992 3.77476e-15 71.2 12.9 -7.45 0 -12.9038 3.20936 -4.96699 -11.9775 0 0 -3 3.67394e-16 -4.25344e-33 3 -10.866 -2 -0.5 13.0311 33.25 14.2 -7.75 -2.5 -14.4234 -1 38.7321 13.4 -10.5335 22.4099 -10 11.1717 71.2 6.45 12.1 72.575 11.25 -8.61602 0 -12.9234 11.01 72.7086 11.49 -3.31288 0.3 -12.3639 -12.225 72.14 -9.56125 8.21675 73.2 -8.21675 10.7 73.2 -1.33227e-15 10.866 -6 -0.5 11.49 72.7086 11.49 -5.35 14.7 -9.26647 0.5 -6 10.866 10 71.5 -16 14.75 0 9.71668 2.89778 -8.1 0.776457 9.05097 0.3 9.05097 -3.78302 48.26 -3.78302 6.01041 -6 6.01041 -10 56.621 6.5 -10.3354 14.7 -2.76936 11.6202 73.2 -7.11535e-16 -0.325 75.65 -17.2629 1 38.7321 13.4 -5.89199 -3.9 -10.2052 -2.22045e-16 -3.9 -11.784 -6.45 71.2 11.1717 -1.29904 0.3 0.75 -8.4665 22.4099 -10 -6.88397 0 -12.9234 8.379 35 13.821 -0.5 -6 10.866 8.59617 34.1895 6.5 15.9732 0 9.73936 0.325 75.65 -17.2629 -9.19615 30 -14.5 -10.275 72.14 -9.56125 0 14.7 -2.675 -7.36122 -6 4.25 9.13398 -6 -0.5 -11.6643 71.5 -3.12544 13.7321 71.2 13 8.69234 -6 -8.69234 -11.49 72.5578 -10.4 8.53885 71.5 8.53885 8.57253e-16 0.3 -14 -11.01 72.5578 -10.4 -15 0 16 15 0 -16 8.83883 -1.65981 -8.83883 10.4 72.14 -11.01 1.29904 0.3 0.75 -3.6 75.65 -20.6 -13.2 72.14 -11.25 11.01 72.7086 -11.49 -8.76812 -4.96699 -8.76812 9.56125 72.14 10.275 11.01 72.14 -11.01 0.866025 -2 9.5 11.4038 34.1895 6.5 -13.7321 71.5 -13 -10 33 -16 8.33253 -2.9 -8.33253 11.49 72.7086 -11.49 0 73.2 -11.6202 11.621 35 13.821 11.49 72.14 -11.01 11.01 72.6742 -11.6657 -7 0.3 12.1244 8.38405 54.9812 6.5 10.275 71.2 12.9387 -11.2243 73.2 3.00754 11.49 72.6742 -11.6657 -3.20936 -4.96699 -11.9775 12.1 72.14 -11.01 15 71.5 -16 -10 65.9583 -15 9.1895 53.5962 13.821 -12.4 -5.6 3.55271e-15 3.73397 34.75 -21.1 -0.866025 -2 9.5 -3.12544 71.5 11.6643 6.25 -1.65981 10.8253 -2.89778 -8.1 0.776457 9.19615 30 -16 3.31288 0.3 -12.3639 -1 56.7321 16 6.96891 33.25 15.7 -10 31.5 14.2 10.7387 -4.96699 6.2 9.5 34.75 -14.5 -5.81012 73.2 -10.0634 -10.8105 36.4038 6.5 -4.3 75.65 -19 12.225 71.2 12.9387 -10.8253 -8.88178e-16 6.25 10.8253 4.44089e-16 -6.25 7.56604 14.7 -7.56604 10.8105 53.5962 13.821 -10 -6 1 -14.567 71.5 9.89969 0 -8.5 -1.5 12.9387 72.14 10.275 -9.3 72.14 -11.25 -11.6657 72.6742 11.01 -2.58385 43.98 0.692341 3.78302 48.26 -3.78302 -9.1895 36.4038 6.5 9.05097 0.3 -9.05097 1 56.7321 16 -11.49 72.5578 -12.1 -2.76936 14.7 10.3354 15.9 0 9.81256 -10.8343 72.6742 11.01 2.89778 -8.1 -0.776457 9.3 71.2 11.25 -11.01 72.5578 -12.1 -9.26647 14.7 5.35 -12.9387 71.2 -10.275 -11.621 55 6.5 10 35 5.56412 -4.63324 48.26 2.675 -10.75 26.3651 -16 -11.4038 55.8105 13.821 10.6459 -6 6.14641 -12.225 72.14 -12.9387 -0.692341 43.98 -2.58385 0 75.65 -17.35 -2.59808 3.00788e-17 -1.5 2.59808 -3.00788e-17 1.5 8.33253 -3.9 -8.33253 12.0741 -1.33227e-15 3.23524 -12.0741 -1.77636e-15 -3.23524 9 33.2679 14.2 10.0892 -3.4 -5.825 -4.45 75.65 -19.0402 -1.3375 43.98 2.31662 -3.00754 73.2 11.2243 3.6 75.65 -20.6 7 27.8038 -14.5 15.7482 0 9.83254 5.35 14.7 -9.26647 -4.6 34.75 -19.6 -11.25 72.575 -10.4 -12.6356 72.3741 10.45 1.06478 -8.2295 -0.61475 14.5 71.5 10.1497 0.692341 43.98 -2.58385 15.8 0 9.83935 1.83848 -8.5 1.83848 -7.25 -2.5 -14.2894 -10.275 72.14 -12.9387 -8.25 26.3651 -16 -11.9775 -5.6 -3.20936 -8.379 55 6.50658 -15.8 71.5 9.83935 0.388229 -8.5 -1.44889 -10 58.5 15.7 3.12544 71.5 11.6643 -8.59617 55.8105 13.821 11 33.2679 14.2 -11 56.7321 14.2 -10.8601 0.15 -6.2701 -9.56125 71.2 -10.275 13.0311 33.25 15.7 -6.01041 -6 6.01041 -15.7482 71.5 9.83254 -8.25 -2.5 -14.2894 -0.388229 -8.5 -1.44889 13.2 71.2 11.25 3.23524 -1.65981 -12.0741 10 33.379 13.821 -8.21037 -6 -2.19996 -8.38806 55 6.49477 2.58385 43.98 0.692341 10.4 72.5578 11.01 -1.06478 -8.2295 -0.61475 1.3375 43.98 2.31662 9.5 71.5 -14.5 6.45 71.2 11.1717 -9.86436 72.3741 10.45 2.22045e-15 -6 11 10 71.5 -14.5 -8.24264 28.7574 -16 2.76936 14.7 10.3354 -15.9 71.5 9.81256 -9 56.7321 14.2 -2.89778 -8.1 -0.776457 10.275 71.2 9.56125 11.784 -2.9 0 7.9602e-17 70.65 -16.05 12.1 72.5578 11.01 -10.9552 0.259808 6.325 -12.6356 72.3741 12.05 12.219 0.259808 -3.27406 -4.63324 43.98 -2.675 3.04992 -2.9 11.3824 2.59808 -3.00788e-17 -1.5 -2.59808 3.00788e-17 1.5 -1.83848 -8.5 1.83848 4.3 75.65 -19 -11.3824 -2.9 3.04992 12.219 0.259808 3.27406 12.65 0.259808 1.04083e-15 0.61475 -8.2295 1.06478 1.9984e-15 -1.65981 12.5 -9.5 22.133 -10 -12.0758 71.5 3.55271e-15 3.00754 73.2 11.2243 -14 71.2 -12 12.225 71.2 9.56125 -0.61475 -8.2295 1.06478 3.18162 -6 -11.874 -11.25 72.575 -12.1 10.7387 -5.6 -6.2 -9.86436 72.3741 12.05 -10 33 -14.5 10 58.5 14.2 -11.25 72.14 13.2 5.81012 73.2 -10.0634 -1.06066 0.3 -1.06066 -6.25 -1.65981 10.8253 4.63324 48.26 2.675 7 0.3 12.1244 14.567 0 9.89969 -11.9 58.2909 16 16 71.5 15 -3.23524 -1.65981 -12.0741 -11.25 71.2 9.3 4.45 75.65 -19.0402 -8.69234 -6 -8.69234 0 43.98 -2.675 -11.4038 54.1895 13.821 -8.26962 0 -13.1234 1 -2 -10 9.19615 30 -14.5 1.5 -8.1 2.59808 -9.13398 -6 -0.5 4.6 34.75 -19.6 -10.134 65.4583 -16 -10 31.5 15.7 -12.1244 0.3 7 1.06066 0.3 -1.06066 11.784 -3.9 1.33227e-15 10 56.621 6.5 -7.23038 0 -13.1234 3.04992 -3.9 11.3824 -8.83883 -1.65981 -8.83883 -8.33253 -2.9 -8.33253 -10 53.379 6.5 -7.25 -2.5 -12.5574 -3.04992 -2.9 11.3824 -11.3824 -3.9 3.04992 -4.55981 75.65 -19.15 10.3354 14.7 -2.76936 -15.9732 71.5 9.73936 -10.866 -6 -0.5 -1 -2 -10 -8.25 -2.5 -12.5574 10.275 72.14 -9.56125 -8.59617 54.1895 13.821 -8.1 58.2909 16 -1.5 -8.1 2.59808 -16 0 9.63935 -0.325 70.65 -16.1371 -15 0 9.64969 6.12323e-16 33 13.4 -10 75.65 -22.5 9.8995 0 9.8995 -9.8995 0 -9.8995 -9.26647 73.2 -5.35 -3.18162 -6 -11.874 0.325 70.65 -16.1371 12.225 72.14 -9.56125 10 33 -16 4.63324 43.98 -2.675 -1.18761 0.0295 -0.318218 -12.1 72.14 11.49 11.01 72.5578 -10.4 -4.1 34.75 -19.734 2.25167 -8.5 -1.3 -11.49 72.7086 11.01 11.6643 71.5 -3.12544 -15.1294 0 9.66673 -11.49 72.14 11.49 -14.75 71.5 9.71668 11.49 72.5578 -10.4 -3.78302 43.98 3.78302 -11.01 72.7086 11.01 -13.7321 71.5 13 -11.01 72.14 11.49 -11.49 72.6742 10.8343 -2.19996 2.54697e-17 -8.21037 2.19996 -2.54697e-17 8.21037 -13.0311 56.75 14.2 -11.01 72.6742 10.8343 9.3 72.14 -11.25 -10.4 72.14 11.49 </float_array>
          <technique_common>
            <accessor source="#_4809413_EGSC-BS-10000025_0-vertex-array" count="1948" stride="3">
              <param name="X" type="float"/>
              <param name="Y" type="float"/>
              <param name="Z" type="float"/>
            </accessor>
          </technique_common>
        </source>
        <source id="_4809413_EGSC-BS-10000025_0-normal">
          <float_array id="_4809413_EGSC-BS-10000025_0-normal-array" count="1413">-0.224014 -0.965366 0.129334 0.958209 0 0 -0.958209 0 0 0.965926 0 0 -0.965926 0 0 -0.991445 0 0 0.991445 0 0 -1 0 -1.42922e-16 1 0 0 -0.476163 0.822184 0.274913 0.476163 0.822184 0.274913 0.464964 -0.834714 0.124587 -0.464964 -0.834714 0.124587 0.182907 -0.965366 0.182907 -0.182907 -0.965366 0.182907 0 1 0 -1.15773e-17 -1 0 -0.482963 0.836516 0 0.482963 -0.836516 0 -0.745172 0.496782 0.430225 0.745172 -0.496782 -0.430225 0.129334 -0.965366 0.224014 -0.129334 -0.965366 0.224014 -0.482963 -0.836516 0 0.482963 0.836516 0 0.745172 0.496782 0.430225 -0.745172 -0.496782 -0.430225 0.719785 -0.480407 -0.415568 -0.719785 -0.480407 -0.415568 0.0669484 -0.965366 0.249855 -0.0669484 -0.965366 0.249855 0 -0.965366 0.258669 0.680072 -0.704063 0.182225 -0.680072 0.704063 -0.182225 -0.677556 0.256751 -0.677556 0.677556 -0.256751 0.677556 0 0.256751 0.958209 0 -0.256751 -0.958209 0 0.938741 0.341674 -0.680072 -0.704063 0.182225 0.680072 0.704063 -0.182225 0.394474 0.918907 0 0.677556 0.256751 -0.677556 -0.677556 -0.256751 0.677556 0.416875 -0.834714 0.240683 -0.0884317 0.938741 0.330032 0.0884317 0.938741 0.330032 -0.416875 -0.834714 0.240683 -0.248003 0.256751 0.925559 0.248003 -0.256751 -0.925559 0.248003 0.256751 0.925559 -0.248003 -0.256751 -0.925559 -0.170837 0.938741 0.295898 0.170837 0.938741 0.295898 -0.347373 0.601668 -0.694747 0.347373 -0.601668 0.694747 0.925559 0 0.248003 -0.925559 0 -0.248003 -0.2416 0.938741 0.2416 0.347373 0.601668 -0.694747 -0.347373 -0.601668 0.694747 0.2416 0.938741 0.2416 -0.957662 0 -0.256605 0.957662 0 0.256605 0.965926 0 0.258819 -0.965926 0 -0.258819 0.340377 -0.834714 0.340377 -0.340377 -0.834714 0.340377 -0.925559 0 0.248003 0.925559 0 -0.248003 -0.479105 0.256751 0.829833 0.479105 -0.256751 -0.829833 -0.957662 0 0.256605 0.957662 0 -0.256605 0.965926 0 -0.258819 -0.965926 0 0.258819 0.479105 0.256751 0.829833 -0.479105 -0.256751 -0.829833 -0.479105 0.256751 -0.829833 0.479105 -0.256751 0.829833 -0.549826 0.822184 0 -0.831132 0.496782 0.222701 0.831132 -0.496782 -0.222701 0.479105 0.256751 -0.829833 -0.479105 -0.256751 0.829833 0.609736 -0.704063 0.352031 -0.609736 0.704063 -0.352031 0.549826 0.822184 0 0.802816 -0.480407 -0.215114 -0.295898 0.938741 0.170837 0.831132 0.496782 0.222701 -0.831132 -0.496782 -0.222701 -0.609736 -0.704063 0.352031 0.609736 0.704063 -0.352031 0.295898 0.938741 0.170837 -0.802816 -0.480407 -0.215114 0.240683 -0.834714 0.416875 -0.240683 -0.834714 0.416875 0.939693 0 0.34202 -0.939693 0 -0.34202 0.939693 0 -0.34202 -0.939693 0 0.34202 0.124587 -0.834714 0.464964 -0.124587 -0.834714 0.464964 -0.248003 0.256751 -0.925559 0.248003 -0.256751 0.925559 0.248003 0.256751 -0.925559 -0.248003 -0.256751 0.925559 -0.330032 0.938741 0.0884317 0 -0.834714 0.481366 0.330032 0.938741 0.0884317 0.858616 -0.495722 0 -0.858616 0.495722 0 0 0.892898 0.404012 -0.677556 0.256751 0.677556 0.677556 -0.256751 -0.677556 0 0.256751 -0.958209 0 -0.256751 0.958209 0.501618 0.85613 0 0.677556 0.256751 0.677556 -0.677556 -0.256751 -0.677556 0.858616 0.495722 0 0.497847 -0.704063 0.497847 -0.497847 0.704063 -0.497847 -0.497847 -0.704063 0.497847 0.497847 0.704063 -0.497847 -0.202006 0.892898 0.349885 0.202006 0.892898 0.349885 0.829833 0 0.479105 -0.829833 0 -0.479105 0.836516 0 0.482963 -0.836516 0 -0.482963 -0.341674 0.938741 0 0.347373 -0.601668 -0.694747 -0.347373 0.601668 0.694747 -0.858616 0 -0.495722 0.858616 0 0.495722 -0.829833 0 0.479105 0.829833 0 -0.479105 0.341674 0.938741 0 -0.836516 0 0.482963 0.836516 0 -0.482963 -0.347373 -0.601668 -0.694747 0.347373 0.601668 0.694747 -0.858616 0 0.495722 0.858616 0 -0.495722 0.8234 0 0.524563 -0.8234 0 -0.524563 -0.860451 0.496782 0 0.860451 -0.496782 0 0.831136 -0.480407 0 0.8234 0 -0.524563 -0.8234 0 0.524563 0.860451 0.496782 0 -0.860451 -0.496782 0 -0.831136 -0.480407 0 0.352031 -0.704063 0.609736 -0.352031 0.704063 -0.609736 -0.352031 -0.704063 0.609736 0.352031 0.704063 -0.609736 -0.476163 0.822184 -0.274913 -0.330032 0.938741 -0.0884317 0.330032 0.938741 -0.0884317 0.476163 0.822184 -0.274913 -0.793353 0 -0.608761 -0.349885 0.892898 0.202006 -0.829833 0.256751 0.479105 0.829833 -0.256751 -0.479105 0.793353 0 -0.608761 0.349885 0.892898 0.202006 0.829833 0.256751 0.479105 -0.829833 -0.256751 -0.479105 0.182225 -0.704063 0.680072 -0.182225 0.704063 -0.680072 -0.182225 -0.704063 0.680072 0.182225 0.704063 -0.680072 -0.295898 0.938741 -0.170837 0 -0.704063 0.704063 0 0.704063 -0.704063 0.295898 0.938741 -0.170837 -0.495722 0.858616 0 0.495722 0.858616 0 0.677556 0 0.677556 -0.677556 0 -0.677556 -0.677556 0 0.677556 0.677556 0 -0.677556 -0.694747 0 -0.694747 0.694747 0 0.694747 0.701057 -5.77848e-17 0.701057 -0.701057 0 -0.701057 0.707107 0 0.707107 0.694747 0 -0.694747 -0.694747 0 0.694747 -0.701057 0 0.701057 0.701057 0 -0.701057 -0.707107 0 0.707107 -0.2416 0.938741 -0.2416 0.2416 0.938741 -0.2416 0.802816 -0.480407 0.215114 -0.256605 0.957662 0 -0.831132 0.496782 -0.222701 0.831132 -0.496782 0.222701 0.256605 0.957662 0 -0.802816 -0.480407 0.215114 0.831132 0.496782 -0.222701 -0.831132 -0.496782 0.222701 -0.274913 0.822184 -0.476163 -0.836516 0.482963 0 0.836516 -0.482963 0 0.274913 0.822184 -0.476163 -0.170837 0.938741 -0.295898 0.170837 0.938741 -0.295898 -0.836516 -0.482963 0 0.836516 0.482963 0 -0.404012 0.892898 0 -0.0884317 0.938741 -0.330032 0.0884317 0.938741 -0.330032 0.404012 0.892898 0 0.479105 0 0.829833 -0.479105 0 -0.829833 0 0.938741 -0.341674 -0.482963 0 -0.836516 0.482963 0 0.836516 -0.479105 0 0.829833 0.479105 0 -0.829833 -0.130526 0.991445 0 0.482963 0 -0.836516 -0.482963 0 0.836516 0.130526 0.991445 0 -0.925559 0.256751 0.248003 0.925559 -0.256751 -0.248003 0 0.822184 -0.549826 0.495572 0 0.858356 0.495722 -7.04928e-17 0.858616 -0.495722 0 -0.858616 2.48353e-09 0 0.858356 0.925559 0.256751 0.248003 -0.925559 -0.256751 -0.248003 -0.495572 0 0.858356 -0.495722 0 0.858616 0.495722 0 -0.858616 0 -0.704063 -0.704063 0 0.704063 0.704063 0.526261 -0.844749 0 0.182225 -0.704063 -0.680072 -0.182225 0.704063 0.680072 -0.182225 -0.704063 -0.680072 0.182225 0.704063 0.680072 0.248003 0 0.925559 -0.248003 0 -0.925559 -0.248003 0 0.925559 0.248003 0 -0.925559 0.719785 -0.480407 0.415568 -0.495572 0.132788 0.858356 -0.745172 0.496782 -0.430225 0.745172 -0.496782 0.430225 -0.719785 -0.480407 0.415568 0.256605 -7.76794e-17 0.957662 -0.256605 0 -0.957662 0.495572 0.132788 0.858356 0 0 0.958209 0 0 -0.958209 0.256605 0 -0.957662 -0.256605 0 0.957662 -0.258819 0 -0.965926 0.258819 0 0.965926 0.745172 0.496782 -0.430225 -0.745172 -0.496782 0.430225 0 0 0.965926 0 0 -0.965926 -0.258819 0 0.965926 0.258819 0 -0.965926 -0.0641464 0 -0.978685 0.0641464 0 0.978685 -0.429178 0.247786 0.858356 0.0641464 0 -0.978685 -0.0641464 0 0.978685 0.352031 -0.704063 -0.609736 -0.0858316 0 -0.98106 0.0858316 0 0.98106 -0.352031 0.704063 0.609736 -0.0858316 0 0.98106 0.0858316 0 -0.98106 0.173648 0 0.984808 -0.173648 0 -0.984808 0.173648 0 -0.984808 -0.173648 0 0.984808 0.429178 0.247786 0.858356 -0.352031 -0.704063 -0.609736 0.352031 0.704063 0.609736 -0.130526 0 -0.991445 0.130526 0 0.991445 0 -8.04041e-17 0.991445 0 0 -0.991445 -0.130526 0 0.991445 0.130526 0 -0.991445 0.0871557 0 0.996195 -0.0871557 0 -0.996195 0.0871557 0 -0.996195 -0.0871557 0 0.996195 0 0 -1 0 0 1 -0.349885 0.892898 -0.202006 -0.601668 0.347373 -0.694747 0.601668 -0.347373 0.694747 0.349885 0.892898 -0.202006 0.495572 -0.132788 0.858356 0.601668 0.347373 -0.694747 -0.601668 -0.347373 0.694747 -0.495572 -0.132788 0.858356 0.429178 -0.247786 0.858356 -0.429178 -0.247786 0.858356 0 -0.834714 -0.481366 0.957662 -0.256605 0 -0.957662 0.256605 0 -0.0691842 0.963611 0.258199 0 0.963611 0.258199 0.0691842 0.963611 0.258199 0.124587 -0.834714 -0.464964 -0.124587 -0.834714 -0.464964 -0.958209 0.256751 0 0.958209 -0.256751 0 0.497847 -0.704063 -0.497847 -0.497847 0.704063 0.497847 0.957662 0.256605 0 -0.247786 0.429178 0.858356 -0.497847 -0.704063 -0.497847 0.497847 0.704063 0.497847 0.247786 0.429178 0.858356 0.958209 0.256751 0 -0.958209 -0.256751 0 0.587702 -0.480407 0.587702 -0.129099 0.963611 0.223607 0.129099 0.963611 0.223607 -0.587702 -0.480407 0.587702 -0.608431 0.496782 -0.608431 0.608431 -0.496782 0.608431 0.240683 -0.834714 -0.416875 0.44376 -0.896146 0 -0.240683 -0.834714 -0.416875 0.608431 0.496782 -0.608431 -0.608431 -0.496782 0.608431 -0.189015 0.963611 0.189015 0.189015 0.963611 0.189015 -0.202006 0.892898 -0.349885 0.202006 0.892898 -0.349885 0.247786 -0.429178 0.858356 -0.247786 -0.429178 0.858356 0 0.495572 0.858356 -0.223607 0.963611 0.129099 0.223607 0.963611 0.129099 0.340377 -0.834714 -0.340377 -0.340377 -0.834714 -0.340377 0 0.892898 -0.404012 0.609736 -0.704063 -0.352031 -0.609736 0.704063 0.352031 0.415568 -0.480407 0.719785 -0.609736 -0.704063 -0.352031 0.609736 0.704063 0.352031 0 -0.965366 -0.258669 -0.415568 -0.480407 0.719785 0.0669484 -0.965366 -0.249855 -0.0669484 -0.965366 -0.249855 -0.258199 0.963611 0.0691842 0 -0.495572 0.858356 -0.430225 0.496782 -0.745172 0.430225 -0.496782 0.745172 0.258199 0.963611 0.0691842 0.601668 -0.347373 -0.694747 -0.601668 0.347373 0.694747 0.430225 0.496782 -0.745172 -0.430225 -0.496782 0.745172 -0.601668 -0.347373 -0.694747 0.601668 0.347373 0.694747 0.129334 -0.965366 -0.224014 0.701057 -0.701057 0 -0.701057 0.701057 0 -0.129334 -0.965366 -0.224014 0.965926 -0.258819 0 -0.965926 0.258819 0 0.701057 0.701057 0 0 0.496782 0.860451 0 -0.496782 -0.860451 0.416875 -0.834714 -0.240683 -0.416875 -0.834714 -0.240683 0.965926 0.258819 0 -0.965926 -0.258819 0 0.182907 -0.965366 -0.182907 0.215114 -0.480407 0.802816 -0.182907 -0.965366 -0.182907 -0.222701 0.496782 0.831132 0.222701 -0.496782 -0.831132 -0.258199 0.963611 0 -0.215114 -0.480407 0.802816 0 -0.480407 -0.831136 0.222701 0.496782 0.831132 -0.222701 -0.496782 -0.831132 0.258199 0.963611 0 -0.925559 0.256751 -0.248003 0.925559 -0.256751 0.248003 -0.222701 0.496782 -0.831132 0.222701 -0.496782 0.831132 0.925559 0.256751 -0.248003 -0.925559 -0.256751 0.248003 0 0.694747 -0.694747 0 -0.694747 0.694747 0 -0.480407 0.831136 0.222701 0.496782 -0.831132 -0.222701 -0.496782 0.831132 0.215114 -0.480407 -0.802816 -0.215114 -0.480407 -0.802816 0.224014 -0.965366 -0.129334 -0.224014 -0.965366 -0.129334 0 0.496782 -0.860451 0 -0.496782 0.860451 0 0.822184 0.549826 -0.258199 0.963611 -0.0691842 0.680072 -0.704063 -0.182225 -0.680072 0.704063 0.182225 0.258199 0.963611 -0.0691842 -0.430225 0.496782 0.745172 0.430225 -0.496782 -0.745172 -0.680072 -0.704063 -0.182225 0.680072 0.704063 0.182225 0.464964 -0.834714 -0.124587 0.430225 0.496782 0.745172 -0.430225 -0.496782 -0.745172 -0.464964 -0.834714 -0.124587 0.249855 -0.965366 -0.0669484 0.415568 -0.480407 -0.719785 -0.249855 -0.965366 -0.0669484 -0.415568 -0.480407 -0.719785 -0.274913 0.822184 0.476163 -0.223607 0.963611 -0.129099 0.274913 0.822184 0.476163 0.223607 0.963611 -0.129099 0.258669 -0.965366 0 -0.258669 -0.965366 0 0.575433 -0.801626 0 -0.189015 0.963611 -0.189015 0.189015 0.963611 -0.189015 0.481366 -0.834714 0 -0.608431 0.496782 0.608431 0.608431 -0.496782 -0.608431 -0.129099 0.963611 -0.223607 -0.481366 -0.834714 -9.31323e-10 0.129099 0.963611 -0.223607 0.608431 0.496782 0.608431 -0.608431 -0.496782 -0.608431 0 -0.965926 0 0 0.965926 0 -0.829833 0.256751 -0.479105 0.829833 -0.256751 0.479105 0.587702 -0.480407 -0.587702 0.249855 -0.965366 0.0669484 -0.991445 0.130526 0 -0.249855 -0.965366 0.0669484 -0.587702 -0.480407 -0.587702 0.704063 -0.704063 0 -0.704063 0.704063 0 0.829833 0.256751 -0.479105 -0.829833 -0.256751 0.479105 -0.0691842 0.963611 -0.258199 0 0.963611 -0.258199 0.0691842 0.963611 -0.258199 0.991445 0.130526 0 -0.704063 -0.704063 0 0.704063 0.704063 0 0 -0.694747 -0.694747 0 0.694747 0.694747 0.224014 -0.965366 0.129334 </float_array>
          <technique_common>
            <accessor source="#_4809413_EGSC-BS-10000025_0-normal-array" count="471" stride="3">
              <param name="X" type="float"/>
              <param name="Y" type="float"/>
              <param name="Z" type="float"/>
            </accessor>
          </technique_common>
        </source>
        <vertices id="_4809413_EGSC-BS-10000025_0-vertex-obj">
          <input semantic="POSITION" source="#_4809413_EGSC-BS-10000025_0-vertex"/>
        </vertices>
        <triangles material="Nr10000025_0Mat0" count="3824">
          <input semantic="VERTEX" source="#_4809413_EGSC-BS-10000025_0-vertex-obj" offset="0"/>
          <input semantic="NORMAL" source="#_4809413_EGSC-BS-10000025_0-normal" offset="1"/>
          <p>96 16 570 16 766 16 766 16 570 16 1101 16 766 16 1101 16 1292 16 1292 16 1101 16 1277 16 1292 16 1277 16 1418 16 1418 16 1277 16 939 16 1418 16 939 16 1040 16 1040 16 939 16 29 16 1040 16 29 16 989 16 1168 16 545 16 1943 16 1943 16 545 16 1779 16 1943 16 1779 16 939 16 939 16 1779 16 908 16 939 16 908 16 29 16 1547 16 1645 16 356 16 356 16 1645 16 1535 16 356 16 1535 16 1943 16 1943 16 1535 16 1168 16 988 16 1848 16 42 16 42 16 1848 16 597 16 42 16 597 16 356 16 356 16 597 16 1207 16 356 16 1207 16 1547 16 28 16 988 16 42 16 28 16 42 16 1039 16 28 16 1039 16 1942 16 28 16 1942 16 907 16 1847 16 596 16 41 16 1847 16 41 16 1040 16 1847 16 1040 16 989 16 41 16 596 16 1206 16 41 16 1206 16 1546 16 41 16 1546 16 1644 16 41 16 1644 16 355 16 355 16 1644 16 1534 16 355 16 1534 16 1167 16 355 16 1167 16 544 16 355 16 544 16 1942 16 1778 16 907 16 1942 16 1778 16 1942 16 544 16 95 16 569 16 765 16 765 16 569 16 1100 16 765 16 1100 16 1291 16 1291 16 1100 16 1276 16 1291 16 1276 16 1417 16 1417 16 1276 16 938 16 1417 16 938 16 1039 16 1039 16 938 16 1942 16 1915 16 480 16 35 16 35 16 480 16 473 16 35 16 473 16 236 16 236 16 473 16 539 16 236 16 539 16 551 16 551 16 539 16 670 16 551 16 670 16 870 16 870 16 670 16 155 16 870 16 155 16 575 16 1933 16 170 16 678 16 1933 16 678 16 671 16 1933 16 671 16 480 16 1933 16 480 16 1915 16 78 16 482 16 158 16 158 16 482 16 626 16 158 16 626 16 181 16 181 16 626 16 678 16 181 16 678 16 170 16 1913 16 301 16 482 16 1913 16 482 16 78 16 1073 16 1251 16 697 16 697 16 1251 16 1679 16 697 16 1679 16 441 16 441 16 1679 16 273 16 441 16 273 16 1698 16 1698 16 273 16 906 16 1698 16 906 16 1370 16 60 16 1653 16 1919 16 1919 16 1653 16 1242 16 1919 16 1242 16 697 16 697 16 1242 16 1073 16 269 16 1895 16 641 16 641 16 1895 16 1642 16 641 16 1642 16 931 16 931 16 1642 16 1557 16 931 16 1557 16 1026 16 1026 16 1557 16 1635 16 1026 16 1635 16 920 16 920 16 1635 16 1883 16 920 16 1883 16 628 16 628 16 1883 16 138 16 628 16 138 16 385 16 385 16 138 16 60 16 385 16 60 16 463 16 463 16 60 16 1919 16 463 16 1919 16 375 16 898 16 881 16 714 16 714 16 881 16 928 16 714 16 928 16 104 16 104 16 928 16 1020 16 104 16 1020 16 1146 16 1065 16 1145 16 1362 16 1362 16 1145 16 1123 16 1362 16 1123 16 1194 16 1194 16 1123 16 898 16 1194 16 898 16 714 16 1362 16 1697 16 1426 16 1362 16 1426 16 1212 16 1362 16 1212 16 533 16 1362 16 533 16 1096 16 1362 16 1096 16 440 16 1362 16 440 16 696 16 1362 16 696 16 1918 16 1362 16 1918 16 374 16 1362 16 374 16 510 16 1362 16 510 16 814 16 1362 16 814 16 1065 16 1790 16 1609 16 1076 16 1076 16 1609 16 1598 16 1076 16 1598 16 849 16 849 16 1598 16 1664 16 849 16 1664 16 841 16 841 16 1664 16 1874 16 841 16 1874 16 905 16 905 16 1874 16 192 16 905 16 192 16 1044 16 1044 16 192 16 510 16 1044 16 510 16 1239 16 1239 16 510 16 154 16 1239 16 154 16 514 16 514 16 154 16 574 16 514 16 574 16 1698 16 1698 16 574 16 675 16 1698 16 675 16 183 16 510 16 374 16 231 16 510 16 231 16 154 16 856 16 165 16 875 16 856 16 875 16 375 16 856 16 375 16 230 16 856 16 230 16 155 16 856 16 155 16 670 16 870 16 575 16 674 16 870 16 674 16 182 16 870 16 182 16 869 16 870 16 869 16 533 16 870 16 533 16 1212 16 1295 16 1304 16 1555 16 1555 16 1304 16 1480 16 1555 16 1480 16 1697 16 1697 16 1480 16 1507 16 1697 16 1507 16 1426 16 1122 16 477 16 1412 16 1122 16 1412 16 1328 16 1122 16 1328 16 1295 16 1122 16 1295 16 1555 16 1798 16 1037 16 1762 16 1762 16 1037 16 889 16 1762 16 889 16 1683 16 1683 16 889 16 698 16 1683 16 698 16 1574 16 1790 16 1076 16 1084 16 1790 16 1084 16 1037 16 1790 16 1037 16 1798 16 888 16 746 16 1121 16 888 16 1121 16 476 16 888 16 476 16 1088 16 1698 16 1554 16 701 16 701 16 1554 16 1121 16 701 16 1121 16 693 16 693 16 1121 16 746 16 1698 16 701 16 891 16 1698 16 891 16 897 16 1698 16 897 16 833 16 1698 16 833 16 703 16 1698 16 703 16 514 16 1698 16 183 16 868 16 1698 16 868 16 532 16 1698 16 532 16 1095 16 1698 16 1095 16 441 16 526 16 521 16 1356 16 1356 16 521 16 1361 16 1356 16 1361 16 1517 16 1517 16 1361 16 1698 16 1517 16 1698 16 1370 16 1356 16 875 16 165 16 1356 16 165 16 345 16 1356 16 345 16 468 16 1356 16 468 16 526 16 1193 16 1361 16 521 16 1193 16 521 16 316 16 1193 16 316 16 304 16 1193 16 304 16 357 16 1193 16 357 16 713 16 713 16 357 16 481 16 713 16 481 16 672 16 713 16 672 16 103 16 375 16 875 16 463 16 1412 16 477 16 1536 16 196 15 187 15 1066 15 1066 15 187 15 215 15 1066 15 215 15 925 15 925 15 215 15 313 15 925 15 313 15 726 15 726 15 313 15 430 15 407 15 387 15 1105 15 1105 15 387 15 196 15 1105 15 196 15 1110 15 1110 15 196 15 1066 15 730 15 1725 15 542 15 542 15 1725 15 823 15 542 15 823 15 1269 15 1269 15 823 15 1498 15 1269 15 1498 15 1072 15 1072 15 1498 15 1796 15 1072 15 1796 15 942 15 942 15 1796 15 105 15 942 15 105 15 874 15 874 15 105 15 325 15 874 15 325 15 883 15 883 15 325 15 407 15 883 15 407 15 1105 15 872 15 1016 15 1876 15 1876 15 1016 15 1104 15 1876 15 1104 15 1315 15 1315 15 1104 15 1136 15 1315 15 1136 15 1128 15 825 15 1315 15 1128 15 825 15 1128 15 909 15 825 15 909 15 873 15 825 15 873 15 658 15 658 15 873 15 971 15 658 15 971 15 1208 15 658 15 1208 15 1498 15 658 15 1498 15 1550 15 658 15 1550 15 300 15 658 15 300 15 1429 15 658 15 1429 15 1091 15 658 15 1091 15 774 15 658 15 774 15 281 15 37 15 56 15 516 15 516 15 56 15 1935 15 516 15 1935 15 508 15 508 15 1935 15 1750 15 508 15 1750 15 567 15 567 15 1750 15 1460 15 567 15 1460 15 702 15 702 15 1460 15 1225 15 702 15 1225 15 893 15 893 15 1225 15 188 15 1939 15 1225 15 1460 15 1939 15 1460 15 1152 15 1939 15 1152 15 811 15 1939 15 811 15 1108 15 811 15 592 15 1108 15 1108 15 592 15 495 15 1108 15 495 15 281 15 281 15 495 15 525 15 281 15 525 15 447 15 447 15 525 15 720 15 447 15 720 15 729 15 910 15 447 15 729 15 910 15 729 15 691 15 910 15 691 15 604 15 910 15 604 15 469 15 910 15 469 15 1527 15 1805 15 1816 15 711 15 711 15 1816 15 37 15 711 15 37 15 704 15 704 15 37 15 516 15 332 15 1905 15 519 15 519 15 1905 15 1835 15 519 15 1835 15 653 15 653 15 1835 15 1805 15 653 15 1805 15 711 15 1604 15 193 15 973 15 973 15 193 15 1439 15 973 15 1439 15 614 15 614 15 1439 15 1389 15 614 15 1389 15 1710 15 1710 15 1389 15 552 15 1710 15 552 15 557 15 474 15 1710 15 502 15 474 15 502 15 371 15 474 15 371 15 188 15 474 15 188 15 1225 15 1222 15 736 15 380 15 1222 15 380 15 336 15 1222 15 336 15 343 15 1222 15 343 15 552 15 1222 15 552 15 1389 15 518 15 380 15 736 15 518 15 736 15 124 15 518 15 124 15 708 15 724 15 775 15 1154 15 1154 15 775 15 923 15 1154 15 923 15 511 15 511 15 923 15 1118 15 727 15 724 15 1154 15 727 15 1154 15 1581 15 727 15 1581 15 1725 15 727 15 1725 15 927 15 1725 15 730 15 863 15 1725 15 863 15 936 15 1725 15 936 15 927 15 1725 15 1663 15 1278 15 1725 15 1278 15 950 15 1725 15 950 15 55 15 1725 15 55 15 823 15 1278 15 1663 15 434 15 1278 15 434 15 1832 15 1278 15 1832 15 1828 15 1278 15 1828 15 1607 15 1278 15 1607 15 1604 15 1278 15 1604 15 973 15 1710 15 557 15 502 15 1905 15 332 15 57 15 1108 15 281 15 774 15 1550 15 1498 15 823 15 849 297 841 282 874 282 849 297 874 282 883 297 1664 222 1598 273 407 273 1664 222 407 273 325 222 158 227 181 276 1805 276 158 227 1805 276 1835 227 170 265 1933 265 37 265 170 265 37 265 1816 265 1066 226 925 141 889 141 1066 226 889 141 1037 226 78 140 158 227 1835 227 78 140 1835 227 1905 140 1913 75 78 140 1905 140 1913 75 1905 140 57 75 301 7 1913 7 57 7 301 7 57 7 332 7 116 16 586 16 1079 16 116 16 1079 16 1526 16 116 16 1526 16 1870 16 116 16 1870 16 175 16 116 16 175 16 363 16 116 16 363 16 426 16 116 16 426 16 372 16 116 16 372 16 194 16 116 16 194 16 1892 16 116 16 1892 16 1551 16 116 16 1551 16 1120 16 116 16 1120 16 620 16 116 16 620 16 145 16 116 16 145 16 1701 16 116 16 1701 16 1352 16 116 16 1352 16 1046 16 116 16 1046 16 837 16 116 16 837 16 772 16 116 16 772 16 824 16 116 16 824 16 1030 16 116 16 1030 16 1324 16 116 16 1324 16 1677 16 342 16 202 16 715 16 342 16 715 16 756 16 342 16 756 16 1226 16 342 16 1226 16 776 16 1001 16 1570 16 140 16 140 16 1570 16 1184 16 140 16 1184 16 1873 16 1873 16 1184 16 1666 16 1873 16 1666 16 635 16 635 16 1666 16 947 16 635 16 947 16 202 16 202 16 947 16 715 16 443 16 401 16 1891 16 1891 16 401 16 655 16 1891 16 655 16 389 16 389 16 655 16 1462 16 389 16 1462 16 1718 16 1718 16 1462 16 1014 16 1718 16 1014 16 61 16 61 16 1014 16 1490 16 61 16 1490 16 1541 16 1541 16 1490 16 1001 16 1541 16 1001 16 140 16 27 16 424 16 860 16 27 16 860 16 1022 16 27 16 1022 16 443 16 27 16 443 16 1891 16 217 16 1695 16 1735 16 1735 16 1695 16 1188 16 1735 16 1188 16 207 16 207 16 1188 16 1512 16 207 16 1512 16 1758 16 1758 16 1512 16 803 16 1758 16 803 16 554 16 554 16 803 16 1326 16 554 16 1326 16 798 16 798 16 1326 16 1226 16 798 16 1226 16 756 16 486 16 1022 16 268 16 268 16 1022 16 568 16 268 16 568 16 1559 16 1559 16 568 16 1349 16 1559 16 1349 16 70 16 70 16 1349 16 1093 16 70 16 1093 16 1655 16 1655 16 1093 16 1695 16 1655 16 1695 16 217 16 443 16 1022 16 486 16 1545 235 1032 328 503 348 1545 235 1450 287 1032 328 360 232 1450 287 1545 235 1336 310 360 232 1545 235 1742 346 1336 310 1545 235 257 364 1742 346 1545 235 954 235 412 328 1899 348 954 235 835 287 412 328 1769 232 835 287 954 235 717 310 1769 232 954 235 1183 346 717 310 954 235 272 6 1422 6 34 73 272 6 34 73 924 73 895 145 1767 145 924 73 895 145 924 73 34 73 784 63 1670 63 827 136 784 63 827 136 1920 136 1422 6 272 6 1670 63 1422 6 1670 63 784 63 1669 364 1183 346 954 235 199 194 390 168 1804 168 1804 168 390 168 710 168 1804 168 710 168 1542 168 1542 168 710 168 406 168 1542 168 406 168 1823 168 1823 168 406 168 1767 145 1823 168 1767 145 895 145 895 145 199 194 1804 168 895 145 1804 168 114 168 895 145 114 168 1823 168 199 194 1107 194 390 168 390 168 1107 194 1767 145 390 168 1767 145 110 168 110 168 1767 145 406 168 1669 364 954 235 1200 347 954 235 750 311 1200 347 954 235 1823 238 114 309 954 235 114 309 750 311 1823 238 954 235 871 274 1823 238 871 274 1542 253 846 73 1192 6 699 6 846 73 699 6 381 73 846 73 381 73 1925 145 846 73 1925 145 411 145 1329 194 1756 194 411 145 1329 194 411 145 1925 145 785 240 1756 194 1329 194 785 240 1329 194 322 240 1051 5 573 5 887 72 1051 5 887 72 1375 72 601 5 376 5 1553 72 601 5 1553 72 1755 72 1342 144 1771 144 1375 72 1342 144 1375 72 887 72 754 144 995 144 1755 72 754 144 1755 72 1553 72 1771 144 1342 144 1937 193 1771 144 1937 193 420 193 995 144 754 144 94 193 995 144 94 193 293 193 1937 193 966 239 1430 239 1937 193 1430 239 420 193 293 193 94 193 1591 239 293 193 1591 239 1786 239 1285 263 1491 263 1786 239 1285 263 1786 239 1591 239 1824 63 1052 136 804 136 1824 63 804 136 1618 63 445 6 666 6 1824 63 445 6 1824 63 1618 63 666 6 445 6 1320 73 666 6 1320 73 1538 73 1538 73 1320 73 85 145 1538 73 85 145 282 145 282 145 85 145 748 194 282 145 748 194 990 194 1290 240 1501 240 990 194 1290 240 990 194 748 194 1501 240 1290 240 1597 262 1501 240 1597 262 1797 262 1687 293 1881 293 1797 262 1687 293 1797 262 1597 262 1881 293 1687 293 1578 258 1881 293 1578 258 1776 258 1260 234 1465 234 1776 258 1260 234 1776 258 1578 258 1237 189 1667 189 719 234 1237 189 719 234 252 234 706 189 943 189 1465 234 706 189 1465 234 1260 234 1845 135 295 135 1667 189 1845 135 1667 189 1237 189 943 189 706 189 31 135 943 189 31 135 228 135 256 62 723 62 295 135 256 62 295 135 1845 135 228 135 31 135 1261 62 228 135 1261 62 1469 62 723 62 256 62 573 5 723 62 573 5 1051 5 1469 62 1261 62 376 5 1469 62 376 5 601 5 871 274 954 235 429 325 699 16 1027 16 381 16 381 16 1027 16 1443 16 381 16 1443 16 1925 16 1925 16 1443 16 75 16 1925 16 75 16 1329 16 1329 16 75 16 1033 16 1329 16 1033 16 666 16 666 16 1033 16 1824 16 1511 16 1827 16 339 16 339 16 1827 16 347 16 339 16 347 16 1033 16 1033 16 347 16 1052 16 1033 16 1052 16 1824 16 106 16 302 16 1786 16 106 16 1786 16 1491 16 106 16 1491 16 1396 16 106 16 1396 16 1511 16 106 16 1511 16 339 16 302 16 966 16 1755 16 302 16 1755 16 995 16 302 16 995 16 293 16 302 16 293 16 1786 16 601 16 1755 16 966 16 601 16 966 16 1937 16 601 16 1937 16 252 16 601 16 252 16 1469 16 573 16 256 16 887 16 887 16 256 16 1845 16 887 16 1845 16 1342 16 1342 16 1845 16 1237 16 1342 16 1237 16 1937 16 1937 16 1237 16 252 16 322 16 1329 16 666 16 322 16 666 16 1538 16 322 16 1538 16 282 16 322 16 282 16 990 16 322 16 990 16 978 16 978 16 990 16 1501 16 978 16 1501 16 1797 16 978 16 1797 16 1881 16 978 16 1881 16 1197 16 1881 16 1776 16 1197 16 1197 16 1776 16 1465 16 1197 16 1465 16 946 16 946 16 1465 16 943 16 946 16 943 16 228 16 1469 16 252 16 946 16 1469 16 946 16 228 16 257 364 1545 235 1757 347 1374 311 1757 347 1545 235 1545 235 406 238 710 309 1545 235 710 309 1374 311 406 238 1545 235 1478 274 406 238 1478 274 110 253 547 15 1904 15 1195 15 1195 15 1904 15 1080 15 1195 15 1080 15 13 15 13 15 1080 15 1747 15 13 15 1747 15 1305 15 1305 15 1747 15 1791 15 1305 15 1791 15 1201 15 1201 15 1791 15 1090 15 1201 15 1090 15 1834 15 1834 15 1090 15 445 15 1834 15 445 15 1618 15 1090 15 1499 15 1597 15 1090 15 1597 15 1290 15 1090 15 1290 15 748 15 1090 15 748 15 85 15 1090 15 85 15 1320 15 1090 15 1320 15 445 15 1499 15 1021 15 1261 15 1499 15 1261 15 31 15 1499 15 31 15 706 15 1499 15 706 15 1260 15 1499 15 1260 15 1578 15 1499 15 1578 15 1687 15 1499 15 1687 15 1597 15 272 15 924 15 1670 15 1670 15 924 15 1767 15 1670 15 1767 15 827 15 827 15 1767 15 1107 15 827 15 1107 15 1575 15 1575 15 1107 15 1061 15 1575 15 1061 15 1661 15 1661 15 1061 15 1761 15 1661 15 1761 15 1021 15 1021 15 1761 15 376 15 1021 15 376 15 1261 15 1834 15 1618 15 804 15 1834 15 804 15 128 15 1834 15 128 15 1619 15 1834 15 1619 15 1302 15 1834 15 1302 15 1385 15 1385 15 1302 15 1185 15 1385 15 1185 15 1285 15 1385 15 1285 15 1591 15 1385 15 1591 15 94 15 1385 15 94 15 754 15 1385 15 754 15 1553 15 1385 15 1553 15 1761 15 376 15 1761 15 1553 15 1478 274 1545 235 1053 325 1053 325 1545 235 503 348 954 235 1899 348 429 325 1622 162 1421 179 1530 179 1622 162 1530 179 1932 162 1341 161 1263 132 1857 132 1341 161 1857 132 1690 161 1690 161 1283 176 1156 176 1690 161 1156 176 1341 161 1505 58 506 89 1404 89 1505 58 1404 89 141 58 506 89 62 108 1191 108 506 89 1191 108 1404 89 1263 132 1191 108 62 108 1263 132 62 108 1857 132 1226 72 1326 144 675 144 1226 72 675 144 574 72 1926 63 180 63 1826 136 1926 63 1826 136 319 136 1079 423 1926 423 319 358 1079 423 319 358 1526 358 1532 188 629 188 319 136 1532 188 319 136 1826 136 1526 358 319 358 629 327 1526 358 629 327 1870 327 629 188 1532 188 1299 233 629 188 1299 233 878 233 175 289 1870 327 629 327 175 289 629 327 878 289 1137 257 1049 257 878 233 1137 257 878 233 1299 233 363 247 175 289 878 289 363 247 878 289 1049 247 1049 257 1137 257 1078 292 1049 257 1078 292 1106 292 426 242 363 247 1049 247 426 242 1049 247 1106 242 1129 263 1060 263 1106 292 1129 263 1106 292 1078 292 426 242 1106 242 1060 245 426 242 1060 245 372 245 1060 263 1129 263 1284 239 1060 263 1284 239 903 239 372 245 1060 245 903 280 372 245 903 280 194 280 1509 193 654 193 903 239 1509 193 903 239 1284 239 194 280 903 280 654 323 194 280 654 323 1892 323 654 193 1509 193 1795 144 654 193 1795 144 344 144 654 323 344 355 1551 355 654 323 1551 355 1892 323 160 72 3 72 344 144 160 72 344 144 1795 144 344 355 3 418 1120 418 344 355 1120 418 1551 355 1844 424 1573 383 554 411 1844 424 554 411 798 428 395 88 91 27 1573 383 395 88 1573 383 1844 424 89 230 1746 167 91 27 89 230 91 27 395 88 3 72 160 72 543 5 3 72 543 5 1611 5 3 418 1611 459 620 459 3 418 620 459 1120 418 1611 5 543 5 951 62 1611 5 951 62 1241 62 1241 33 145 33 620 459 1241 33 620 459 1611 459 182 194 674 145 1891 145 182 194 1891 145 389 194 1585 6 580 6 180 63 1585 6 180 63 1926 63 1079 423 586 467 1585 467 1079 423 1585 467 1926 423 1563 427 1561 445 443 437 1563 427 443 437 486 430 109 95 139 155 1561 445 109 95 1561 445 1563 427 139 155 109 95 1782 237 139 155 1782 237 132 330 1241 62 951 62 1327 135 1241 62 1327 135 842 135 842 86 1701 86 145 33 842 86 145 33 1241 33 1620 189 530 189 842 135 1620 189 842 135 1327 135 530 123 1352 123 1701 86 530 123 1701 86 842 86 530 189 1620 189 1854 234 530 189 1854 234 277 234 530 123 277 157 1046 157 530 123 1046 157 1352 123 18 258 135 258 277 234 18 258 277 234 1854 234 277 157 135 173 837 173 277 157 837 173 1046 157 135 258 18 258 73 293 135 258 73 293 93 293 135 173 93 178 772 178 135 173 772 178 837 173 26 262 127 262 93 293 26 262 93 293 73 293 127 175 824 175 772 178 127 175 772 178 93 178 127 262 26 262 1861 240 127 262 1861 240 265 240 265 159 1030 159 824 175 265 159 824 175 127 175 1633 194 505 194 265 240 1633 194 265 240 1861 240 505 125 1324 125 1030 159 505 125 1030 159 265 159 505 194 1633 194 1354 145 505 194 1354 145 815 145 1677 93 1324 125 505 125 1677 93 505 125 815 93 1462 14 655 0 1842 47 1462 14 1842 47 667 67 667 67 1842 47 496 256 667 67 496 256 1391 334 1391 334 496 256 1745 461 1391 334 1745 461 886 43 984 73 1215 73 815 145 984 73 815 145 1354 145 116 40 1677 93 815 93 116 40 815 93 1215 40 1842 47 655 0 401 456 1842 47 401 456 1571 12 496 256 1842 47 1571 12 496 256 1571 12 176 203 176 203 88 403 1745 461 176 203 1745 461 496 256 580 6 1585 6 1215 73 580 6 1215 73 984 73 586 467 116 40 1215 40 586 467 1215 40 1585 467 1571 12 401 456 443 437 1571 12 443 437 1561 445 176 203 1571 12 1561 445 176 203 1561 445 139 155 88 403 176 203 139 155 88 403 139 155 132 330 155 6 230 63 860 63 155 6 860 63 424 6 674 145 575 73 27 73 674 145 27 73 1891 145 575 73 155 6 424 6 575 73 424 6 27 73 698 74 889 141 925 141 698 74 925 141 726 74 1574 8 698 8 726 8 1574 8 726 8 430 8 181 276 170 291 1816 291 181 276 1816 291 1805 276 1107 194 199 194 152 240 1107 194 152 240 1061 240 1658 5 547 5 1195 62 1658 5 1195 62 263 62 547 5 1658 5 1058 72 547 5 1058 72 1904 72 1492 233 800 257 339 257 1492 233 339 257 1033 233 1756 15 785 15 1440 15 1756 15 1440 15 1629 15 1756 15 1629 15 1410 15 1756 15 1410 15 719 15 1756 15 719 15 1667 15 1756 15 1667 15 295 15 1756 15 295 15 723 15 1756 15 723 15 1051 15 1756 15 1051 15 1375 15 1756 15 1375 15 1771 15 1756 15 1771 15 420 15 1756 15 420 15 1430 15 1756 15 1430 15 767 15 1756 15 767 15 565 15 1756 15 565 15 800 15 1756 15 800 15 1492 15 1756 15 1492 15 524 15 1756 15 524 15 1872 15 1756 15 1872 15 1485 15 1756 15 1485 15 1192 15 1756 15 1192 15 846 15 1756 15 846 15 411 15 1492 233 1033 233 75 188 1492 233 75 188 524 188 524 188 75 188 1443 136 524 188 1443 136 1872 136 1027 63 1485 63 1872 136 1027 63 1872 136 1443 136 1485 63 1027 63 699 6 1485 63 699 6 1192 6 1430 239 966 239 302 263 1430 239 302 263 767 263 767 263 302 263 106 292 767 263 106 292 565 292 1491 263 1285 263 1185 292 1491 263 1185 292 1396 292 565 292 106 292 339 257 565 292 339 257 800 257 1396 292 1185 292 1302 257 1396 292 1302 257 1511 257 1511 257 1302 257 1619 233 1511 257 1619 233 1827 233 128 188 347 188 1827 233 128 188 1827 233 1619 233 347 188 128 188 804 136 347 188 804 136 1052 136 1932 162 161 139 1564 139 1932 162 1564 139 1622 162 1477 110 1564 139 161 139 1477 110 161 139 333 110 574 72 154 5 776 5 574 72 776 5 1226 72 342 62 776 5 154 5 342 62 154 5 231 62 756 436 1853 441 1844 424 756 436 1844 424 798 428 1844 424 1853 441 442 150 1844 424 442 150 395 88 395 88 442 150 131 321 395 88 131 321 89 230 1852 11 1853 441 756 436 1852 11 756 436 715 454 466 198 442 150 1853 441 466 198 1853 441 1852 11 1781 399 131 321 442 150 1781 399 442 150 466 198 1915 276 35 227 1935 227 1915 276 1935 227 56 276 315 301 1673 301 361 301 315 301 361 301 1649 301 315 301 1649 301 264 301 315 301 264 301 200 301 315 301 200 301 74 301 315 301 74 301 11 301 315 301 11 301 637 301 315 301 637 301 1916 301 315 301 1916 301 664 301 315 301 664 301 49 301 315 301 49 301 112 301 315 301 112 301 243 301 82 301 1459 301 1543 301 82 301 1543 301 1602 301 82 301 1602 301 955 301 82 301 955 301 1634 301 82 301 1634 301 932 301 82 301 932 301 1556 301 82 301 1556 301 1484 301 82 301 1484 301 1425 301 82 301 1425 301 59 301 82 301 59 301 1383 301 965 258 1834 258 1385 293 965 258 1385 293 456 293 270 234 1201 234 1834 258 270 234 1834 258 965 258 1201 234 270 234 378 189 1201 234 378 189 1305 189 1305 189 21 164 602 164 602 164 21 164 1719 164 602 164 1719 164 926 164 926 164 1719 164 36 164 926 164 36 164 617 164 617 164 36 164 1132 135 617 164 1132 135 13 135 13 135 1305 189 602 164 13 135 602 164 305 164 13 135 305 164 617 164 1305 189 378 189 21 164 21 164 378 189 1132 135 21 164 1132 135 312 164 312 164 1132 135 36 164 1770 235 1286 328 753 348 1770 235 1682 287 1286 328 1682 287 1770 235 617 232 1682 287 617 232 305 259 617 232 1770 235 1572 310 617 232 1572 310 926 306 1572 310 1770 235 4 346 497 364 4 346 1770 235 1214 235 657 328 164 348 1214 235 1103 287 657 328 1214 235 36 232 1719 259 1214 235 1719 259 1103 287 1061 240 152 240 882 262 1061 240 882 262 1761 262 1385 293 1761 262 882 262 1385 293 882 262 456 293 36 232 1214 235 974 310 36 232 974 310 312 306 974 310 1214 235 1419 346 1195 62 13 135 1132 135 1195 62 1132 135 263 62 1894 364 1419 346 1214 235 1436 347 1894 364 1214 235 1436 347 1214 235 1012 311 1012 311 1214 235 69 238 1214 235 1140 274 69 238 1140 274 1214 235 682 325 497 364 1770 235 19 347 19 347 1770 235 1603 311 1603 311 1770 235 647 238 1770 235 1709 274 647 238 1709 274 1770 235 1309 325 1309 325 1770 235 753 348 682 325 1214 235 164 348 169 269 1838 221 589 221 169 269 589 221 941 269 1651 94 1477 110 333 110 1651 94 333 110 764 94 358 61 1651 94 764 94 358 61 764 94 1694 61 611 226 1860 226 169 269 611 226 169 269 941 269 1025 141 1860 226 611 226 1025 141 611 226 1752 141 1706 131 982 131 1765 4 1706 131 1765 4 509 4 982 131 1706 131 589 221 982 131 589 221 1838 221 687 131 1452 131 311 221 687 131 311 221 1583 221 640 269 1878 269 1583 221 640 269 1583 221 311 221 1878 269 640 269 334 226 1878 269 334 226 1606 226 731 141 1606 226 334 226 731 141 334 226 1497 141 731 141 1497 141 276 3 731 141 276 3 1560 3 1641 38 210 46 1808 46 1641 38 1808 46 1300 38 1300 38 1731 45 134 45 1300 38 134 45 1641 38 1731 45 1202 52 1676 52 1731 45 1676 52 134 45 1676 52 1202 52 1505 58 1676 52 1505 58 141 58 1694 61 1348 53 1829 53 1694 61 1829 53 358 61 1348 53 1808 46 210 46 1348 53 210 46 1829 53 374 135 1918 189 635 189 374 135 635 189 202 135 1918 189 696 234 1873 234 1918 189 1873 234 635 189 231 62 374 135 202 135 231 62 202 135 342 62 715 454 947 470 111 44 715 454 111 44 1852 11 1852 11 111 44 771 252 1852 11 771 252 466 198 1503 452 1781 399 466 198 1503 452 466 198 771 252 947 470 1666 13 899 66 947 470 899 66 111 44 111 44 899 66 1595 331 111 44 1595 331 771 252 1595 331 661 35 1503 452 1595 331 1503 452 771 252 1184 21 392 96 899 66 1184 21 899 66 1666 13 392 96 1133 356 1595 331 392 96 1595 331 899 66 1133 356 1149 79 661 35 1133 356 661 35 1595 331 1570 29 817 102 392 96 1570 29 392 96 1184 21 817 102 1565 388 1133 356 817 102 1133 356 392 96 1565 388 684 105 1149 79 1565 388 1149 79 1133 356 1570 29 1001 31 248 109 1570 29 248 109 817 102 817 102 248 109 1007 406 817 102 1007 406 1565 388 1565 388 1007 406 1274 117 1565 388 1274 117 684 105 1001 31 1490 30 740 103 1001 31 740 103 248 109 248 109 740 103 1482 393 248 109 1482 393 1007 406 1007 406 1482 393 759 107 1007 406 759 107 1274 117 239 97 740 103 1490 30 239 97 1490 30 1014 22 740 103 239 97 975 360 740 103 975 360 1482 393 1307 84 759 107 1482 393 1307 84 1482 393 975 360 389 194 1718 240 869 240 389 194 869 240 182 194 1014 22 1462 14 667 67 1014 22 667 67 239 97 239 97 667 67 1391 334 239 97 1391 334 975 360 1391 334 886 43 1307 84 1391 334 1307 84 975 360 1152 7 1460 7 551 7 1152 7 551 7 870 7 1119 130 346 130 1560 3 1119 130 1560 3 276 3 533 262 869 240 1718 240 533 262 1718 240 61 262 236 140 551 75 1460 75 236 140 1460 75 1750 140 35 227 236 140 1750 140 35 227 1750 140 1935 227 1933 291 1915 276 56 276 1933 291 56 276 37 291 1507 272 1480 295 525 295 1507 272 525 295 495 272 1536 7 477 7 1527 7 1536 7 1527 7 469 7 1412 131 1536 65 469 65 1412 131 469 65 604 131 1328 221 1412 131 604 131 1328 221 604 131 691 221 1059 301 400 301 578 301 578 301 400 301 1160 301 578 301 1160 301 993 301 993 301 1160 301 1038 301 993 301 1038 301 223 301 962 301 1359 301 1562 301 962 301 1562 301 912 301 962 301 912 301 983 301 962 301 983 301 1059 301 962 301 1059 301 578 301 844 301 1562 301 1359 301 844 301 1359 301 977 301 844 301 977 301 1428 301 844 301 1428 301 1582 301 643 301 1038 301 1160 301 643 301 1160 301 421 301 643 301 421 301 1098 301 643 301 1098 301 1034 301 643 301 1034 301 1050 301 1050 301 1034 301 960 301 1050 301 960 301 1582 301 1050 301 1582 301 1428 301 977 301 1738 301 1024 301 977 301 1024 301 1428 301 435 301 1811 301 1944 301 1944 301 1811 301 534 301 1944 301 534 301 373 301 373 301 534 301 415 301 373 301 415 301 1638 301 350 301 735 301 968 301 350 301 968 301 291 301 350 301 291 301 365 301 350 301 365 301 435 301 350 301 435 301 1944 301 244 301 968 301 735 301 244 301 735 301 359 301 244 301 359 301 802 301 244 301 802 301 994 301 64 301 415 301 534 301 64 301 534 301 1836 301 64 301 1836 301 471 301 64 301 471 301 414 301 64 301 414 301 427 301 427 301 414 301 340 301 427 301 340 301 994 301 427 301 994 301 802 301 359 301 1182 301 403 301 359 301 403 301 802 301 412 24 1504 24 1005 450 412 24 1005 450 1899 450 1504 143 968 143 244 469 1504 143 244 469 1005 469 1032 24 83 24 1593 450 1032 24 1593 450 503 450 83 143 1562 143 844 469 83 143 844 469 1593 469 1450 213 485 213 83 24 1450 213 83 24 1032 24 485 373 912 373 1562 143 485 373 1562 143 83 143 485 213 1450 213 360 3 485 213 360 3 1449 3 983 187 912 373 485 373 983 187 485 373 1449 187 1336 208 367 208 1449 3 1336 208 1449 3 360 3 983 187 1449 187 367 304 983 187 367 304 1059 304 367 208 1336 208 1742 18 367 208 1742 18 801 18 400 55 1059 304 367 304 400 55 367 304 801 55 801 18 1742 18 257 449 801 18 257 449 1357 449 1160 405 400 55 801 55 1160 405 801 55 1357 405 535 24 1347 450 1182 450 535 24 1182 450 359 24 535 143 446 143 327 469 535 143 327 469 1347 469 1161 24 1890 450 1738 450 1161 24 1738 450 977 24 1161 143 1068 143 945 469 1161 143 945 469 1890 469 1518 213 1161 24 977 24 1518 213 977 24 1359 213 1518 373 808 373 1068 143 1518 373 1068 143 1161 143 1359 213 962 3 1134 3 1359 213 1134 3 1518 213 744 187 808 373 1518 373 744 187 1518 373 1134 187 741 208 1134 3 962 3 741 208 962 3 578 208 744 187 1134 187 741 304 744 187 741 304 685 304 578 208 993 18 1176 18 578 208 1176 18 741 208 475 55 685 304 741 304 475 55 741 304 1176 55 394 449 1176 18 993 18 394 449 993 18 223 449 656 405 475 55 1176 55 656 405 1176 55 394 405 835 213 1882 213 1504 24 835 213 1504 24 412 24 1882 373 291 373 968 143 1882 373 968 143 1504 143 918 213 535 24 359 24 918 213 359 24 735 213 918 373 211 373 446 143 918 373 446 143 535 143 1769 3 832 3 1882 213 1769 3 1882 213 835 213 365 187 291 373 1882 373 365 187 1882 373 832 187 735 213 350 3 520 3 735 213 520 3 918 213 148 187 211 373 918 373 148 187 918 373 520 187 832 3 1769 3 717 208 832 3 717 208 1773 208 365 187 832 187 1773 304 365 187 1773 304 435 304 146 208 520 3 350 3 146 208 350 3 1944 208 148 187 520 187 146 304 148 187 146 304 100 304 1183 18 206 18 1773 208 1183 18 1773 208 717 208 1811 55 435 304 1773 304 1811 55 1773 304 206 55 1944 208 373 18 550 18 1944 208 550 18 146 208 1875 55 100 304 146 304 1875 55 146 304 550 55 206 18 1183 18 1669 449 206 18 1669 449 734 449 534 405 1811 55 206 55 534 405 206 55 734 405 1807 449 550 18 373 18 1807 449 373 18 1638 449 76 405 1875 55 550 55 76 405 550 55 1807 405 1200 23 220 23 734 449 1200 23 734 449 1669 449 534 405 734 405 220 60 534 405 220 60 1836 60 590 23 1807 449 1638 449 590 23 1638 449 415 23 590 60 1911 60 76 405 590 60 76 405 1807 405 220 23 1200 23 750 212 220 23 750 212 1809 212 1836 60 220 60 1809 308 1836 60 1809 308 471 308 212 212 590 23 415 23 212 212 415 23 64 212 590 60 212 308 166 308 590 60 166 308 1911 60 1809 212 750 212 114 386 1809 212 114 386 1804 4 1809 212 1804 4 879 4 879 192 414 192 471 308 879 192 471 308 1809 308 427 4 607 4 212 212 427 4 212 212 64 212 871 207 1910 207 879 4 871 207 879 4 1804 4 871 207 1804 4 1542 379 1910 369 340 369 414 192 1910 369 414 192 879 192 802 207 997 207 607 4 802 207 607 4 427 4 429 17 1523 17 1910 207 429 17 1910 207 871 207 1910 369 1523 134 994 134 1910 369 994 134 340 369 997 207 802 207 403 17 997 207 403 17 581 17 581 134 490 134 292 369 581 134 292 369 997 369 1523 17 429 17 1899 450 1523 17 1899 450 1005 450 1523 134 1005 469 244 469 1523 134 244 469 994 134 1357 449 257 449 1757 23 1357 449 1757 23 821 23 1160 405 1357 405 821 60 1160 405 821 60 421 60 821 23 1757 23 1374 212 821 23 1374 212 398 212 421 60 821 60 398 308 421 60 398 308 1098 308 390 4 1488 4 398 212 390 4 398 212 1374 212 390 4 1374 212 710 386 1488 192 1034 192 1098 308 1488 192 1098 308 398 308 1488 4 390 4 110 379 1488 4 110 379 1478 207 1488 4 1478 207 527 207 527 369 960 369 1034 192 527 369 1034 192 1488 192 1053 17 102 17 527 207 1053 17 527 207 1478 207 527 369 102 134 1582 134 527 369 1582 134 960 369 102 17 1053 17 503 450 102 17 503 450 1593 450 1593 469 844 469 1582 134 1593 469 1582 134 102 134 1347 450 581 17 403 17 1347 450 403 17 1182 450 327 469 490 134 581 134 327 469 581 134 1347 469 1220 23 394 449 223 449 1220 23 223 449 1038 23 1220 60 531 60 656 405 1220 60 656 405 394 405 643 212 809 212 1220 23 643 212 1220 23 1038 23 1220 60 809 308 761 308 1220 60 761 308 531 60 643 212 1050 4 1233 4 643 212 1233 4 809 212 1428 207 1587 207 1233 4 1428 207 1233 4 1050 4 1203 17 1587 207 1428 207 1203 17 1428 207 1024 17 1587 369 1203 134 1117 134 1587 369 1117 134 913 369 1890 450 1203 17 1024 17 1890 450 1024 17 1738 450 945 469 1117 134 1203 134 945 469 1203 134 1890 469 1486 222 208 222 1868 268 1486 222 1868 268 1170 268 186 227 1463 227 1170 268 186 227 1170 268 1868 268 151 271 455 226 1108 226 151 271 1108 226 774 271 455 226 1382 141 1939 141 455 226 1939 141 1108 226 1225 74 1939 141 1382 141 1225 74 1382 141 572 74 297 140 1463 227 186 227 297 140 186 227 1074 140 1697 270 281 270 447 227 1697 270 447 227 1555 227 1122 140 1555 227 447 227 1122 140 447 227 910 140 477 75 1122 140 910 140 477 75 910 140 1527 75 1304 295 1295 272 729 272 1304 295 729 272 720 295 1480 271 1304 271 720 271 1480 271 720 271 525 271 1295 272 1328 221 691 221 1295 272 691 221 729 272 495 272 592 221 1426 221 495 272 1426 221 1507 272 208 222 1486 222 346 130 208 222 346 130 1119 130 1516 4 297 140 1074 140 1516 4 1074 140 232 4 1096 293 533 262 61 262 1096 293 61 262 1541 293 1212 131 1426 221 592 221 1212 131 592 221 811 131 572 8 1859 8 474 8 572 8 474 8 1225 8 687 131 1516 4 232 4 687 131 232 4 1452 131 870 65 1212 131 811 131 870 65 811 131 1152 65 881 275 898 290 1128 290 881 275 1128 290 1136 275 971 226 873 275 1145 275 971 226 1145 275 1065 226 104 8 1146 8 872 8 104 8 872 8 1876 8 714 130 104 64 1876 64 714 130 1876 64 1315 130 1194 222 714 130 1315 130 1194 222 1315 130 825 222 658 265 1362 265 1194 222 658 265 1194 222 825 222 1759 301 331 301 451 301 451 301 331 301 136 301 451 301 136 301 1911 301 1911 301 136 301 298 301 1911 301 298 301 76 301 76 301 298 301 658 301 76 301 658 301 281 301 166 301 234 301 362 301 166 301 362 301 1736 301 166 301 1736 301 451 301 166 301 451 301 1911 301 234 301 292 301 876 301 234 301 876 301 216 301 234 301 216 301 278 301 234 301 278 301 362 301 171 301 876 301 292 301 171 301 292 301 490 301 171 301 490 301 453 301 171 301 453 301 914 301 281 301 1697 301 744 301 281 301 744 301 685 301 281 301 685 301 148 301 281 301 148 301 100 301 281 301 100 301 1875 301 281 301 1875 301 76 301 1228 301 487 301 917 301 1228 301 917 301 548 301 1228 301 548 301 742 301 1228 301 742 301 577 301 1228 301 577 301 327 301 1228 301 327 301 446 301 1228 301 446 301 211 301 1228 301 211 301 656 301 1228 301 656 301 462 301 148 301 685 301 475 301 148 301 475 301 656 301 148 301 656 301 211 301 1513 301 770 301 1081 301 1081 301 770 301 1117 301 1081 301 1117 301 1319 301 1319 301 1117 301 945 301 1319 301 945 301 1198 301 1198 301 945 301 1697 301 1198 301 1697 301 1368 301 1368 301 1697 301 1174 301 1697 301 945 301 1068 301 1697 301 1068 301 808 301 1697 301 808 301 744 301 658 301 298 301 177 301 658 301 177 301 409 301 658 301 409 301 472 301 658 301 472 301 1029 301 658 301 1029 301 1102 301 658 301 1102 301 1362 301 472 301 548 301 917 301 472 301 917 301 779 301 472 301 779 301 1029 301 1174 301 1697 301 1362 301 1174 301 1362 301 1102 301 1759 301 404 301 331 301 331 301 404 301 338 301 331 301 338 301 386 301 386 301 338 301 260 301 386 301 260 301 914 301 695 301 453 301 490 301 695 301 490 301 327 301 695 301 327 301 577 301 733 301 917 301 487 301 733 301 487 301 1177 301 733 301 1177 301 1097 301 733 301 1097 301 948 301 956 301 862 301 1009 301 956 301 1009 301 948 301 956 301 948 301 1097 301 1513 301 1081 301 1009 301 1513 301 1009 301 862 301 531 301 761 301 1048 301 531 301 1048 301 1126 301 531 301 1126 301 462 301 531 301 462 301 656 301 834 301 913 301 1483 301 834 301 1483 301 816 301 834 301 816 301 901 301 834 301 901 301 1048 301 834 301 1048 301 761 301 913 301 1117 301 770 301 913 301 770 301 1483 301 914 301 453 301 386 301 59 24 876 24 171 450 59 24 171 450 1383 450 637 24 1483 24 770 450 637 24 770 450 1916 450 1513 17 664 17 1916 450 1513 17 1916 450 770 450 1821 450 753 450 1286 24 1821 450 1286 24 317 24 317 143 1783 143 1114 469 317 143 1114 469 1821 469 1399 24 157 450 2 450 1399 24 2 450 1235 24 1399 143 1319 143 1198 469 1399 143 1198 469 157 469 1682 213 737 213 317 24 1682 213 317 24 1286 24 737 373 1173 373 1783 143 737 373 1783 143 317 143 1737 213 1399 24 1235 24 1737 213 1235 24 1590 213 1737 373 1081 373 1319 143 1737 373 1319 143 1399 143 602 3 1680 3 737 213 602 3 737 213 1682 213 602 3 1682 213 305 385 1238 187 1173 373 737 373 1238 187 737 373 1680 187 1590 213 1223 3 1387 3 1590 213 1387 3 1737 213 1737 373 1387 187 1009 187 1737 373 1009 187 1081 373 1680 3 602 3 926 378 1680 3 926 378 1572 208 1680 3 1572 208 616 208 1313 304 1238 187 1680 187 1313 304 1680 187 616 304 1313 301 649 301 812 301 812 301 649 301 1398 301 812 301 1398 301 1245 301 1245 301 1398 301 1289 301 1245 301 1289 301 465 301 1223 301 1590 301 1783 301 1223 301 1783 301 1173 301 1223 301 1173 301 1238 301 1223 301 1238 301 1313 301 1223 301 1313 301 812 301 1114 301 1783 301 1590 301 1114 301 1590 301 1235 301 1114 301 1235 301 1647 301 1114 301 1647 301 1810 301 904 301 1289 301 1398 301 904 301 1398 301 676 301 904 301 676 301 1353 301 904 301 1353 301 1287 301 904 301 1287 301 1308 301 1308 301 1287 301 1218 301 1308 301 1218 301 1810 301 1308 301 1810 301 1647 301 1235 301 2 301 1280 301 1235 301 1280 301 1647 301 646 212 1094 23 19 23 646 212 19 23 1603 212 1094 60 646 308 1353 308 1094 60 1353 308 676 60 647 4 1715 4 646 212 647 4 646 212 1603 212 1715 192 1287 192 1353 308 1715 192 1353 308 646 308 1461 4 1082 212 904 212 1461 4 904 212 1308 4 1082 308 1461 192 1102 192 1082 308 1102 192 1029 308 1715 4 647 4 1709 207 1715 4 1709 207 773 207 773 369 1218 369 1287 192 773 369 1287 192 1715 192 1814 207 1461 4 1308 4 1814 207 1308 4 1647 207 1814 369 1174 369 1102 192 1814 369 1102 192 1461 192 773 207 1709 207 1309 17 773 207 1309 17 335 17 773 369 335 134 1810 134 773 369 1810 134 1218 369 1647 207 1280 17 1437 17 1647 207 1437 17 1814 207 1814 369 1437 134 1368 134 1814 369 1368 134 1174 369 335 17 1309 17 753 450 335 17 753 450 1821 450 1821 469 1114 469 1810 134 1821 469 1810 134 335 134 157 450 1437 17 1280 17 157 450 1280 17 2 450 157 469 1198 469 1368 134 157 469 1368 134 1437 134 664 17 1513 17 862 207 664 17 862 207 49 207 1223 3 812 208 1008 208 1223 3 1008 208 1387 3 948 304 1009 187 1387 187 948 304 1387 187 1008 304 616 208 1572 208 4 18 616 208 4 18 1069 18 1313 304 616 304 1069 55 1313 304 1069 55 649 55 19 23 1094 23 1586 449 19 23 1586 449 497 449 1094 60 676 60 1398 405 1094 60 1398 405 1586 405 1289 23 904 212 1082 212 1289 23 1082 212 1445 23 1029 308 779 60 1445 60 1029 308 1445 60 1082 308 11 213 816 213 1483 24 11 213 1483 24 637 24 956 379 112 379 49 207 956 379 49 207 862 207 812 208 1245 18 1408 18 812 208 1408 18 1008 208 733 55 948 304 1008 304 733 55 1008 304 1408 55 497 449 1586 449 1069 18 497 449 1069 18 4 18 1398 405 649 55 1069 55 1398 405 1069 55 1586 405 642 449 1408 18 1245 18 642 449 1245 18 465 449 917 405 733 55 1408 55 917 405 1408 55 642 405 1445 23 642 449 465 449 1445 23 465 449 1289 23 917 405 642 405 1445 60 917 405 1445 60 779 60 112 7 956 7 1097 7 112 7 1097 7 243 7 1177 212 315 212 243 386 1177 212 243 386 1097 386 315 212 1177 212 487 23 315 212 487 23 1673 23 1673 23 487 23 1228 449 1673 23 1228 449 361 449 462 18 1649 18 361 449 462 18 361 449 1228 449 816 213 11 213 74 385 816 213 74 385 901 385 1233 192 834 192 761 308 1233 192 761 308 809 308 1587 369 913 369 834 192 1587 369 834 192 1233 192 1649 18 462 18 1126 208 1649 18 1126 208 264 208 264 208 1126 208 1048 378 264 208 1048 378 200 378 200 8 1048 8 901 8 200 8 901 8 74 8 914 17 82 17 1383 450 914 17 1383 450 171 450 1257 450 164 450 657 24 1257 450 657 24 1727 24 1727 143 1227 143 488 469 1727 143 488 469 1257 469 781 24 1577 450 1415 450 781 24 1415 450 610 24 781 143 695 143 577 469 781 143 577 469 1577 469 1103 213 143 213 1727 24 1103 213 1727 24 657 24 143 373 546 373 1227 143 143 373 1227 143 1727 143 1179 213 781 24 610 24 1179 213 610 24 1000 213 1179 373 453 373 695 143 1179 373 695 143 781 143 143 213 1103 213 1719 385 143 213 1719 385 21 3 143 213 21 3 1099 3 612 187 546 373 143 373 612 187 143 373 1099 187 760 3 1179 213 1000 213 760 3 1000 213 593 3 1179 373 760 187 386 187 1179 373 386 187 453 373 1099 3 21 3 312 378 1099 3 312 378 974 208 1099 3 974 208 33 208 686 304 612 187 1099 187 686 304 1099 187 33 304 686 301 71 301 213 301 213 301 71 301 780 301 213 301 780 301 621 301 621 301 780 301 662 301 621 301 662 301 1867 301 593 301 1000 301 1227 301 593 301 1227 301 546 301 593 301 546 301 612 301 593 301 612 301 686 301 593 301 686 301 213 301 488 301 1227 301 1000 301 488 301 1000 301 610 301 488 301 610 301 1070 301 488 301 1070 301 1246 301 284 301 662 301 780 301 284 301 780 301 92 301 284 301 92 301 732 301 284 301 732 301 659 301 284 301 659 301 681 301 681 301 659 301 588 301 681 301 588 301 1246 301 681 301 1246 301 1070 301 610 301 1415 301 651 301 610 301 651 301 1070 301 1012 212 67 212 464 23 1012 212 464 23 1436 23 732 308 92 60 464 60 732 308 464 60 67 308 67 212 1012 212 69 4 67 212 69 4 1147 4 1147 192 659 192 732 308 1147 192 732 308 67 308 284 212 681 4 848 4 284 212 848 4 454 212 472 192 409 308 454 308 472 192 454 308 848 192 1140 207 173 207 1147 4 1140 207 1147 4 69 4 173 369 588 369 659 192 173 369 659 192 1147 192 1248 207 848 4 681 4 1248 207 681 4 1070 207 1248 369 548 369 472 192 1248 369 472 192 848 192 173 207 1140 207 682 17 173 207 682 17 1748 17 173 369 1748 134 1246 134 173 369 1246 134 588 369 1070 207 651 17 819 17 1070 207 819 17 1248 207 1248 369 819 134 742 134 1248 369 742 134 548 369 164 450 1257 450 1748 17 164 450 1748 17 682 17 1257 469 488 469 1246 134 1257 469 1246 134 1748 134 1577 450 819 17 651 17 1577 450 651 17 1415 450 1577 469 577 469 742 134 1577 469 742 134 819 134 82 17 914 17 260 207 82 17 260 207 1459 207 384 208 760 3 593 3 384 208 593 3 213 208 331 304 386 187 760 187 331 304 760 187 384 304 33 208 974 208 1419 18 33 208 1419 18 450 18 686 304 33 304 450 55 686 304 450 55 71 55 996 449 1894 449 1436 23 996 449 1436 23 464 23 996 405 464 60 92 60 996 405 92 60 780 405 454 212 828 23 662 23 454 212 662 23 284 212 828 60 454 308 409 308 828 60 409 308 177 60 1425 213 216 213 876 24 1425 213 876 24 59 24 338 4 1543 4 1459 207 338 4 1459 207 260 207 213 208 621 18 792 18 213 208 792 18 384 208 136 55 331 304 384 304 136 55 384 304 792 55 1894 449 996 449 450 18 1894 449 450 18 1419 18 780 405 71 55 450 55 780 405 450 55 996 405 63 449 792 18 621 18 63 449 621 18 1867 449 298 405 136 55 792 55 298 405 792 55 63 405 828 23 63 449 1867 449 828 23 1867 449 662 23 298 405 63 405 828 60 298 405 828 60 177 60 1543 4 338 4 404 212 1543 4 404 212 1602 212 1759 23 955 23 1602 212 1759 23 1602 212 404 212 300 131 1550 65 930 65 300 131 930 65 1691 131 1691 131 786 221 1429 221 1691 131 1429 221 300 131 786 221 439 264 1091 264 786 221 1091 264 1429 221 774 300 1091 300 439 300 774 300 439 300 151 300 1744 222 622 130 1397 130 1744 222 1397 130 478 222 163 268 1435 268 1744 222 163 268 1744 222 478 222 1720 227 1435 268 163 268 1720 227 163 268 452 227 451 449 1634 449 955 23 451 449 955 23 1759 23 1736 18 932 18 1634 449 1736 18 1634 449 451 449 216 213 1425 213 1484 3 216 213 1484 3 278 3 607 192 234 192 166 308 607 192 166 308 212 308 997 369 292 369 234 192 997 369 234 192 607 192 932 18 1736 18 362 208 932 18 362 208 1556 208 278 3 1484 3 1556 208 278 3 1556 208 362 208 1123 290 1145 275 873 275 1123 290 873 275 909 290 1020 141 928 226 1104 226 1020 141 1104 226 1016 141 1146 74 1020 141 1016 141 1146 74 1016 141 872 74 898 264 1123 264 909 264 898 264 909 264 1128 264 928 226 881 275 1136 275 928 226 1136 275 1104 226 1790 294 1798 273 187 273 1790 294 187 273 196 294 1598 273 1609 294 387 294 1598 273 387 294 407 273 1683 130 1574 64 430 64 1683 130 430 64 313 130 1762 222 1683 130 313 130 1762 222 313 130 215 222 1798 273 1762 222 215 222 1798 273 215 222 187 273 1609 270 1790 270 196 270 1609 270 196 270 387 270 192 64 1874 130 105 130 192 64 105 130 1796 64 564 3 1819 3 1025 141 564 3 1025 141 1752 141 1819 3 564 3 1397 130 1819 3 1397 130 622 130 1720 227 452 227 1360 140 1720 227 1360 140 583 140 509 4 1765 4 583 140 509 4 583 140 1360 140 696 234 440 258 140 258 696 234 140 258 1873 234 440 258 1096 293 1541 293 440 258 1541 293 140 258 1796 8 1498 8 510 8 1796 8 510 8 192 8 814 141 510 74 1498 74 814 141 1498 74 1208 141 1874 130 1664 222 325 222 1874 130 325 222 105 130 1065 226 814 141 1208 141 1065 226 1208 141 971 226 670 131 539 221 567 221 670 131 567 221 702 131 701 299 693 279 724 279 701 299 724 279 727 299 703 130 833 222 863 222 703 130 863 222 730 130 1698 271 1725 271 1581 226 1698 271 1581 226 1554 226 1121 141 1554 226 1581 226 1121 141 1581 226 1154 141 476 74 1121 141 1154 141 476 74 1154 141 511 74 511 8 1118 8 1088 8 511 8 1088 8 476 8 1186 212 352 212 709 23 1186 212 709 23 1520 23 459 202 290 202 1470 181 459 202 1470 181 1625 181 459 202 1549 228 1392 228 459 202 1392 228 290 202 123 7 1832 7 434 7 123 7 434 7 354 7 123 7 354 7 1599 7 123 7 1599 7 1924 7 625 270 303 227 950 227 625 270 950 227 1278 270 303 227 1442 140 55 140 303 227 55 140 950 227 1442 140 203 75 823 75 1442 140 823 75 55 140 1210 131 418 131 1268 4 1210 131 1268 4 1946 4 418 131 1210 131 66 221 418 131 66 221 1337 221 1337 221 66 221 377 269 1337 221 377 269 1637 269 560 215 967 210 707 210 560 215 707 210 205 215 205 215 751 220 1166 220 205 215 1166 220 560 215 1166 220 751 220 274 216 1166 220 274 216 634 216 274 216 847 211 1127 211 274 216 1127 211 634 216 87 226 1363 226 1637 269 87 226 1637 269 377 269 1363 226 87 226 1244 141 1363 226 1244 141 458 141 40 3 1314 3 458 141 40 3 458 141 1244 141 1314 3 40 3 831 130 1314 3 831 130 98 130 1946 4 1268 4 58 140 1946 4 58 140 795 140 352 212 1186 212 1019 4 352 212 1019 4 197 4 1475 15 1392 15 1549 15 1475 15 1549 15 1631 15 1631 225 608 199 428 199 1631 225 428 199 1475 225 608 199 1789 180 1626 180 608 199 1626 180 428 199 1789 180 201 376 46 376 1789 180 46 376 1626 180 201 376 1885 112 1734 112 201 376 1734 112 46 376 1885 112 559 314 382 314 1885 112 382 314 1734 112 559 314 123 455 1924 455 559 314 1924 455 382 314 826 207 51 207 197 4 826 207 197 4 1019 4 51 207 826 207 457 17 51 207 457 17 1678 17 1093 257 1349 233 697 233 1093 257 697 233 441 257 441 257 1095 292 1695 292 441 257 1695 292 1093 257 1095 292 532 263 1188 263 1095 292 1188 263 1695 292 532 263 868 239 1512 239 532 263 1512 239 1188 263 576 319 1013 339 70 377 576 319 70 377 1655 362 1064 410 1494 431 1013 339 1064 410 1013 339 576 319 1494 431 1064 410 683 51 1494 431 683 51 1148 77 576 319 1655 362 217 359 576 319 217 359 1171 312 1064 410 576 319 1171 312 1064 410 1171 312 1616 394 1273 37 683 51 1064 410 1273 37 1064 410 1616 394 1171 312 217 359 1735 361 1171 312 1735 361 650 318 1616 394 1171 312 650 318 1616 394 650 318 1143 409 1273 37 1616 394 1143 409 1273 37 1143 409 758 49 1181 337 650 318 1735 361 1181 337 1735 361 207 374 1630 429 1143 409 650 318 1630 429 650 318 1181 337 1143 409 1630 429 1306 71 1143 409 1306 71 758 49 868 239 183 193 803 193 868 239 803 193 1512 239 1181 337 207 374 1758 387 1181 337 1758 387 725 351 1045 15 627 15 221 15 1045 15 221 15 1914 15 1045 15 1914 15 1840 15 1045 15 1840 15 1922 15 1045 15 1922 15 238 15 1045 15 238 15 639 15 1045 15 639 15 1062 15 1045 15 1062 15 1358 15 1045 15 1358 15 1447 15 1045 15 1447 15 1350 15 897 279 891 299 927 299 897 279 927 299 936 279 888 130 1088 64 1118 64 888 130 1118 64 923 130 746 222 888 130 923 130 746 222 923 130 775 222 891 286 701 286 727 286 891 286 727 286 927 286 693 279 746 222 775 222 693 279 775 222 724 279 833 222 897 279 936 279 833 222 936 279 863 222 1084 282 1076 297 1105 297 1084 282 1105 297 1110 282 1076 284 849 284 883 284 1076 284 883 284 1105 284 1110 282 1066 226 1037 226 1110 282 1037 226 1084 282 905 226 1044 141 1072 141 905 226 1072 141 942 226 841 282 905 226 942 226 841 282 942 226 874 282 1856 300 1650 300 10 300 1856 300 10 300 149 300 1856 300 149 300 307 300 1856 300 307 300 677 300 1856 300 677 300 484 300 1856 300 484 300 709 300 1856 300 709 300 352 300 1856 300 352 300 197 300 1856 300 197 300 51 300 1856 300 51 300 1678 300 1080 144 1904 72 1058 72 1080 144 1058 72 168 144 1080 144 168 144 857 193 1080 144 857 193 1747 193 921 239 1791 239 1747 193 921 239 1747 193 857 193 785 240 322 240 978 262 785 240 978 262 1440 262 172 263 1090 263 1791 239 172 263 1791 239 921 239 1440 262 978 262 1197 293 1440 262 1197 293 1629 293 1197 293 946 258 1410 258 1197 293 1410 258 1629 293 1410 258 946 258 252 234 1410 258 252 234 719 234 1021 257 115 257 777 233 1021 257 777 233 1661 233 669 188 1575 188 1661 233 669 188 1661 233 777 233 1575 188 669 188 1920 136 1575 188 1920 136 827 136 203 7 930 7 1550 7 203 7 1550 7 823 7 1923 222 1240 222 98 130 1923 222 98 130 831 130 1628 268 880 268 1240 222 1628 268 1240 222 1923 222 880 268 1628 268 1909 227 880 268 1909 227 1221 227 1221 227 1909 227 795 140 1221 227 795 140 58 140 1686 222 953 222 1813 130 1686 222 1813 130 563 130 953 222 1686 222 1381 268 953 222 1381 268 603 268 1283 176 326 196 405 196 1283 176 405 196 1156 176 967 210 405 196 326 196 967 210 326 196 707 210 631 197 1127 211 847 211 631 197 847 211 537 197 1421 179 631 197 537 197 1421 179 537 197 1530 179 484 449 1318 449 1520 23 484 449 1520 23 709 23 591 292 1499 292 1090 263 591 292 1090 263 172 263 1499 292 591 292 115 257 1499 292 115 257 1021 257 648 450 1856 450 1678 17 648 450 1678 17 457 17 1919 188 697 233 1349 233 1919 188 1349 233 568 188 375 136 1919 188 568 188 375 136 568 188 1022 136 499 352 1316 384 268 412 499 352 268 412 1559 389 1031 457 1812 28 1316 384 1031 457 1316 384 499 352 1812 28 1031 457 660 120 1812 28 660 120 1502 171 499 352 1559 389 70 377 499 352 70 377 1013 339 1031 457 499 352 1013 339 1031 457 1013 339 1494 431 1148 77 660 120 1031 457 1148 77 1031 457 1494 431 183 193 675 144 1326 144 183 193 1326 144 803 193 1258 453 1630 429 1181 337 1258 453 1181 337 725 351 1258 453 885 115 1306 71 1258 453 1306 71 1630 429 1758 387 554 411 1573 383 1758 387 1573 383 725 351 725 351 1573 383 91 27 725 351 91 27 1258 453 1258 453 91 27 1746 167 1258 453 1746 167 885 115 230 63 375 136 1022 136 230 63 1022 136 860 63 1316 384 1563 427 486 430 1316 384 486 430 268 412 1812 28 109 95 1563 427 1812 28 1563 427 1316 384 1502 171 1782 237 109 95 1502 171 109 95 1812 28 514 64 703 130 730 130 514 64 730 130 542 64 1239 8 514 8 542 8 1239 8 542 8 1269 8 1044 141 1239 74 1269 74 1044 141 1269 74 1072 141 304 281 316 296 343 296 304 281 343 296 336 281 468 227 345 140 371 140 468 227 371 140 502 227 708 7 124 7 103 7 708 7 103 7 672 7 713 131 103 65 124 65 713 131 124 65 736 131 1193 221 713 131 736 131 1193 221 736 131 1222 221 1389 264 1361 264 1193 221 1389 264 1193 221 1222 221 1734 300 382 300 1698 300 1698 300 382 300 1924 300 1698 300 1924 300 1725 300 1725 300 1924 300 1599 300 1725 300 1599 300 1663 300 673 300 1772 300 980 300 673 300 980 300 147 300 673 300 147 300 1537 300 673 300 1537 300 1833 300 673 300 1833 300 1470 300 673 300 1470 300 290 300 673 300 290 300 1392 300 673 300 1392 300 1475 300 673 300 1475 300 1802 300 959 300 1548 300 428 300 428 300 1548 300 117 300 428 300 117 300 1475 300 1475 300 117 300 1802 300 1231 300 323 300 1698 300 1698 300 323 300 1256 300 1698 300 1256 300 428 300 428 300 1256 300 959 300 1698 300 428 300 1626 300 1698 300 1626 300 46 300 1698 300 46 300 1734 300 1389 300 1439 300 963 300 1389 300 963 300 1889 300 1389 300 1889 300 1252 300 1389 300 1252 300 310 300 1389 300 310 300 853 300 1389 300 853 300 438 300 1389 300 438 300 743 300 1389 300 743 300 99 300 1389 300 99 300 523 300 1389 300 523 300 1361 300 1366 300 1711 300 980 300 1366 300 980 300 320 300 1366 300 320 300 638 300 1366 300 638 300 258 300 1366 300 258 300 159 300 523 300 980 300 1772 300 523 300 1772 300 72 300 523 300 72 300 1487 300 523 300 1487 300 1361 300 1361 300 1487 300 894 300 1361 300 894 300 1231 300 1361 300 1231 300 1698 300 147 300 980 300 1711 300 964 191 1487 191 72 368 964 191 72 368 1130 368 1130 208 307 208 149 3 1130 208 149 3 964 3 1130 368 72 368 1772 133 1130 368 1772 133 1493 133 1493 18 677 18 307 208 1493 18 307 208 1130 208 1493 133 1772 133 673 468 1493 133 673 468 1318 468 677 18 1493 18 1318 449 677 18 1318 449 484 449 1828 300 1832 300 1740 300 1740 300 1832 300 123 300 1740 300 123 300 1533 300 1533 300 123 300 1866 300 1533 300 1866 300 324 300 1138 300 1604 300 1607 300 1138 300 1607 300 324 300 1138 300 324 300 423 300 1138 300 423 300 806 300 1138 300 806 300 86 300 1416 300 86 300 254 300 1416 300 254 300 933 300 1416 300 933 300 613 300 1416 300 613 300 1041 300 1416 300 1041 300 470 300 86 300 806 300 479 300 86 300 479 300 1162 300 86 300 1162 300 689 300 86 300 689 300 254 300 1631 300 459 300 608 300 608 300 459 300 1625 300 608 300 1625 300 1789 300 1789 300 1625 300 14 300 1789 300 14 300 201 300 201 300 14 300 1685 300 201 300 1685 300 1885 300 1885 300 1685 300 318 300 1885 300 318 300 559 300 559 300 318 300 1866 300 559 300 1866 300 123 300 459 300 1631 300 1549 300 1533 300 324 300 1607 300 258 118 423 118 324 41 258 118 324 41 952 41 258 118 952 41 159 41 1537 121 147 324 318 324 1537 121 318 324 1685 121 1866 465 318 324 147 324 1866 465 147 324 1711 465 118 8 952 8 324 8 118 8 324 8 1866 8 118 8 1866 8 1711 8 118 8 1711 8 1366 8 86 208 1416 438 1252 438 86 208 1252 438 1889 208 1416 438 470 338 310 338 1416 438 310 338 1252 438 470 338 1041 243 853 243 470 338 853 243 310 338 1726 8 193 8 1604 8 1726 8 1604 8 1138 8 1889 208 963 378 1726 378 1889 208 1726 378 1138 378 1889 208 1138 378 86 208 1041 243 613 375 438 375 1041 243 438 375 853 243 613 375 933 111 743 111 613 375 743 111 438 375 933 111 254 313 99 313 933 111 99 313 743 111 254 313 689 6 523 6 254 313 523 6 99 313 689 6 1162 324 980 324 689 6 980 324 523 6 1162 324 479 121 320 121 1162 324 320 121 980 324 479 121 806 380 638 380 479 121 638 380 320 121 806 380 423 118 258 118 806 380 258 118 638 380 1111 130 9 222 614 222 1111 130 614 222 1710 130 9 222 330 265 973 265 9 222 973 265 614 222 1278 301 973 301 330 301 1278 301 330 301 625 301 113 269 1393 269 1055 221 113 269 1055 221 1775 221 1393 269 113 269 1801 226 1393 269 1801 226 1077 226 1859 64 1111 130 1710 130 1859 64 1710 130 474 64 156 131 979 4 1703 4 156 131 1703 4 915 131 156 131 915 131 1775 221 156 131 1775 221 1055 221 961 141 191 141 1077 226 961 141 1077 226 1801 226 1028 3 191 141 961 141 1028 3 961 141 1753 3 979 4 1768 140 517 140 979 4 517 140 1703 4 1318 468 673 468 1802 142 1318 468 1802 142 1520 142 1685 121 14 380 1833 380 1685 121 1833 380 1537 121 14 380 1625 181 1470 181 14 380 1470 181 1833 380 1813 130 1028 3 1753 3 1813 130 1753 3 563 130 1186 372 1520 142 1802 142 1186 372 1802 142 117 372 1548 186 1019 186 1186 372 1548 186 1186 372 117 372 1548 186 959 303 826 303 1548 186 826 303 1019 186 1256 54 457 54 826 303 1256 54 826 303 959 303 1256 54 323 404 648 404 1256 54 648 404 457 54 323 404 1231 59 437 59 323 404 437 59 648 404 1650 24 1856 450 648 450 1650 24 648 450 437 24 1231 59 894 307 789 307 1231 59 789 307 437 59 789 213 10 213 1650 24 789 213 1650 24 437 24 789 307 894 307 1487 191 789 307 1487 191 964 191 10 213 789 213 964 3 10 213 964 3 149 3 521 296 526 281 557 281 521 296 557 281 552 296 481 140 357 227 380 227 481 140 380 227 518 140 672 75 481 140 518 140 672 75 518 140 708 75 316 283 521 283 552 283 316 283 552 283 343 283 357 227 304 281 336 281 357 227 336 281 380 227 526 281 468 227 502 227 526 281 502 227 557 281 480 285 671 285 704 285 480 285 704 285 516 285 482 131 301 65 332 65 482 131 332 65 519 131 626 221 482 131 519 131 626 221 519 131 653 221 678 278 626 221 653 221 678 278 653 221 711 278 671 298 678 278 711 278 671 298 711 278 704 298 539 221 473 278 508 278 539 221 508 278 567 221 856 65 670 131 702 131 856 65 702 131 893 65 1564 15 1025 15 98 15 98 15 1025 15 1819 15 98 15 1819 15 1314 15 1314 15 1819 15 1691 15 1314 15 1691 15 1442 15 1442 15 1691 15 930 15 1442 15 930 15 203 15 1622 15 1564 15 98 15 1622 15 98 15 1240 15 1622 15 1240 15 880 15 1622 15 880 15 1421 15 880 15 1221 15 1421 15 1421 15 1221 15 58 15 1421 15 58 15 631 15 631 15 58 15 1268 15 631 15 1268 15 1127 15 1127 15 1268 15 418 15 1127 15 418 15 1337 15 303 15 625 15 1363 15 303 15 1363 15 458 15 303 15 458 15 1314 15 303 15 1314 15 1442 15 625 15 330 15 1393 15 625 15 1393 15 1077 15 625 15 1077 15 191 15 625 15 191 15 1166 15 625 15 1166 15 634 15 625 15 634 15 1127 15 625 15 1127 15 1337 15 625 15 1337 15 1637 15 625 15 1637 15 1363 15 1028 15 1813 15 405 15 1028 15 405 15 967 15 1028 15 967 15 560 15 1028 15 560 15 191 15 1382 15 1516 15 1111 15 1111 15 1516 15 979 15 1111 15 979 15 9 15 9 15 979 15 156 15 9 15 156 15 330 15 330 15 156 15 1055 15 330 15 1055 15 1393 15 786 15 1691 15 1819 15 786 15 1819 15 622 15 786 15 622 15 1744 15 786 15 1744 15 439 15 439 15 1744 15 1435 15 439 15 1435 15 1720 15 439 15 1720 15 1829 15 439 15 1829 15 210 15 439 15 210 15 1641 15 439 15 1641 15 346 15 439 15 346 15 1486 15 439 15 1486 15 1170 15 439 15 1170 15 151 15 1720 15 583 15 1829 15 1829 15 583 15 1765 15 1829 15 1765 15 358 15 358 15 1765 15 982 15 358 15 982 15 1651 15 1651 15 982 15 1838 15 1651 15 1838 15 169 15 1560 15 346 15 134 15 1560 15 134 15 1676 15 1560 15 1676 15 141 15 1560 15 141 15 731 15 1170 15 1463 15 151 15 151 15 1463 15 297 15 151 15 297 15 455 15 455 15 297 15 1516 15 455 15 1516 15 1382 15 1859 15 572 15 1382 15 1859 15 1382 15 1111 15 1477 15 1651 15 169 15 1477 15 169 15 1860 15 1477 15 1860 15 1025 15 1477 15 1025 15 1564 15 1583 15 1878 15 1404 15 1404 15 1878 15 1606 15 1404 15 1606 15 141 15 141 15 1606 15 731 15 1404 15 1191 15 1583 15 1583 15 1191 15 1263 15 1583 15 1263 15 687 15 687 15 1263 15 1768 15 687 15 1768 15 979 15 953 15 603 15 1156 15 953 15 1156 15 405 15 953 15 405 15 1813 15 929 15 1768 15 1263 15 929 15 1263 15 1341 15 929 15 1341 15 1156 15 929 15 1156 15 603 15 687 15 979 15 1516 15 346 15 1641 15 134 15 1166 15 191 15 560 15 1656 227 929 227 603 268 1656 227 603 268 1381 268 929 227 1656 227 517 140 929 227 517 140 1768 140 165 7 856 7 893 7 165 7 893 7 188 7 473 278 480 298 516 298 473 278 516 298 508 278 345 140 165 75 188 75 345 140 188 75 371 140 1552 302 558 214 1124 392 1552 302 1124 392 1317 416 1552 302 1317 416 1521 433 253 344 1552 302 1521 433 253 344 1521 433 1704 439 253 344 1704 439 1717 444 52 462 144 463 528 353 52 462 528 353 253 344 52 462 253 344 1717 444 558 214 1552 302 1210 160 558 214 1210 160 1946 80 66 206 1210 160 1552 302 66 206 1552 302 253 344 253 344 528 353 377 231 253 344 377 231 66 206 275 15 1707 15 280 15 280 15 1707 15 992 15 280 15 992 15 1063 15 1063 15 992 15 1716 15 1063 15 1716 15 289 15 289 15 1716 15 1724 15 289 15 1724 15 299 15 992 15 1707 15 986 15 1063 15 289 15 1067 15 1707 15 275 15 1700 15 1521 301 1317 301 275 301 1521 301 275 301 280 301 1521 301 280 301 1704 301 1717 8 1704 8 280 8 1717 8 280 8 1063 8 1717 8 1063 8 52 8 1063 301 1067 301 54 301 1063 301 54 301 144 301 1063 301 144 301 52 301 1700 8 275 8 1317 8 1700 8 1317 8 1124 8 1700 8 1124 8 705 8 1294 302 271 214 820 392 1294 302 820 392 1035 416 1294 302 1035 416 1253 433 0 344 1294 302 1253 433 0 344 1253 433 1451 439 0 344 1451 439 1456 444 1760 462 1863 463 249 353 1760 462 249 353 0 344 1760 462 0 344 1456 444 271 214 1294 302 915 160 271 214 915 160 1703 80 1775 206 915 160 1294 302 1775 206 1294 302 0 344 0 344 249 353 113 231 0 344 113 231 1775 206 24 15 1453 15 30 15 30 15 1453 15 694 15 30 15 694 15 762 15 762 15 694 15 1455 15 762 15 1455 15 38 15 38 15 1455 15 1467 15 38 15 1467 15 44 15 694 15 1453 15 688 15 762 15 38 15 768 15 1453 15 24 15 1444 15 1456 8 1451 8 30 8 1456 8 30 8 762 8 1456 8 762 8 1760 8 1253 301 1035 301 24 301 1253 301 24 301 30 301 1253 301 30 301 1451 301 1444 8 24 8 1035 8 1444 8 1035 8 820 8 1444 8 820 8 417 8 762 301 768 301 1766 301 762 301 1766 301 1863 301 762 301 1863 301 1760 301 1766 464 1464 446 16 345 1766 464 16 345 249 353 1766 464 249 353 1863 463 1323 305 16 345 1464 446 1323 305 1464 446 1454 440 1323 305 1454 440 1266 435 1056 419 839 397 321 217 1056 419 321 217 1323 305 1056 419 1323 305 1266 435 113 231 249 353 16 345 113 231 16 345 1801 209 16 345 1323 305 961 163 16 345 961 163 1801 209 1323 305 321 217 1753 87 1323 305 1753 87 961 163 1266 301 1454 301 38 301 1266 301 38 301 44 301 1266 301 44 301 1056 301 38 7 1454 7 1464 7 38 7 1464 7 1766 7 38 7 1766 7 768 7 44 7 1467 7 444 7 44 7 444 7 839 7 44 7 839 7 1056 7 1229 104 205 104 707 78 1229 104 707 78 1741 78 1636 141 308 141 1702 3 1636 141 1702 3 1047 3 460 265 1792 265 1929 222 460 265 1929 222 636 222 935 8 227 8 1367 8 935 8 1367 8 22 8 1301 300 1917 300 22 300 1301 300 22 300 1367 300 227 271 935 271 755 226 227 271 755 226 90 226 308 141 1636 141 90 226 308 141 90 226 755 226 1116 130 410 130 1047 3 1116 130 1047 3 1702 3 636 222 1929 222 410 130 636 222 410 130 1116 130 1850 300 1204 300 1092 300 1850 300 1092 300 1743 300 1792 8 460 8 108 8 1792 8 108 8 1446 8 1446 74 108 74 1903 141 1446 74 1903 141 1279 141 1279 141 1903 141 1785 226 1279 141 1785 226 1135 226 1135 226 1785 226 1743 271 1135 226 1743 271 1092 271 1888 270 584 270 739 227 1888 270 739 227 77 227 120 7 1468 7 349 7 120 7 349 7 1043 7 1468 300 120 300 185 300 1468 300 185 300 1540 300 77 227 739 227 1219 140 77 227 1219 140 500 140 1788 4 1141 4 500 140 1788 4 500 140 1219 140 396 131 1729 131 1141 4 396 131 1141 4 1788 4 1729 131 396 131 854 221 1729 131 854 221 174 221 174 221 854 221 1043 264 174 221 1043 264 349 264 1914 226 283 226 189 269 1914 226 189 269 1840 269 221 141 585 141 283 226 221 141 283 226 1914 226 627 3 1003 3 585 141 627 3 585 141 221 141 238 131 595 131 1018 4 238 131 1018 4 639 4 595 131 238 131 1922 221 595 131 1922 221 294 221 294 221 1922 221 1840 269 294 221 1840 269 189 269 1777 268 1447 268 1358 227 1777 268 1358 227 1684 227 1062 140 1414 140 1684 227 1062 140 1684 227 1358 227 1414 140 1062 140 639 4 1414 140 639 4 1018 4 1003 3 627 3 1045 130 1003 3 1045 130 1402 130 1402 130 1045 130 1350 222 1402 130 1350 222 1672 222 1447 268 1777 268 1672 222 1447 268 1672 222 1350 222 1879 221 1250 221 1204 264 1879 221 1204 264 1850 264 1250 221 1879 221 45 131 1250 221 45 131 1388 131 1388 131 45 131 209 65 1388 131 209 65 1558 65 584 7 1888 7 1558 7 584 7 1558 7 209 7 751 116 205 104 1229 104 751 116 1229 104 1714 116 1714 116 1298 106 274 106 1714 116 274 106 751 116 847 83 274 106 1298 106 847 83 1298 106 1869 83 54 464 1722 446 266 345 54 464 266 345 528 353 54 464 528 353 144 463 266 345 1722 446 1713 440 266 345 1713 440 1531 435 266 345 1531 435 1589 305 1339 419 1142 397 594 217 1339 419 594 217 1589 305 1339 419 1589 305 1531 435 377 231 528 353 266 345 377 231 266 345 87 209 266 345 1589 305 1244 163 266 345 1244 163 87 209 1589 305 594 217 40 87 1589 305 40 87 1244 163 1531 301 1713 301 289 301 1531 301 289 301 299 301 1531 301 299 301 1339 301 289 7 1713 7 1722 7 289 7 1722 7 54 7 289 7 54 7 1067 7 299 7 1724 7 722 7 299 7 722 7 1142 7 299 7 1142 7 1339 7 1623 169 594 217 1142 397 1623 169 1142 397 722 367 1623 169 722 367 944 350 944 350 1159 343 712 333 944 350 712 333 911 127 944 350 911 127 1623 169 911 127 712 333 1936 317 911 127 1936 317 79 316 911 127 79 316 624 113 594 217 1623 169 831 10 594 217 831 10 40 87 1623 169 911 127 1923 434 1623 169 1923 434 831 10 911 127 624 113 1628 415 911 127 1628 415 1923 434 1716 300 1159 300 944 300 1716 300 944 300 722 300 1716 300 722 300 1724 300 1716 7 992 7 1936 7 1716 7 1936 7 712 7 1716 7 712 7 1159 7 992 300 986 300 1928 300 992 300 1928 300 79 300 992 300 79 300 1936 300 1932 402 1530 460 745 460 1932 402 745 460 1372 402 582 464 246 446 805 345 582 464 805 345 1087 353 582 464 1087 353 679 463 805 345 246 446 240 440 805 345 240 440 53 435 805 345 53 435 107 305 1841 419 1652 397 1163 217 1841 419 1163 217 107 305 1841 419 107 305 53 435 941 231 1087 353 805 345 941 231 805 345 611 209 805 345 107 305 1752 163 805 345 1752 163 611 209 107 305 1163 217 564 87 107 305 564 87 1752 163 818 15 235 15 822 15 822 15 235 15 1528 15 822 15 1528 15 1592 15 1592 15 1528 15 241 15 1592 15 241 15 830 15 830 15 241 15 250 15 830 15 250 15 838 15 1528 15 235 15 1522 15 1592 15 830 15 1600 15 235 15 818 15 224 15 53 301 240 301 830 301 53 301 830 301 838 301 53 301 838 301 1841 301 1592 301 1600 301 582 301 1592 301 582 301 679 301 1592 301 679 301 579 301 830 7 240 7 246 7 830 7 246 7 582 7 830 7 582 7 1600 7 838 7 250 7 1288 7 838 7 1288 7 1652 7 838 7 1652 7 1841 7 1372 15 745 15 1058 15 1372 15 1058 15 1658 15 1372 15 1658 15 12 15 1372 15 12 15 1671 15 115 15 591 15 1714 15 1714 15 591 15 172 15 1714 15 172 15 1298 15 1298 15 172 15 921 15 1298 15 921 15 1869 15 1869 15 921 15 857 15 1869 15 857 15 1657 15 1657 15 857 15 168 15 1657 15 168 15 745 15 745 15 168 15 1058 15 1422 15 784 15 489 15 489 15 784 15 1920 15 489 15 1920 15 1474 15 1474 15 1920 15 669 15 1474 15 669 15 1741 15 1741 15 669 15 777 15 1741 15 777 15 1229 15 1229 15 777 15 115 15 1229 15 115 15 1714 15 1085 15 1411 15 1721 15 1085 15 1721 15 309 15 1085 15 309 15 1422 15 1085 15 1422 15 489 15 456 15 1378 15 965 15 965 15 1378 15 1858 15 965 15 1858 15 270 15 270 15 1858 15 1344 15 270 15 1344 15 378 15 378 15 1344 15 1613 15 378 15 1613 15 1132 15 1132 15 1613 15 561 15 1132 15 561 15 263 15 263 15 561 15 12 15 263 15 12 15 1658 15 34 15 309 15 895 15 895 15 309 15 1424 15 895 15 1424 15 199 15 199 15 1424 15 1209 15 199 15 1209 15 152 15 152 15 1209 15 1787 15 152 15 1787 15 882 15 882 15 1787 15 1378 15 882 15 1378 15 456 15 1422 15 309 15 34 15 1932 402 1372 402 1671 329 1932 402 1671 329 161 329 12 236 333 236 161 329 12 236 161 329 1671 329 333 236 12 236 561 170 333 236 561 170 764 170 150 169 1163 217 1652 397 150 169 1652 397 1288 367 150 169 1288 367 1472 350 1660 343 1272 333 1448 127 1660 343 1448 127 150 169 1660 343 150 169 1472 350 1448 127 1272 333 493 317 1448 127 493 317 605 316 1448 127 605 316 1190 113 1163 217 150 169 1397 10 1163 217 1397 10 564 87 150 169 1448 127 478 434 150 169 478 434 1397 10 1448 127 1190 113 163 415 1448 127 163 415 478 434 241 300 1660 300 1472 300 241 300 1472 300 1288 300 241 300 1288 300 250 300 1528 7 493 7 1272 7 1528 7 1272 7 1660 7 1528 7 1660 7 241 7 1528 300 1522 300 491 300 1528 300 491 300 605 300 1528 300 605 300 493 300 1928 315 700 332 877 126 1928 315 877 126 624 113 1928 315 624 113 79 316 877 126 700 332 1151 342 877 126 1151 342 934 349 877 126 934 349 1601 165 1601 165 934 349 705 363 1601 165 705 363 1124 392 1601 165 1124 392 558 214 877 126 1909 432 1628 415 877 126 1628 415 624 113 877 126 1601 165 795 9 877 126 795 9 1909 432 1601 165 558 214 1946 80 1601 165 1946 80 795 9 1700 300 705 300 934 300 1700 300 934 300 1151 300 1700 300 1151 300 1707 300 700 8 1928 8 986 8 700 8 986 8 1707 8 700 8 1707 8 1151 8 80 302 1115 214 1632 392 80 302 1632 392 1825 416 80 302 1825 416 43 433 793 344 80 302 43 433 793 344 43 433 233 439 793 344 233 439 242 444 579 462 679 463 1087 353 579 462 1087 353 793 344 579 462 793 344 242 444 1115 214 80 302 1706 160 1115 214 1706 160 509 80 589 206 1706 160 80 302 589 206 80 302 793 344 793 344 1087 353 941 231 793 344 941 231 589 206 43 301 1825 301 818 301 43 301 818 301 822 301 43 301 822 301 233 301 242 8 233 8 822 8 242 8 822 8 1592 8 242 8 1592 8 579 8 224 8 818 8 1825 8 224 8 1825 8 1632 8 224 8 1632 8 1270 8 1794 302 810 214 1386 392 1794 302 1386 392 1566 416 1794 302 1566 416 1754 433 515 344 1794 302 1754 433 515 344 1754 433 1931 439 515 344 1931 439 1941 444 287 462 397 463 790 353 287 462 790 353 515 344 287 462 515 344 1941 444 810 214 1794 302 1452 160 810 214 1452 160 232 80 311 206 1452 160 1794 302 311 206 1794 302 515 344 515 344 790 353 640 231 515 344 640 231 311 206 549 15 1934 15 556 15 556 15 1934 15 1262 15 556 15 1262 15 1330 15 1330 15 1262 15 1940 15 1330 15 1940 15 562 15 562 15 1940 15 1947 15 562 15 1947 15 571 15 1262 15 1934 15 1254 15 1330 15 562 15 1333 15 1934 15 549 15 1927 15 1754 301 1566 301 549 301 1754 301 549 301 556 301 1754 301 556 301 1931 301 1941 8 1931 8 556 8 1941 8 556 8 1330 8 1941 8 1330 8 287 8 1330 301 1333 301 296 301 1330 301 296 301 397 301 1330 301 397 301 287 301 1927 8 549 8 1566 8 1927 8 1566 8 1386 8 1927 8 1386 8 981 8 62 229 506 166 309 166 62 229 309 166 1721 229 62 229 1721 229 1411 320 62 229 1411 320 1857 320 296 464 1945 446 538 345 296 464 538 345 790 353 296 464 790 353 397 463 1830 305 538 345 1945 446 1830 305 1945 446 1938 440 1830 305 1938 440 1763 435 1584 419 1403 397 855 217 1584 419 855 217 1830 305 1584 419 1830 305 1763 435 640 231 790 353 538 345 640 231 538 345 334 209 538 345 1830 305 1497 163 538 345 1497 163 334 209 1830 305 855 217 276 87 1830 305 276 87 1497 163 1763 301 1938 301 562 301 1763 301 562 301 571 301 1763 301 571 301 1584 301 562 7 1938 7 1945 7 562 7 1945 7 296 7 562 7 296 7 1333 7 571 7 1947 7 1006 7 571 7 1006 7 1403 7 571 7 1403 7 1584 7 1202 70 1731 48 1787 48 1202 70 1787 48 1209 70 561 170 1613 119 1694 119 561 170 1694 119 764 170 1348 76 1694 119 1613 119 1348 76 1613 119 1344 76 1858 50 1808 50 1348 76 1858 50 1348 76 1344 76 1858 50 1378 36 1300 36 1858 50 1300 36 1808 50 1731 48 1300 36 1378 36 1731 48 1378 36 1787 48 1424 114 1505 114 1202 70 1424 114 1202 70 1209 70 506 166 1505 114 1424 114 506 166 1424 114 309 166 491 315 1267 332 1432 126 491 315 1432 126 1190 113 491 315 1190 113 605 316 1432 126 1267 332 1654 342 1432 126 1654 342 1466 349 1432 126 1466 349 119 165 119 165 1466 349 1270 363 119 165 1270 363 1632 392 119 165 1632 392 1115 214 1432 126 452 432 163 415 1432 126 163 415 1190 113 1432 126 119 165 1360 9 1432 126 1360 9 452 432 119 165 1115 214 509 80 119 165 509 80 1360 9 224 300 1270 300 1466 300 224 300 1466 300 1654 300 224 300 1654 300 235 300 1267 8 491 8 1522 8 1267 8 1522 8 235 8 1267 8 235 8 1654 8 1865 169 855 217 1403 397 1865 169 1403 397 1006 367 1865 169 1006 367 1217 350 1217 350 1409 343 987 333 1217 350 987 333 1187 127 1217 350 1187 127 1865 169 1187 127 987 333 219 317 1187 127 219 317 329 316 1187 127 329 316 892 113 855 217 1865 169 1119 10 855 217 1119 10 276 87 1865 169 1187 127 208 434 1865 169 208 434 1119 10 1187 127 892 113 1868 415 1187 127 1868 415 208 434 1940 300 1409 300 1217 300 1940 300 1217 300 1006 300 1940 300 1006 300 1947 300 1262 7 219 7 987 7 1262 7 987 7 1409 7 1262 7 1409 7 1940 7 1262 300 1254 300 214 300 1262 300 214 300 329 300 1262 300 329 300 219 300 214 315 976 332 1165 126 214 315 1165 126 892 113 214 315 892 113 329 316 1843 165 1165 126 976 332 1843 165 976 332 1406 342 1843 165 1406 342 1205 349 1843 165 1205 349 981 363 1843 165 981 363 1386 392 1843 165 1386 392 810 214 1165 126 186 432 1868 415 1165 126 1868 415 892 113 1165 126 1843 165 1074 9 1165 126 1074 9 186 432 1843 165 810 214 232 80 1843 165 232 80 1074 9 1927 300 981 300 1205 300 1927 300 1205 300 1406 300 1927 300 1406 300 1934 300 976 8 214 8 1254 8 976 8 1254 8 1934 8 976 8 1934 8 1406 8 1376 169 321 217 839 397 1376 169 839 397 444 367 1376 169 444 367 644 350 644 350 850 343 419 333 644 350 419 333 618 127 644 350 618 127 1376 169 618 127 419 333 1696 317 618 127 1696 317 1793 316 618 127 1793 316 348 113 321 217 1376 169 563 10 321 217 563 10 1753 87 1376 169 618 127 1686 434 1376 169 1686 434 563 10 618 127 348 113 1381 415 618 127 1381 415 1686 434 1455 300 850 300 644 300 1455 300 644 300 444 300 1455 300 444 300 1467 300 694 7 1696 7 419 7 694 7 419 7 850 7 694 7 850 7 1455 7 694 300 688 300 1693 300 694 300 1693 300 1793 300 694 300 1793 300 1696 300 1283 451 1690 398 1085 398 1283 451 1085 398 489 451 1411 320 1085 398 1690 398 1411 320 1690 398 1857 320 326 34 1283 451 489 451 326 34 489 451 1474 34 1474 34 1741 78 707 78 1474 34 707 78 326 34 537 42 847 83 1869 83 537 42 1869 83 1657 42 1657 42 745 460 1530 460 1657 42 1530 460 537 42 600 126 348 113 1793 316 600 126 1793 316 1693 315 600 126 1693 315 416 332 633 349 1340 165 600 126 633 349 600 126 416 332 633 349 416 332 843 342 1340 165 633 349 417 363 1340 165 417 363 820 392 1340 165 820 392 271 214 348 113 600 126 1656 432 348 113 1656 432 1381 415 1340 165 517 9 1656 432 1340 165 1656 432 600 126 1340 165 271 214 1703 80 1340 165 1703 80 517 9 416 8 1693 8 688 8 416 8 688 8 1453 8 416 8 1453 8 843 8 1444 300 417 300 633 300 1444 300 633 300 843 300 1444 300 843 300 1453 300 1481 16 1900 16 1259 16 1481 16 1259 16 858 16 1481 16 858 16 237 16 1481 16 237 16 852 16 1529 16 1614 16 97 16 97 16 1614 16 1519 16 97 16 1519 16 1900 16 1900 16 1519 16 1259 16 1908 16 1508 16 1023 16 1908 16 1023 16 1271 16 1908 16 1271 16 1529 16 1908 16 1529 16 97 16 483 16 218 16 1800 16 483 16 1800 16 237 16 483 16 237 16 858 16 498 16 1817 16 225 16 225 16 1817 16 1648 16 225 16 1648 16 130 16 130 16 1648 16 1800 16 130 16 1800 16 218 16 747 16 665 16 259 16 747 16 259 16 1817 16 747 16 1817 16 498 16 1023 16 1508 16 1113 16 385 286 463 286 665 286 385 286 665 286 747 286 130 268 218 227 931 227 130 268 931 227 1026 268 875 147 1356 221 1817 221 875 147 1817 221 259 147 1648 269 1817 221 1356 221 1648 269 1356 221 1517 269 1800 226 1648 269 1517 269 1800 226 1517 269 1370 226 237 141 1800 226 1370 226 237 141 1370 226 906 141 906 141 273 3 852 3 906 141 852 3 237 141 1369 382 1617 382 126 396 1369 382 126 396 1877 396 1369 293 1877 258 683 258 1369 293 683 258 1273 293 1617 382 1369 382 1820 391 1617 382 1820 391 65 391 758 262 1820 262 1369 293 758 262 1369 293 1273 293 1820 391 1332 421 1471 421 1820 391 1471 421 65 391 1332 240 1820 262 758 262 1332 240 758 262 1306 240 498 146 225 222 920 222 498 146 920 222 628 146 259 147 665 99 463 99 259 147 463 99 875 147 483 140 858 4 269 4 483 140 269 4 641 140 1481 130 852 3 273 3 1481 130 273 3 1679 130 858 4 1259 131 1895 131 858 4 1895 131 269 4 218 227 483 140 641 140 218 227 641 140 931 227 225 222 130 268 1026 268 225 222 1026 268 920 222 747 98 498 146 628 146 747 98 628 146 385 98 1614 269 1529 226 1635 226 1614 269 1635 226 1557 269 1679 130 1251 222 1900 222 1679 130 1900 222 1481 130 97 268 1900 222 1251 222 97 268 1251 222 1073 268 1908 227 97 268 1073 268 1908 227 1073 268 1242 227 1508 152 1908 227 1242 227 1508 152 1242 227 1653 152 1653 152 60 101 1113 101 1653 152 1113 101 1508 152 907 62 1837 62 787 5 907 62 787 5 28 5 501 6 1822 63 569 63 501 6 569 63 95 6 251 16 1646 16 1230 16 251 16 1230 16 1042 16 251 16 1042 16 1216 16 251 16 1216 16 1627 16 251 16 1627 16 222 16 251 16 222 16 840 16 251 16 840 16 1325 16 251 16 1325 16 1479 16 251 16 1479 16 1338 16 251 16 1338 16 866 16 1476 227 1216 227 1042 268 1476 227 1042 268 1334 268 1216 227 1476 227 1887 140 1216 227 1887 140 1627 140 1627 140 1887 140 507 4 1627 140 507 4 222 4 1906 130 1646 130 251 3 1906 130 251 3 540 3 1496 222 1230 222 1646 130 1496 222 1646 130 1906 130 1230 222 1496 222 1334 268 1230 222 1334 268 1042 268 794 91 393 91 129 154 794 91 129 154 749 154 132 5 1782 62 794 62 132 5 794 62 749 5 1837 62 907 62 1778 135 1837 62 1778 135 972 135 569 63 1822 63 1335 136 569 63 1335 136 1100 136 393 91 794 91 1125 26 393 91 1125 26 940 26 1125 135 794 62 1782 62 1125 135 1782 62 1502 135 544 189 184 189 972 135 544 189 972 135 1778 135 1276 188 1100 136 1335 136 1276 188 1335 136 1175 188 940 26 1125 26 1897 448 940 26 1897 448 1898 448 1502 135 660 189 1897 189 1502 135 1897 189 1125 135 184 189 544 189 1167 234 184 189 1167 234 1612 234 1489 233 938 233 1276 188 1489 233 1276 188 1175 188 1473 426 1615 426 1898 448 1473 426 1898 448 1897 448 1148 234 1473 234 1897 189 1148 234 1897 189 660 189 1534 258 1255 258 1612 234 1534 258 1612 234 1167 234 938 233 1489 233 402 257 938 233 402 257 1942 257 1473 426 1877 396 126 396 1473 426 126 396 1615 426 1877 258 1473 234 1148 234 1877 258 1148 234 683 258 1255 258 1534 258 1644 293 1255 258 1644 293 1112 293 1942 257 402 257 39 292 1942 257 39 292 355 292 851 16 1322 16 1884 16 851 16 1884 16 513 16 851 16 513 16 991 16 851 16 991 16 1169 16 851 16 1169 16 1002 16 851 16 1002 16 536 16 851 16 536 16 1907 16 851 16 1907 16 1346 16 851 16 1346 16 864 16 851 16 864 16 692 16 1169 269 1438 269 1293 226 1169 269 1293 226 1002 226 813 141 536 141 1002 226 813 141 1002 226 1293 226 536 141 813 141 204 3 536 141 204 3 1907 3 1907 3 204 3 1608 130 1907 3 1608 130 1346 130 1178 222 864 222 1346 130 1178 222 1346 130 1608 130 998 268 692 268 864 222 998 268 864 222 1178 222 1546 262 1236 262 1112 293 1546 262 1112 293 1644 293 351 263 41 263 355 292 351 263 355 292 39 292 797 131 513 131 1884 4 797 131 1884 4 178 4 513 131 797 131 1282 221 513 131 1282 221 991 221 1438 269 1169 269 991 221 1438 269 991 221 1282 221 1322 140 851 227 1164 227 1322 140 1164 227 1594 140 178 4 1884 4 1322 140 178 4 1322 140 1594 140 1236 262 1546 262 1206 240 1236 262 1206 240 1580 240 1394 239 1040 239 41 263 1394 239 41 263 351 263 596 194 133 194 1580 240 596 194 1580 240 1206 240 1015 193 1418 193 1040 239 1015 193 1040 239 1394 239 133 194 596 194 1847 145 133 194 1847 145 902 145 1418 193 1015 193 1158 144 1418 193 1158 144 1292 144 829 20 668 20 1712 443 829 20 1712 443 1699 443 885 194 1746 145 829 145 885 194 829 145 1699 194 989 73 1764 73 902 145 989 73 902 145 1847 145 1292 144 1158 144 1624 72 1292 144 1624 72 766 72 492 82 121 82 668 20 492 82 668 20 829 20 1746 145 89 73 492 73 1746 145 492 73 829 145 1764 73 989 73 29 6 1764 73 29 6 718 6 288 5 96 5 766 72 288 5 766 72 1624 72 25 16 1427 16 969 16 25 16 969 16 783 16 25 16 783 16 958 16 25 16 958 16 1405 16 25 16 1405 16 7 16 25 16 7 16 599 16 25 16 599 16 1071 16 25 16 1071 16 1249 16 25 16 1249 16 1086 16 25 16 1086 16 619 16 1247 227 958 227 783 268 1247 227 783 268 1083 268 958 227 1247 227 1659 140 958 227 1659 140 1405 140 261 4 7 4 1405 140 261 4 1405 140 1659 140 25 3 279 3 1689 130 25 3 1689 130 1427 130 1264 222 969 222 1427 130 1264 222 1427 130 1689 130 969 222 1264 222 1083 268 969 222 1083 268 783 268 121 82 492 82 436 149 121 82 436 149 1839 149 131 6 436 6 492 73 131 6 492 73 89 73 718 6 29 6 908 63 718 6 908 63 1665 63 1011 62 570 62 96 5 1011 62 96 5 288 5 1249 269 1525 269 1379 226 1249 269 1379 226 1086 226 919 141 619 141 1086 226 919 141 1086 226 1379 226 619 141 919 141 279 3 619 141 279 3 25 3 890 131 599 131 7 4 890 131 7 4 261 4 599 131 890 131 1364 221 599 131 1364 221 1071 221 1525 269 1249 269 1071 221 1525 269 1071 221 1364 221 1839 149 436 149 388 201 1839 149 388 201 1588 201 131 6 1781 63 388 63 131 6 388 63 436 6 1665 63 908 63 1779 136 1665 63 1779 136 553 136 570 62 1011 62 1524 135 570 62 1524 135 1101 135 101 255 1075 255 1588 201 101 255 1588 201 388 201 1503 136 101 136 388 63 1503 136 388 63 1781 63 545 188 1345 188 553 136 545 188 553 136 1779 136 1277 189 1101 135 1524 135 1277 189 1524 135 1668 189 1311 336 68 336 1075 255 1311 336 1075 255 101 255 661 188 1311 188 101 136 661 188 101 136 1503 136 1345 188 545 188 1168 233 1345 188 1168 233 1886 233 1373 234 939 234 1277 189 1373 234 1277 189 1668 189 68 336 1311 336 1732 366 68 336 1732 366 369 366 1149 233 1732 233 1311 188 1149 233 1311 188 661 188 1535 257 267 257 1886 233 1535 257 1886 233 1168 233 391 258 1943 258 939 234 391 258 939 234 1373 234 1321 401 1846 401 369 366 1321 401 369 366 1732 366 684 257 1321 257 1732 233 684 257 1732 233 1149 233 267 257 1535 257 1645 292 267 257 1645 292 408 292 1943 258 391 258 782 293 1943 258 782 293 356 293 1131 16 1297 16 1708 16 1131 16 1708 16 314 16 1131 16 314 16 949 16 1131 16 949 16 1407 16 1131 16 1407 16 1569 16 1131 16 1569 16 1420 16 1131 16 1420 16 970 16 1131 16 970 16 337 16 1131 16 337 16 1730 16 1131 16 1730 16 1312 16 1243 131 949 131 314 4 1243 131 314 4 598 4 949 131 1243 131 1662 221 949 131 1662 221 1407 221 1831 269 1569 269 1407 221 1831 269 1407 221 1662 221 1131 268 1413 268 1567 227 1131 268 1567 227 1297 227 8 140 1708 140 1297 227 8 140 1297 227 1567 227 1708 140 8 140 598 4 1708 140 598 4 314 4 1855 414 368 414 1846 401 1855 414 1846 401 1321 401 1274 292 1855 292 1321 257 1274 292 1321 257 684 257 1547 263 286 263 408 292 1547 263 408 292 1645 292 448 262 42 262 356 293 448 262 356 293 782 293 1569 269 1831 269 1681 226 1569 269 1681 226 1420 226 1265 141 970 141 1420 226 1265 141 1420 226 1681 226 970 141 1265 141 623 3 970 141 623 3 337 3 337 3 623 3 23 130 337 3 23 130 1730 130 1576 222 1312 222 1730 130 1576 222 1730 130 23 130 1413 268 1131 268 1312 222 1413 268 1312 222 1576 222 1401 408 1901 408 368 414 1401 408 368 414 1855 414 759 263 1401 263 1855 292 759 263 1855 292 1274 292 286 263 1547 263 1207 239 286 263 1207 239 1912 239 42 262 448 262 1458 240 42 262 1458 240 1039 240 1871 371 512 371 1901 408 1871 371 1901 408 1401 408 759 263 1307 239 1871 239 759 263 1871 239 1401 263 1912 239 1207 239 597 193 1912 239 597 193 1395 193 1039 240 1458 240 1815 194 1039 240 1815 194 1417 194 1514 341 255 341 512 371 1514 341 512 371 1871 371 1514 193 1871 239 1307 239 1514 193 1307 239 886 193 1848 144 615 144 1395 193 1848 144 1395 193 597 193 1417 194 1815 194 1688 145 1417 194 1688 145 1291 145 255 341 1514 341 353 267 255 341 353 267 1331 267 886 193 1745 144 353 144 886 193 353 144 1514 193 988 72 1733 72 615 144 988 72 615 144 1848 144 1224 73 765 73 1291 145 1224 73 1291 145 1688 145 1331 267 353 267 690 205 1331 267 690 205 1851 205 690 72 353 144 1745 144 690 72 1745 144 88 72 28 5 787 5 1733 72 28 5 1733 72 988 72 765 73 1224 73 501 6 765 73 501 6 95 6 1479 269 1749 269 1605 226 1479 269 1605 226 1338 226 1180 141 866 141 1338 226 1180 141 1338 226 1605 226 866 141 1180 141 540 3 866 141 540 3 251 3 1157 131 840 131 222 4 1157 131 222 4 507 4 840 131 1157 131 1596 221 840 131 1596 221 1325 221 1749 269 1479 269 1325 221 1749 269 1325 221 1596 221 1851 205 690 205 749 154 1851 205 749 154 129 154 749 5 690 72 88 72 749 5 88 72 132 5 1259 131 1519 221 1642 221 1259 131 1642 221 1895 131 692 268 998 268 1164 227 692 268 1164 227 851 227 1699 443 1712 443 1471 421 1699 443 1471 421 1332 421 885 194 1699 194 1332 240 885 194 1332 240 1306 240 1271 151 1023 100 138 100 1271 151 138 100 1883 151 1023 284 1113 284 60 284 1023 284 60 284 138 284 1529 226 1271 151 1883 151 1529 226 1883 151 1635 226 1519 221 1614 269 1557 269 1519 221 1557 269 1642 221 1568 16 366 16 728 16 728 16 366 16 1172 16 728 16 1172 16 1930 16 1930 16 1172 16 1799 16 1930 16 1799 16 1343 16 1343 16 1799 16 1579 16 1343 16 1579 16 1109 16 861 16 467 16 306 16 306 16 467 16 48 16 306 16 48 16 1799 16 1799 16 48 16 1579 16 1384 16 1434 16 752 16 752 16 1434 16 1377 16 752 16 1377 16 632 16 632 16 1377 16 1189 16 632 16 1189 16 306 16 306 16 1189 16 861 16 652 16 341 16 504 16 652 16 504 16 900 16 652 16 900 16 1211 16 652 16 1211 16 1384 16 652 16 1384 16 752 16 1390 16 845 16 1849 16 1849 16 845 16 1610 16 1849 16 1610 16 341 16 341 16 1610 16 81 16 341 16 81 16 504 16 807 16 1343 16 1109 16 807 16 1109 16 645 16 807 16 645 16 262 16 807 16 262 16 1 16 807 16 1 16 494 16 1 16 1806 16 494 16 494 16 1806 16 1751 16 494 16 1751 16 399 16 399 16 1751 16 1818 16 399 16 1818 16 522 16 522 16 1818 16 15 16 522 16 15 16 285 16 680 16 1153 16 845 16 680 16 845 16 522 16 680 16 522 16 285 16 1621 16 788 16 422 16 422 16 788 16 32 16 422 16 32 16 1232 16 1232 16 32 16 1390 16 1232 16 1390 16 1849 16 1610 16 845 16 1153 16 198 320 1196 2 1500 57 198 320 1500 57 461 398 1621 466 787 466 1837 422 1621 466 1837 422 788 422 580 458 1610 458 1153 32 580 458 1153 32 180 32 1803 237 663 237 555 330 1803 237 555 330 1728 330 449 148 198 148 461 200 449 148 461 200 529 200 529 62 1803 62 1728 5 529 62 1728 5 449 5 1196 2 129 330 393 237 1196 2 393 237 1500 57 47 129 1010 451 461 398 47 129 461 398 1500 57 32 357 788 422 1837 422 32 357 1837 422 972 357 1826 85 180 32 1153 32 1826 85 1153 32 680 85 663 237 1803 237 137 171 663 237 137 171 1054 171 529 200 461 200 1010 254 529 200 1010 254 867 254 867 135 137 135 1803 62 867 135 1803 62 529 62 940 171 47 129 1500 57 940 171 1500 57 393 237 1089 183 5 34 1010 451 1089 183 1010 451 47 129 1390 326 32 357 972 357 1390 326 972 357 184 326 1532 122 1826 85 680 85 1532 122 680 85 285 122 1054 171 137 171 1004 120 1054 171 1004 120 1880 120 1705 335 867 254 1010 254 1705 335 1010 254 5 335 1004 189 137 135 867 135 1004 189 867 135 1705 189 1898 120 1089 183 47 129 1898 120 47 129 940 171 1674 78 5 34 1089 183 1674 78 1089 183 778 219 1390 326 184 326 1612 288 1390 326 1612 288 845 288 1532 122 285 122 15 156 1532 122 15 156 1299 156 1506 77 1880 120 1004 120 1506 77 1004 120 541 77 1674 365 1303 365 1705 335 1674 365 1705 335 5 335 1303 234 541 234 1004 189 1303 234 1004 189 1705 189 778 219 1089 183 1898 120 778 219 1898 120 1615 77 195 104 1674 78 778 219 195 104 778 219 1351 249 845 288 1612 288 1255 246 845 288 1255 246 522 246 1299 156 15 156 1818 172 1299 156 1818 172 1137 172 1506 77 541 77 1017 51 1506 77 1017 51 1921 51 1723 400 1303 365 1674 365 1723 400 1674 365 195 400 1723 258 1017 258 541 234 1723 258 541 234 1303 234 1351 249 778 219 1615 77 1351 249 1615 77 126 51 1675 116 195 104 1351 249 1675 116 1351 249 799 261 522 246 1255 246 1112 241 522 246 1112 241 399 241 1137 172 1818 172 1751 177 1137 172 1751 177 1078 177 1921 51 1017 51 431 37 1921 51 431 37 1423 37 1199 413 1723 400 195 400 1199 413 195 400 1675 413 1199 293 431 293 1017 258 1199 293 1017 258 1723 258 1351 249 126 51 1617 37 1351 249 1617 37 799 261 1675 116 799 261 1281 251 1675 116 1281 251 122 106 399 241 1112 241 1236 244 399 241 1236 244 494 244 1078 177 1751 177 1806 174 1078 177 1806 174 1129 174 1423 37 431 37 937 49 1423 37 937 49 1862 49 1199 413 1675 413 122 407 1199 413 122 407 1643 407 1643 262 937 262 431 293 1643 262 431 293 1199 293 799 261 1617 37 65 49 799 261 65 49 1281 251 630 224 1544 83 122 106 630 224 122 106 1281 251 807 277 494 244 1236 244 807 277 1236 244 1580 277 1284 158 1129 174 1806 174 1284 158 1806 174 1 158 1862 49 937 49 383 71 1862 49 383 71 1365 71 1643 407 122 407 1544 370 1643 407 1544 370 1144 370 1144 240 383 240 937 262 1144 240 937 262 1643 262 1471 71 630 224 1281 251 1471 71 1281 251 65 49 865 185 1780 42 1544 83 865 185 1544 83 630 224 1343 322 807 277 1580 277 1343 322 1580 277 133 322 1509 124 1284 158 1 158 1509 124 1 158 262 124 763 115 1692 115 1365 71 763 115 1365 71 383 71 1780 340 1515 340 1144 370 1780 340 1144 370 1544 370 1515 194 763 194 383 240 1515 194 383 240 1144 240 1712 115 865 185 630 224 1712 115 630 224 1471 71 738 460 1780 42 865 185 738 460 865 185 1784 138 902 354 1930 354 1343 322 902 354 1343 322 133 322 645 92 1795 92 1509 124 645 92 1509 124 262 124 1692 115 763 115 1864 167 1692 115 1864 167 769 167 738 266 606 266 1515 340 738 266 1515 340 1780 340 606 145 1864 145 763 194 606 145 763 194 1515 194 1784 138 865 185 1712 115 1784 138 1712 115 668 167 1234 69 190 402 738 460 1234 69 738 460 1784 138 1764 417 728 417 1930 354 1764 417 1930 354 902 354 1109 39 160 39 1795 92 1109 39 1795 92 645 92 1539 230 370 230 769 167 1539 230 769 167 1864 167 738 266 190 204 229 204 738 266 229 204 606 266 229 73 1539 73 1864 145 229 73 1864 145 606 145 121 230 1234 69 1784 138 121 230 1784 138 668 167 1234 69 884 1 1893 329 1234 69 1893 329 190 402 1568 458 728 417 1764 417 1568 458 1764 417 718 458 1109 39 1579 466 543 466 1109 39 543 466 160 39 245 321 370 230 1539 230 245 321 1539 230 1441 321 190 204 1893 153 153 153 190 204 153 153 229 204 153 6 1441 6 1539 73 153 6 1539 73 229 73 1839 321 884 1 1234 69 1839 321 1234 69 121 230 566 56 1640 236 1893 329 566 56 1893 329 884 1 718 458 1665 32 366 32 718 458 366 32 1568 458 1579 466 48 422 951 422 1579 466 951 422 543 466 1380 399 142 399 245 321 1380 399 245 321 1441 321 1640 90 84 90 153 153 1640 90 153 153 1893 153 84 63 1380 63 1441 6 84 63 1441 6 153 6 1839 321 1588 399 566 56 1839 321 566 56 884 1 20 128 1155 170 1640 236 20 128 1640 236 566 56 1665 32 553 85 1172 85 1665 32 1172 85 366 32 48 422 467 357 1327 357 48 422 1327 357 951 422 142 399 1380 399 1036 452 142 399 1036 452 1774 452 1155 25 1739 25 84 90 1155 25 84 90 1640 90 1739 136 1036 136 1380 63 1739 136 1380 63 84 63 1075 452 20 128 566 56 1075 452 566 56 1588 399 125 119 1155 170 20 128 125 119 20 128 999 182 553 85 1345 122 1799 122 553 85 1799 122 1172 85 467 357 861 326 1620 326 467 357 1620 326 1327 357 167 35 922 35 1774 452 167 35 1774 452 1036 452 125 447 916 447 1739 25 125 447 1739 25 1155 25 916 188 167 188 1036 136 916 188 1036 136 1739 136 999 182 20 128 1075 452 999 182 1075 452 68 35 1296 218 433 76 125 119 1296 218 125 119 999 182 1886 156 306 156 1799 122 1886 156 1799 122 1345 122 1189 288 1854 288 1620 326 1189 288 1620 326 861 326 1355 79 922 35 167 35 1355 79 167 35 609 79 1371 425 916 447 125 447 1371 425 125 447 433 425 1371 233 609 233 167 188 1371 233 167 188 916 188 369 79 1296 218 999 182 369 79 999 182 68 35 1896 50 433 76 1296 218 1896 50 1296 218 721 248 267 172 632 172 306 156 267 172 306 156 1886 156 1377 246 18 246 1854 288 1377 246 1854 288 1189 288 162 105 859 105 1355 79 162 105 1355 79 609 79 433 425 1896 395 896 395 433 425 896 395 1371 425 896 257 162 257 609 233 896 257 609 233 1371 233 721 248 1296 218 369 79 721 248 369 79 1846 105 1275 260 432 36 1896 50 1275 260 1896 50 721 248 408 177 752 177 632 172 408 177 632 172 267 172 1377 246 1434 241 73 241 1377 246 73 241 18 246 1433 117 859 105 162 105 1433 117 162 105 716 117 432 381 1457 381 896 395 432 381 896 395 1896 395 1457 292 716 292 162 257 1457 292 162 257 896 257 1846 105 368 117 1275 260 1846 105 1275 260 721 248 796 250 6 48 432 36 796 250 432 36 1275 260 408 177 286 174 652 174 408 177 652 174 752 177 1434 241 1384 244 26 244 1434 241 26 244 73 241 226 107 957 107 1433 117 226 107 1433 117 716 117 6 390 985 390 1457 381 6 390 1457 381 432 381 985 263 226 263 716 292 985 263 716 292 1457 292 368 117 1901 107 796 250 368 117 796 250 1275 260 1431 223 587 70 6 48 1431 223 6 48 796 250 341 158 652 174 286 174 341 158 286 174 1912 158 1384 244 1211 277 1861 277 1384 244 1861 277 26 244 757 84 1495 84 957 107 757 84 957 107 226 107 587 420 1510 420 985 390 587 420 985 390 6 390 757 239 226 263 985 263 757 239 985 263 1510 239 1431 223 796 250 1901 107 1431 223 1901 107 512 84 1213 184 328 114 587 70 1213 184 587 70 1431 223 1912 158 1395 124 1849 124 1912 158 1849 124 341 158 1211 277 900 322 1633 322 1211 277 1633 322 1861 277 379 43 1150 43 1495 84 379 43 1495 84 757 84 1139 442 1510 420 587 420 1139 442 587 420 328 442 1139 193 379 193 757 239 1139 193 757 239 1510 239 1213 184 1431 223 512 84 1213 184 512 84 255 43 247 137 1400 166 328 114 247 137 328 114 1213 184 1849 124 1395 124 615 92 1849 124 615 92 1232 92 1633 322 900 322 504 354 1633 322 504 354 1354 354 1150 43 379 43 1310 461 1150 43 1310 461 50 461 1400 19 17 19 1139 442 1400 19 1139 442 328 442 17 144 1310 144 379 193 17 144 379 193 1139 193 247 137 1213 184 255 43 247 137 255 43 1331 461 836 68 1902 229 1400 166 836 68 1400 166 247 137 1232 92 615 92 1733 39 1232 92 1733 39 422 39 1354 354 504 354 81 417 1354 354 81 417 984 417 50 461 1310 461 1639 403 50 461 1639 403 425 403 364 81 17 19 1400 19 364 81 1400 19 1902 81 364 72 1639 72 1310 144 364 72 1310 144 17 144 1851 403 836 68 247 137 1851 403 247 137 1331 461 198 320 1902 229 836 68 198 320 836 68 1196 2 1621 466 422 39 1733 39 1621 466 1733 39 787 466 984 417 81 417 1610 458 984 417 1610 458 580 458 1728 330 555 330 425 403 1728 330 425 403 1639 403 351 16 39 16 1438 16 351 16 1438 16 1282 16 351 16 1282 16 797 16 351 16 797 16 178 16 351 16 178 16 1862 16 351 16 1862 16 1394 16 1608 16 204 16 402 16 402 16 204 16 813 16 402 16 813 16 39 16 39 16 813 16 1293 16 39 16 1293 16 1438 16 1692 16 769 16 279 16 1692 16 279 16 922 16 1692 16 922 16 288 16 1692 16 288 16 1624 16 1692 16 1624 16 1158 16 1692 16 1158 16 1365 16 1365 16 1158 16 1015 16 1365 16 1015 16 1394 16 1365 16 1394 16 1862 16 1862 16 178 16 1594 16 1862 16 1594 16 1164 16 1862 16 1164 16 998 16 1862 16 998 16 1423 16 1423 16 998 16 1178 16 1423 16 1178 16 1608 16 1423 16 1608 16 402 16 1423 16 402 16 1921 16 402 16 1489 16 1921 16 1921 16 1489 16 1175 16 1921 16 1175 16 1506 16 1506 16 1175 16 1335 16 1506 16 1335 16 1822 16 1880 16 1506 16 1822 16 1880 16 1822 16 501 16 1880 16 501 16 1150 16 1880 16 1150 16 507 16 1880 16 507 16 1887 16 1880 16 1887 16 1476 16 1880 16 1476 16 1334 16 1880 16 1334 16 1496 16 1880 16 1496 16 1054 16 1150 16 50 16 1605 16 1150 16 1605 16 1749 16 1150 16 1749 16 1596 16 1150 16 1596 16 1157 16 1150 16 1157 16 507 16 663 16 1054 16 425 16 425 16 1054 16 540 16 425 16 540 16 50 16 50 16 540 16 1180 16 50 16 1180 16 1605 16 391 16 1373 16 859 16 391 16 859 16 598 16 391 16 598 16 8 16 391 16 8 16 1567 16 391 16 1567 16 1413 16 391 16 1413 16 782 16 1413 16 1576 16 782 16 782 16 1576 16 23 16 782 16 23 16 448 16 448 16 23 16 623 16 448 16 623 16 1265 16 142 16 1774 16 890 16 142 16 890 16 261 16 142 16 261 16 370 16 142 16 370 16 245 16 1774 16 922 16 279 16 1774 16 279 16 919 16 1774 16 919 16 1379 16 1774 16 1379 16 1525 16 1774 16 1525 16 1364 16 1774 16 1364 16 890 16 1659 16 1247 16 769 16 1659 16 769 16 370 16 1659 16 370 16 261 16 769 16 1247 16 1083 16 769 16 1083 16 1264 16 769 16 1264 16 1689 16 769 16 1689 16 279 16 1373 16 1668 16 1355 16 1355 16 1668 16 1524 16 1355 16 1524 16 922 16 922 16 1524 16 1011 16 922 16 1011 16 288 16 859 16 1433 16 1831 16 859 16 1831 16 1662 16 859 16 1662 16 1243 16 859 16 1243 16 598 16 1433 16 957 16 448 16 1433 16 448 16 1265 16 1433 16 1265 16 1681 16 1433 16 1681 16 1831 16 1224 16 1688 16 1495 16 1495 16 1688 16 1815 16 1495 16 1815 16 957 16 957 16 1815 16 1458 16 957 16 1458 16 448 16 1224 16 1495 16 1150 16 1224 16 1150 16 501 16 1906 16 540 16 1054 16 1906 16 1054 16 1496 16 663 16 425 16 555 16 859 16 1373 16 1355 16 449 148 364 81 1902 81 449 148 1902 81 198 148 1728 5 1639 72 364 72 1728 5 364 72 449 5 836 68 1851 403 129 330 836 68 129 330 1196 2 </p>
        </triangles>
        <triangles material="Nr10000025_0Mat1" count="96">
          <input semantic="VERTEX" source="#_4809413_EGSC-BS-10000025_0-vertex-obj" offset="0"/>
          <input semantic="NORMAL" source="#_4809413_EGSC-BS-10000025_0-normal" offset="1"/>
          <p>1250 16 1388 16 1740 16 1740 16 1388 16 1558 16 1740 16 1558 16 1540 16 1540 16 1558 16 1888 16 1540 16 1888 16 349 16 349 16 1888 16 77 16 349 16 77 16 174 16 174 16 77 16 500 16 174 16 500 16 1729 16 1729 16 500 16 1141 16 1740 16 1533 16 1135 16 1740 16 1135 16 1092 16 1740 16 1092 16 1204 16 1740 16 1204 16 1250 16 1533 16 118 16 1367 16 1533 16 1367 16 227 16 1533 16 227 16 1792 16 1533 16 1792 16 1446 16 1533 16 1446 16 1279 16 1533 16 1279 16 1135 16 1366 16 1301 16 1367 16 1366 16 1367 16 118 16 1740 16 1540 16 1599 16 1740 16 1599 16 354 16 1047 16 410 16 1636 16 1636 16 410 16 1929 16 1636 16 1929 16 90 16 90 16 1929 16 1792 16 90 16 1792 16 227 16 1540 16 349 16 1468 16 185 15 120 15 413 15 413 15 120 15 1043 15 413 15 1043 15 584 15 584 15 1043 15 854 15 584 15 854 15 739 15 739 15 854 15 396 15 739 15 396 15 1219 15 1219 15 396 15 1788 15 413 15 584 15 209 15 413 15 209 15 45 15 413 15 45 15 1879 15 413 15 1879 15 1850 15 413 15 1850 15 1018 15 413 15 1018 15 595 15 413 15 595 15 294 15 413 15 294 15 189 15 413 15 189 15 179 15 1743 15 1785 15 283 15 1743 15 283 15 585 15 1743 15 585 15 1003 15 1743 15 1003 15 1402 15 1743 15 1402 15 1672 15 1743 15 1672 15 1850 15 179 15 189 15 283 15 179 15 283 15 1785 15 179 15 1785 15 1903 15 179 15 1903 15 108 15 179 15 108 15 460 15 179 15 460 15 935 15 179 15 935 15 22 15 179 15 22 15 1917 15 179 15 1917 15 791 15 1702 15 308 15 1116 15 1116 15 308 15 755 15 1116 15 755 15 636 15 636 15 755 15 935 15 636 15 935 15 460 15 1850 15 1672 15 1777 15 1850 15 1777 15 1684 15 1850 15 1684 15 1414 15 1850 15 1414 15 1018 15 185 15 413 15 1057 15 1301 7 1366 7 1917 7 1917 7 1366 7 159 7 1917 7 159 7 963 7 963 7 159 7 952 7 963 7 952 7 1726 7 1917 7 963 7 1439 7 1917 7 1439 7 193 7 1917 7 193 7 791 7 1828 301 413 301 179 301 1828 301 179 301 1607 301 1533 195 1607 195 791 195 1533 195 791 195 193 195 1533 195 193 195 1726 195 1533 195 1726 195 952 195 1533 195 952 195 118 195 791 195 1607 195 179 195 185 8 1057 8 434 8 185 8 434 8 1663 8 185 8 1663 8 1599 8 185 8 1599 8 1540 8 413 190 1828 190 354 190 413 190 354 190 434 190 413 190 434 190 1057 190 354 190 1828 190 1740 190 </p>
        </triangles>
      </mesh>
    </geometry>
    <geometry id="_4809413_EGSC-BS-10000025_0-con">
      <convex_mesh convex_hull_of="#_4809413_EGSC-BS-10000025_0-obj"/>
    </geometry>
    <geometry id="_340115_M5-ADVU10000026_0-obj" name="_340115_M5-ADVU">
      <mesh>
        <source id="_340115_M5-ADVU10000026_0-vertex">
          <float_array id="_340115_M5-ADVU10000026_0-vertex-array" count="456">-9.5 22.225 -10 -10.7074 23.8765 -10 -10.3839 23.3161 -14.5 -12 24.2 -16 -7 24.2 -16 -8.61612 23.3161 -14.5 -8.29259 23.8765 -10 -7.08519 24.847 -12.025 -10.0112 22.2923 -10 -11.2104 23.2125 -11.5 -8.98883 22.2923 -10 -10.8965 25.5965 -10 -7.7896 23.2125 -11.5 -11.2678 25.9678 -16 -7.73223 22.4322 -16 -8.10346 25.5965 -10 -10.147 26.6148 -12.025 -10.3839 25.0839 -14.5 -9.5 21.7 -12.025 -7.73223 25.9678 -16 -11.2678 22.4322 -16 -8.85295 26.6148 -12.025 -8.61612 25.0839 -14.5 -10.147 21.7852 -12.025 -9.5 26.7 -12.025 -8.85295 21.7852 -12.025 -10.4875 22.4896 -10 -10.5825 23.575 -14.5 -8.5125 22.4896 -10 -8.41747 23.575 -14.5 -11.475 24.2 -10 -10.75 24.2 -10 -11.9148 23.553 -12.025 -10.125 25.2825 -14.5 -8.875 25.2825 -14.5 -8.25 24.2 -10 -7.525 24.2 -10 -11.4 24.6 -16 -7.6 23.8 -16 -7.08519 23.553 -12.025 -10.4875 25.9104 -10 -11.2104 25.1875 -11.5 -11.4 23.8 -16 -7.6 24.6 -16 -8.5125 25.9104 -10 -11.4 24.6 -15 -7.7896 25.1875 -11.5 -10.75 22.0349 -12.025 -9.82352 25.4074 -14.5 -7.6 24.6 -15 -9.17648 25.4074 -14.5 -8.25 22.0349 -12.025 -10.75 26.3651 -16 -8.25 22.0349 -16 -9.5 25.45 -14.5 -8.25 26.3651 -16 -10.75 22.0349 -16 -11.4077 23.6888 -11.5 -10.7074 23.8765 -14.5 -10.8965 22.8035 -10 -7.5923 23.6888 -11.5 -8.29259 23.8765 -14.5 -11.6651 25.45 -12.025 -8.10346 22.8035 -10 -10.0112 26.1077 -10 -8.98883 26.1077 -10 -11.9148 24.847 -16 -7.08519 23.553 -16 -7.33494 25.45 -12.025 -10.7074 24.5235 -10 -11.9148 23.553 -16 -7.08519 24.847 -16 -8.29259 24.5235 -10 -9.5 26.175 -10 -9.5 22.95 -10 -9.5 22.225 -11.5 -10.147 26.6148 -16 -8.85295 21.7852 -16 -9.82352 22.9926 -10 -9.17648 22.9926 -10 -8.85295 26.6148 -16 -10.147 21.7852 -16 -10.0112 22.2923 -11.5 -8.98883 22.2923 -11.5 -10.8965 25.5965 -11.5 -11.4077 24.7112 -10 -8.10346 25.5965 -11.5 -11.2678 22.4322 -12.025 -9.5 26.7 -16 -9.5 21.7 -16 -7.5923 24.7112 -10 -10.75 24.2 -14.5 -10.125 23.1175 -10 -7.73223 22.4322 -12.025 -8.875 23.1175 -10 -8.25 24.2 -14.5 -10.5825 24.825 -10 -11.2104 23.2125 -10 -8.41747 24.825 -10 -12 24.2 -12.025 -10.4875 22.4896 -11.5 -7.7896 23.2125 -10 -8.5125 22.4896 -11.5 -7 24.2 -12.025 -11.475 24.2 -11.5 -10.3839 23.3161 -10 -7.525 24.2 -11.5 -8.61612 23.3161 -10 -11.2678 25.9678 -12.025 -10.4875 25.9104 -11.5 -7.73223 25.9678 -12.025 -8.5125 25.9104 -11.5 -10.7074 24.5235 -14.5 -10.3839 25.0839 -10 -11.6651 25.45 -16 -7.33494 22.95 -16 -8.61612 25.0839 -10 -8.29259 24.5235 -14.5 -11.6651 22.95 -16 -7.33494 25.45 -16 -11.4 23.8 -15 -9.5 22.95 -14.5 -10.8965 22.8035 -11.5 -7.6 23.8 -15 -11.2104 25.1875 -10 -9.82352 22.9926 -14.5 -8.10346 22.8035 -11.5 -9.17648 22.9926 -14.5 -10.0112 26.1077 -11.5 -10.5825 23.575 -10 -7.7896 25.1875 -10 -8.98883 26.1077 -11.5 -8.41747 23.575 -10 -11.6651 22.95 -12.025 -9.5 26.175 -11.5 -7.33494 22.95 -12.025 -10.125 25.2825 -10 -8.875 25.2825 -10 -11.4077 23.6888 -10 -10.125 23.1175 -14.5 -8.875 23.1175 -14.5 -7.5923 23.6888 -10 -10.5825 24.825 -14.5 -10.75 26.3651 -12.025 -8.41747 24.825 -14.5 -8.25 26.3651 -12.025 -9.82352 25.4074 -10 -9.17648 25.4074 -10 -11.4077 24.7112 -11.5 -9.5 25.45 -10 -7.5923 24.7112 -11.5 -11.9148 24.847 -12.025 </float_array>
          <technique_common>
            <accessor source="#_340115_M5-ADVU10000026_0-vertex-array" count="152" stride="3">
              <param name="X" type="float"/>
              <param name="Y" type="float"/>
              <param name="Z" type="float"/>
            </accessor>
          </technique_common>
        </source>
        <source id="_340115_M5-ADVU10000026_0-normal">
          <float_array id="_340115_M5-ADVU10000026_0-normal-array" count="162">0.991445 0 0 -0.991445 0 0 -1 0 0 1 0 0 0 0 -1 0 0 1 -0.680072 0.182225 0.704063 0.680072 0.182225 0.704063 0.957662 -0.256605 0 -0.957662 0.256605 0 -0.957662 -0.256605 0 0.957662 0.256605 0 -0.609736 0.352031 0.704063 0.609736 0.352031 0.704063 -0.497847 0.497847 0.704063 0.497847 0.497847 0.704063 0.858616 -0.495722 0 -0.858616 0.495722 0 -0.858616 -0.495722 0 0.858616 0.495722 0 -0.352031 0.609736 0.704063 0.352031 0.609736 0.704063 -0.182225 0.680072 0.704063 0.182225 0.680072 0.704063 0 0.704063 0.704063 0.701057 -0.701057 0 -0.701057 0.701057 0 -0.701057 -0.701057 0 0.701057 0.701057 0 0.495722 -0.858616 0 -0.495722 0.858616 0 -0.495722 -0.858616 0 0.495722 0.858616 0 0 -0.704063 0.704063 -0.182225 -0.680072 0.704063 0.182225 -0.680072 0.704063 0.256605 -0.957662 0 -0.256605 0.957662 0 -0.256605 -0.957662 0 0.256605 0.957662 0 -0.352031 -0.609736 0.704063 0.352031 -0.609736 0.704063 0 -0.991445 0 0 0.991445 0 0 1 0 0 -1 0 -0.497847 -0.497847 0.704063 0.497847 -0.497847 0.704063 -0.609736 -0.352031 0.704063 0.609736 -0.352031 0.704063 -0.680072 -0.182225 0.704063 0.680072 -0.182225 0.704063 -0.704063 0 0.704063 0.704063 0 0.704063 </float_array>
          <technique_common>
            <accessor source="#_340115_M5-ADVU10000026_0-normal-array" count="54" stride="3">
              <param name="X" type="float"/>
              <param name="Y" type="float"/>
              <param name="Z" type="float"/>
            </accessor>
          </technique_common>
        </source>
        <vertices id="_340115_M5-ADVU10000026_0-vertex-obj">
          <input semantic="POSITION" source="#_340115_M5-ADVU10000026_0-vertex"/>
        </vertices>
        <triangles material="Nr10000026_0Mat0" count="300">
          <input semantic="VERTEX" source="#_340115_M5-ADVU10000026_0-vertex-obj" offset="0"/>
          <input semantic="NORMAL" source="#_340115_M5-ADVU10000026_0-normal" offset="1"/>
          <p>36 5 90 5 141 5 141 5 90 5 130 5 141 5 130 5 101 5 101 5 130 5 15 5 101 5 15 5 63 5 63 5 15 5 35 5 63 5 35 5 6 5 137 5 116 5 44 5 44 5 116 5 98 5 44 5 98 5 15 5 15 5 98 5 72 5 15 5 72 5 35 5 146 5 149 5 73 5 73 5 149 5 147 5 73 5 147 5 65 5 65 5 147 5 137 5 65 5 137 5 44 5 64 5 40 5 113 5 64 5 113 5 136 5 64 5 136 5 146 5 64 5 146 5 73 5 105 5 129 5 26 5 26 5 129 5 1 5 26 5 1 5 59 5 59 5 1 5 31 5 59 5 31 5 11 5 11 5 31 5 69 5 11 5 69 5 40 5 40 5 69 5 96 5 40 5 96 5 113 5 132 5 107 5 28 5 132 5 28 5 63 5 132 5 63 5 6 5 74 5 0 5 79 5 79 5 0 5 10 5 79 5 10 5 94 5 94 5 10 5 28 5 94 5 28 5 107 5 78 5 92 5 8 5 78 5 8 5 0 5 78 5 0 5 74 5 105 5 26 5 8 5 105 5 8 5 92 5 30 5 138 5 85 5 85 5 138 5 97 5 85 5 97 5 124 5 124 5 97 5 59 5 124 5 59 5 11 5 4 4 67 4 71 4 71 4 67 4 115 4 71 4 115 4 119 4 119 4 115 4 38 4 119 4 38 4 43 4 38 4 115 4 14 4 38 4 14 4 53 4 38 4 53 4 77 4 38 4 77 4 89 4 38 4 89 4 81 4 38 4 81 4 56 4 38 4 56 4 20 4 38 4 20 4 42 4 118 4 70 4 114 4 118 4 114 4 13 4 118 4 13 4 37 4 118 4 37 4 42 4 118 4 42 4 20 4 43 4 37 4 13 4 43 4 13 4 52 4 43 4 52 4 76 4 43 4 76 4 88 4 43 4 88 4 80 4 43 4 80 4 55 4 43 4 55 4 19 4 43 4 19 4 119 4 70 4 3 4 66 4 70 4 66 4 114 4 30 1 85 9 148 9 30 1 148 9 104 1 31 0 91 0 112 8 31 0 112 8 69 8 45 3 120 3 42 3 45 3 42 3 37 3 58 5 27 5 2 5 58 5 2 5 139 5 58 5 139 5 125 5 58 5 125 5 121 5 58 5 121 5 127 5 58 5 127 5 140 5 58 5 140 5 5 5 58 5 5 5 29 5 58 5 29 5 61 5 58 5 61 5 95 5 58 5 95 5 117 5 58 5 117 5 144 5 58 5 144 5 22 5 58 5 22 5 34 5 58 5 34 5 50 5 58 5 50 5 54 5 58 5 54 5 48 5 58 5 48 5 33 5 58 5 33 5 17 5 58 5 17 5 142 5 58 5 142 5 112 5 58 5 112 5 91 5 151 6 99 52 104 52 151 6 104 52 148 6 66 9 3 1 99 1 66 9 99 1 151 9 124 17 41 17 148 9 124 17 148 9 85 9 69 8 112 8 142 16 69 8 142 16 96 16 151 6 148 6 41 12 151 6 41 12 62 12 62 17 114 17 66 9 62 17 66 9 151 9 11 26 84 26 41 17 11 26 41 17 124 17 96 16 142 16 17 25 96 16 17 25 113 25 62 12 41 12 84 14 62 12 84 14 108 14 108 26 13 26 114 17 108 26 114 17 62 17 40 30 109 30 84 26 40 30 84 26 11 26 113 25 17 25 33 29 113 25 33 29 136 29 143 20 108 14 84 14 143 20 84 14 109 20 143 30 52 30 13 26 143 30 13 26 108 26 64 37 128 37 109 30 64 37 109 30 40 30 136 29 33 29 48 36 136 29 48 36 146 36 16 22 143 20 109 20 16 22 109 20 128 22 16 37 76 37 52 30 16 37 52 30 143 30 73 43 134 43 128 37 73 43 128 37 64 37 146 36 48 36 54 42 146 36 54 42 149 42 24 24 16 22 128 22 24 24 128 22 134 24 24 43 88 43 76 37 24 43 76 37 16 37 73 43 65 39 131 39 73 43 131 39 134 43 149 42 54 42 50 38 149 42 50 38 147 38 24 24 134 24 131 23 24 24 131 23 21 23 21 39 80 39 88 43 21 39 88 43 24 43 44 32 111 32 131 39 44 32 131 39 65 39 147 38 50 38 34 31 147 38 34 31 137 31 21 23 131 23 111 21 21 23 111 21 145 21 145 32 55 32 80 39 145 32 80 39 21 39 15 28 86 28 111 32 15 28 111 32 44 32 137 31 34 31 22 27 137 31 22 27 116 27 145 21 111 21 86 15 145 21 86 15 110 15 110 28 19 28 55 32 110 28 55 32 145 32 130 19 46 19 86 28 130 19 86 28 15 28 116 27 22 27 144 18 116 27 144 18 98 18 86 15 46 13 68 13 86 15 68 13 110 15 68 19 119 19 19 28 68 19 19 28 110 28 90 11 150 11 46 19 90 11 46 19 130 19 98 18 144 18 117 10 98 18 117 10 72 10 37 45 43 45 49 45 37 45 49 45 45 45 46 13 150 7 7 7 46 13 7 7 68 13 7 11 71 11 119 19 7 11 119 19 68 19 36 0 106 0 150 11 36 0 150 11 90 11 72 10 117 10 95 1 72 10 95 1 35 1 123 2 49 2 43 2 123 2 43 2 38 2 150 7 106 53 103 53 150 7 103 53 7 7 4 0 71 11 7 11 4 0 7 11 103 0 36 0 141 8 60 8 36 0 60 8 106 0 35 1 95 1 61 9 35 1 61 9 6 9 60 51 39 51 103 53 60 51 103 53 106 53 67 8 4 0 103 0 67 8 103 0 39 8 101 16 12 16 60 8 101 16 60 8 141 8 6 9 61 9 29 17 6 9 29 17 132 17 12 49 135 49 39 51 12 49 39 51 60 51 135 16 115 16 67 8 135 16 67 8 39 8 63 25 126 25 12 16 63 25 12 16 101 16 132 17 29 17 5 26 132 17 5 26 107 26 126 47 93 47 135 49 126 47 135 49 12 49 93 25 14 25 115 16 93 25 115 16 135 16 28 29 102 29 126 25 28 29 126 25 63 25 107 26 5 26 140 30 107 26 140 30 94 30 126 47 102 41 51 41 126 47 51 41 93 47 51 29 53 29 14 25 51 29 14 25 93 25 10 36 83 36 102 29 10 36 102 29 28 29 94 30 140 30 127 37 94 30 127 37 79 37 102 41 83 35 25 35 102 41 25 35 51 41 25 36 77 36 53 29 25 36 53 29 51 29 0 42 75 42 83 36 0 42 83 36 10 36 79 37 127 37 121 43 79 37 121 43 74 43 83 35 75 33 18 33 83 35 18 33 25 35 18 42 89 42 77 36 18 42 77 36 25 36 0 42 8 38 82 38 0 42 82 38 75 42 74 43 121 43 125 39 74 43 125 39 78 39 82 34 23 34 18 33 82 34 18 33 75 33 23 38 81 38 89 42 23 38 89 42 18 42 26 31 100 31 82 38 26 31 82 38 8 38 78 39 125 39 139 32 78 39 139 32 92 32 100 40 47 40 23 34 100 40 23 34 82 34 47 31 56 31 81 38 47 31 81 38 23 38 59 27 122 27 100 31 59 27 100 31 26 31 92 32 139 32 2 28 92 32 2 28 105 28 122 46 87 46 47 40 122 46 47 40 100 40 87 27 20 27 56 31 87 27 56 31 47 31 97 18 9 18 122 27 97 18 122 27 59 27 105 28 2 28 27 19 105 28 27 19 129 19 133 48 87 46 122 46 133 48 122 46 9 48 133 18 118 18 20 27 133 18 20 27 87 27 138 10 57 10 9 18 138 10 9 18 97 18 129 19 27 19 58 11 129 19 58 11 1 11 38 44 42 44 120 44 38 44 120 44 123 44 123 4 120 4 45 4 123 4 45 4 49 4 32 50 133 48 9 48 32 50 9 48 57 50 32 10 70 10 118 18 32 10 118 18 133 18 30 1 104 1 57 10 30 1 57 10 138 10 1 11 58 11 91 0 1 11 91 0 31 0 99 52 32 50 57 50 99 52 57 50 104 52 3 1 70 10 32 10 3 1 32 10 99 1 </p>
        </triangles>
      </mesh>
    </geometry>
    <geometry id="_340115_M5-ADVU10000026_0-con">
      <convex_mesh convex_hull_of="#_340115_M5-ADVU10000026_0-obj"/>
    </geometry>
    <geometry id="_8048309_EGSC-BS-10000027_0-obj" name="_8048309_EGSC-BS-">
      <mesh>
        <source id="_8048309_EGSC-BS-10000027_0-vertex">
          <float_array id="_8048309_EGSC-BS-10000027_0-vertex-array" count="6570">-4.5 78.4 -24 14.9999 30.5928 -20.4 -3.4725 86.75 1.03408e-14 8.59617 48.1895 -28.621 -11 70.7321 -29 -8.96472 82.2 -6.1363 11 47.268 -29 5.23205 28.4 -23.5 -4.82963 83.1 -1.2941 -10 70.621 -28.621 1.73205 87 -11 8.5 87 -22.4019 8.75005 85.33 -25.56 -7.17157 79 -14.8284 -14.3356 87 -27.547 -10 67.379 -23.5 -1.29904 87 -15.95 -15 74.25 -21.299 6.61926 85.4 10.9059 10 70.621 -23.5 2.125 83.1 3.68061 -6.61926 87 -11.0941 -1.6207 86.75 1.01188e-14 14.9999 76.299 -19.25 -7.82667 82.2 -9.41766 12.5981 83.6 -26.5 1.8677 85.04 -0.572727 12.8284 82.2 7.17157 -10.5042 85.33 -24.1267 7.29019 86.45 -25 9 47.268 -29 14.9999 29.9 -19.2001 -10 82.2 -16 9.86 86.6 -26.3625 14 79 10 -14 79 -10 11.7321 60 -28.8 13.3807 87 -10.9059 10.14 86.6 -26.3625 -9.49578 85.33 -24.1267 9.41766 82.2 -14.1733 -12 82.2 13.4641 11.2499 85.33 -25.56 13.5 76.299 -19.25 7.61843 86.3 -23.625 12.25 85.4 -12 1.29904 87 -15.95 14.75 79 14.933 -10 85.4 -15.5 11.5 87 -22.4019 -10 86.5598 -22.4 -10.5823 82.2 -7.82667 2.75546e-17 85.04 -2.25 4 6.4 -21.466 -4.35 78.4 -19.0402 3.5 78.4 -20.6 10.5823 82.2 -14.1733 9.67513 85.33 -23.9473 -12.5981 83.6 -23.5 6.5359 82.2 12 0 14.7 -10.7 -13.0311 87 11.75 8.92592 86.6 -24.755 -10.1422 78.7 2.7176 13.5 85.4 -12 -10.9699 85.33 -24.16 10.3249 85.33 -23.9473 -9.41766 82.2 -7.82667 2.675 48.26 4.63324 1.6207 86.75 9.67471e-15 -13.5 75.75 -18.701 -11.1099 85.33 -25.8025 -6.61926 85.4 9.09413 5.1677 48.26 1.38468 10 82.2 -6 6.6459 87 -11 -14.5 87 15 8 79 -6.5359 -8 79 6.5359 -10.7492 85.33 -25.8077 14.9999 29.9 -20.7999 -10.8897 85.33 -24.1718 8.26795 60 -28.8 -12.4749 87 -14.4749 7.82667 82.2 -12.5823 13.8637 79 -13.0353 10 86.6 -26.4 -4.82963 87 -1.2941 -15 75.75 -18.701 -9.03005 85.33 -24.16 3.4725 86.75 9.45267e-15 11.0741 86.6 -24.755 -3.78302 18.98 -3.78302 -8 82.2 13.4641 -8.89005 85.33 -25.8025 11.4038 49.8105 -28.621 -10.9059 87 13.3807 -9.25078 85.33 -25.8077 12.7098 86.45 -25 1.55431e-15 78.5 10.7 8.96472 82.2 -15.8637 -12.45 86.6 -25 -4.2 78.4 -19 -9.11032 85.33 -24.1718 -3.22378 86.683 -1.86125 13.3807 85.4 10.9059 -10.8897 85.33 -25.8282 -4.75 79 8.22724 4.75 79 -8.22724 -7.8 59 -29 9.09327 78.7 -5.25 12 59 -28.8 12.3816 86.3 -23.625 -0.522106 86.75 -1.69181 -1.94856 85.04 -0.675 -10.7492 85.33 -24.1923 5.5 55.4 -23.5 -11.1099 85.33 -24.1975 -1.9853 86.2936 3.43864 14.9999 29.2072 -19.6 -11.5 87 -27.5981 7.52513 85.4 12.4749 -10.9699 85.33 -25.84 9.5 79 8.34244e-15 -9.5 79 1.07849e-14 1.38468 48.26 -5.1677 0.522106 86.75 -1.69181 -11.0084 86.6 -25 -9.09413 87 13.3807 6.71751 79 6.71751 -6.71751 79 -6.71751 -8.379 69 -23.5 -6.0359 28.1025 -28.7 -7.40192 83.6 -23.5 6.96891 85.4 -13.75 -1.01082 86.5 -3.77244 -3.0052 83.1 -3.0052 -9.11032 85.33 -25.8282 -2.76162 86.5 2.76162 -9.25078 85.33 -24.1923 11.0353 82.2 -15.8637 12 79 -6.5359 -12 79 6.5359 7 83.6 -25 4.82963 83.1 -1.2941 -3.00727 86.75 -1.73625 -0.898749 86.75 -3.35418 8.59617 49.8105 -28.621 -3.53553 83.1 3.53553 0 18.98 -5.35 7.25 83.6 -25 -2.675 48.26 4.63324 -13.5 51.299 -19.25 12.1733 82.2 -12.5823 14.5 79 15 6 79 10 -6 79 -10 -6.96891 87 11.75 -8.89005 85.33 -24.1975 9.09413 85.4 -15.3807 -12.3468 86.45 -23.6451 -9.03005 85.33 -25.84 11.9053 57.9 -29 -3.5 78.4 -20.6 -7.52513 87 -14.4749 13.4641 82.2 12 -11.125 85.4 -13.9486 10 82.2 -14.25 -8.99156 86.6 -25 1.01082 86.5 -3.77244 -1.73205 84.4 -9 14.8105 30.4287 -20.3053 8.875 82.2 11.9486 -8.5 87 -27.5981 -4 6.4 -21.466 -15 51.299 -19.25 -1.38468 48.26 -5.1677 0.898749 86.75 -3.35418 -10 86.3 -22.25 8 59 -28.8 1.94856 85.04 -0.675 13.3541 87 -11 -13.3807 87 -12.9059 -14.75 87 14.933 -12.2 59 -29 14.8105 12.4287 -19.6947 1.9853 86.2936 3.43864 7.52513 85.4 7.52513 8.25 87 6.96891 4.5 27.6679 -24.5 -11.621 69 -23.5 10.9059 85.4 -15.3807 -7.55 86.6 -25 -10.5042 85.33 -25.8733 4 6.4 -19.734 -8.875 85.4 -13.9486 -9.1895 50.4038 -23.5 12.725 30.4287 -20.3053 -1.73205 84.4 9 -9.49578 85.33 -25.8733 12.4749 85.4 12.4749 -10 85.4 12.25 11.125 82.2 11.9486 11.7321 58 -28.8 7.56604 78.5 7.56604 3.22378 86.683 -1.86125 5.23205 54.4 -23.5 12.725 12.4287 -19.6947 -2.00885 85.04 0.9 8.05144 85.4 -8.875 1.31037e-15 14.7 10.7 -12.1733 85.4 10.5823 8.09474 57.9 -29 8.78756 85.33 -25.7 6.61926 87 -11.0941 1.73205 84.4 -9 -14.933 79 14.75 -13.3807 85.4 -9.09413 7.17157 79 -14.8284 -10.8105 50.4038 -23.5 2.76162 86.5 2.76162 -13.5 87 10 3.0052 83.1 -3.0052 13.0311 85.4 -13.75 -7.65324 86.45 -23.6451 14.9999 76.299 -20.75 -5.1677 48.26 1.38468 12.75 83.6 -25 11.75 87 6.96891 13 83.6 -25 8.7 86.5598 -27.2517 -13.5 75 -21.5 3.00727 86.75 -1.73625 4.82963 87 -1.2941 -3.53553 87 3.53553 10 87 13.5 2.7176 78.7 -10.1422 4.5 18.132 -24.5 10 82.2 -7.75 -12.3816 83.6 -23.625 15 87 -22.5 13.5 76.299 -20.75 11.2124 85.33 -25.7 -8.59617 48.1895 -28.621 1.73205 84.4 9 3.53553 83.1 3.53553 12.4749 85.4 7.52513 7.82667 82.2 -9.41766 -2.79636e-15 79 -18.2 1.16341e-15 78.7 9.5 -11.591 82.2 8.40901 -15 75 -21.5 8.26795 58 -28.8 11.4038 48.1895 -23.5 8.96472 82.2 -6.1363 -5.6363 27.1377 -23.5 -13.4641 82.2 -8 -4.5 6.1 -17 -1 87 11.7321 11.9486 85.4 -8.875 6.61926 85.4 9.09413 14.8105 11.5947 -19.4713 2.00885 85.04 0.9 -11.2124 85.33 -24.3 -10 61 -28.8 11.3 86.5598 -27.2517 -6.61926 87 -12.9059 -7.82667 85.4 10.5823 -5.5 6.1 -17 14.9999 12.5928 -19.6 2.58385 14.7 -0.692341 -0.963454 86.683 -3.59566 -14 82.2 10 -3.77244 86.5 1.01082 -11.4038 48.1895 -28.621 11.0353 82.2 -6.1363 -9 47.268 -29 -5.5 26.1025 -28.7 1 87 11.7321 8.59617 48.1895 -23.5 12.725 11.5947 -19.4713 -10 83.6 -22 -8.40901 82.2 8.40901 12.8284 79 -14.8284 -10.5823 85.4 12.1733 -8.78756 85.33 -24.3 -10 70.621 -23.5 -4 6.4 -19.734 2.31662 18.98 1.3375 7.56604 14.7 7.56604 0.692341 14.7 2.58385 10.8105 70.4038 -28.621 -12.25 82.2 10 13.3807 87 -11.0941 10 57 -28.8 0.963454 86.683 -3.59566 -7.61843 83.6 -23.625 12.1733 82.2 -9.41766 -11.9486 85.4 8.875 -6.61926 85.4 -9.09413 9.49578 85.33 -24.1267 -2.7176 78.7 -10.1422 -9.41766 85.4 12.1733 -11 47.268 -29 -6.5 87 10 1.3375 14.7 -2.31662 10 82.2 -16 6 79 -10 -6 79 10 -8.26795 60 -28.8 -3.9706 86.2936 9.89675e-15 5.35 78.5 9.26647 6.71751 79 -6.71751 -6.71751 79 6.71751 2.675 18.98 4.63324 -12.4749 85.4 -7.52513 1.11022e-16 86.75 -3.4725 -0.692341 14.7 2.58385 10.5042 85.33 -24.1267 8 82.2 13.4641 5.1677 18.98 1.38468 9.1895 70.4038 -28.621 12 79 13.4641 10.3354 78.5 2.76936 3.53553 87 3.53553 10 85.4 -15.5 10 86.5598 -22.4 9.41766 82.2 -7.82667 -4.5 6.1 -23.5 -1.11022e-16 86.5 -3.90551 14.9999 11.5 -20.6928 -13.5 51.299 -20.75 7.40192 83.6 -23.5 14.9999 50.75 -21.299 6.96891 87 11.75 -5.5 6.1 -23.5 9.03005 85.33 -24.16 -2.58385 14.7 -0.692341 10.5823 82.2 -7.82667 -1.3375 14.7 -2.31662 8.89005 85.33 -25.8025 -6.5359 82.2 -8 14.8105 29.9 -20.6105 13.3807 85.4 9.09413 -11.125 82.2 -8.05144 -8.05144 85.4 8.875 -15 51.299 -20.75 8.22724 78.7 4.75 -2.31662 18.98 1.3375 9.25078 85.33 -25.8077 13.5 50.75 -21.299 -0.810351 86.75 1.40357 9.11032 85.33 -24.1718 -11.7321 60 -28.8 -9.09327 78.7 -5.25 -7.75 82.2 10 4.5 6.4 -19.6 7.52513 87 -14.4749 1.89151 18.98 -1.89151 -4.44089e-16 87 -8 4.5 53.6679 -24.5 10.9699 85.33 -24.16 -2 87 10 -13.0311 87 8.25 -11.591 82.2 11.591 1.38468 18.98 -5.1677 12 82.2 13.4641 14.9999 51.5 -20 12.725 29.9 -20.6105 11.1099 85.33 -25.8025 8 79 13.4641 -8.59617 49.8105 -28.621 6.71751 78.7 -6.71751 3.77244 86.5 1.01082 9.09413 87 13.3807 10.7492 85.33 -25.8077 0.810351 86.75 1.40357 14.9999 12.3 -19.3072 7.55 86.6 -25 -7.52513 85.4 -7.52513 10.8897 85.33 -24.1718 -6 82.2 10 9.11032 85.33 -25.8282 -8.875 82.2 -8.05144 11.4038 49.8105 -23.5 -8 59 -28.8 4 6.4 -24.5 -2.675 18.98 4.63324 -10.9059 87 6.61926 9.25078 85.33 -24.1923 8.89005 85.33 -24.1975 -1.73625 86.75 3.00727 13.5 51.5 -20 8.5 87 -27.5981 9.03005 85.33 -25.84 8.99156 86.6 -25 10.9059 87 13.3807 -7.56604 78.5 7.56604 -0.437855 86.75 -1.90384 12.5981 83.6 -23.5 14.3356 87 -27.547 10.8897 85.33 -25.8282 -1.5 79 -16.7 5.35 14.7 9.26647 10.7492 85.33 -24.1923 -1.2941 83.1 -4.82963 -13.8637 82.2 -13.0353 -1.38468 18.98 -5.1677 -9.09413 87 6.61926 -11.4038 49.8105 -28.621 -8.40901 82.2 11.591 -13.5 76.299 -19.25 -1.89151 18.98 -1.89151 0.437855 86.75 -1.90384 -14.933 87 14.75 -10 87 -6.5 10.3354 14.7 2.76936 5.35 48.26 9.45267e-15 3.9706 86.2936 1.01188e-14 -1.55885 86.75 1.35 14 79 -10 -14 79 10 13.0311 87 11.75 11.1099 85.33 -24.1975 -2.00885 85.04 -0.9 4.5 44.132 -24.5 2 87 10 8.59617 49.8105 -23.5 7.65324 86.45 -23.6451 -10.3249 85.33 -26.0527 10.9699 85.33 -25.84 -8.09474 57.9 -29 12.4749 87 -14.4749 6.12323e-16 83.1 5 2.76936 78.5 -10.3354 8.875 85.4 -13.9486 11.0084 86.6 -25 3.27593e-16 14.7 2.675 -9.67513 85.33 -26.0527 9.26647 78.5 -5.35 -15 76.299 -19.25 11.5 87 -27.5981 1.73625 86.75 3.00727 10 86.3 -22.25 -12 59 -28.8 14.9999 11.2072 -20.4 -10 86.5598 -27.6 6.61926 87 -12.9059 -11.375 86.3 -27.3816 -13.3807 85.4 -10.9059 1.2941 83.1 -4.82963 5.5 5.4 -24.5 -11.2499 85.33 -24.44 -1.42985 86.75 1.33111 12.45 86.6 -25 1.5 79 -16.7 9.49578 85.33 -25.8733 10.8105 47.5962 -28.621 -6.96891 87 8.25 -14.75 79 14.933 3.33067e-16 86.683 -3.7225 -5.35 78.5 9.26647 11.125 85.4 -13.9486 -5.1677 18.98 1.38468 14.8105 12.2053 -20.5287 -11.0741 86.6 -25.245 1.55885 86.75 1.35 13.9778 1.9 -28.7 10.5042 85.33 -25.8733 10 85.4 12.25 -10 86.6 -23.6 -8.26795 58 -28.8 -10.5823 85.4 -14.1733 9.1895 47.5962 -28.621 -5 83.1 1.05932e-14 7.82667 85.4 10.5823 2.00885 85.04 -0.9 -11.9053 57.9 -29 14.5 87 15 6.61926 85.4 -9.09413 -8.75005 85.33 -24.44 12.725 5.9 -17 -8.625 86.3 -27.3816 -4.5 6.4 -19.6 6.5 87 10 -4.25 83.1 1.04554e-14 -9.41766 85.4 -14.1733 1.42985 86.75 1.33111 12.3468 86.45 -23.6451 10 56.8 -29 12.725 12.2053 -20.5287 14.8105 30.2052 -19.4713 -8.92592 86.6 -25.245 -1.2941 87 -4.82963 11.1 57.0947 -29 -1.2041 86.75 1.29806 -4 6.4 -24.5 10 51 -29 -1.78385 86.75 1.28971 -7.56604 14.7 7.56604 -2.76936 78.5 -10.3354 7.61843 83.6 -23.625 -1.94856 85.04 0.675 -12 82.2 -6.5359 -1 87 8.26795 9.99201e-16 87 5 -11.3 86.5598 -22.7483 -12.1733 85.4 -12.5823 -6.1363 82.2 -13.0353 8.40901 82.2 8.40901 -11.7321 58 -28.8 -10.14 86.6 -23.6375 -8.59617 48.1895 -23.5 12.725 30.2052 -19.4713 -6.0359 28.1025 -23.5 -9.86 86.6 -23.6375 6.5359 82.2 -8 2.76936 14.7 -10.3354 8.9 57.0947 -29 1.2941 87 -4.82963 5.23205 4.4 -24.5 -13.0311 87 -8.25 1.2041 86.75 1.29806 8.78756 85.33 -24.3 11 57.268 -26.4 9.26647 14.7 -5.35 -14 79 -12 13.3807 87 -12.9059 12.1733 85.4 10.5823 -6.61926 85.4 -10.9059 1 87 8.26795 13.4641 79 12 -14.5 79 15 14.8105 11.3713 -20.3053 -8.7 86.5598 -22.7483 6 82.2 10 1.78385 86.75 1.28971 10.5 78.7 9.03177e-15 11.7321 50 -29 12.725 5.9 -23.5 -5.35 14.7 9.26647 -11.4038 48.1895 -23.5 -12 82.2 6.5359 4.5 78.4 -23.5 10 83.6 -22 -11.9486 82.2 -13.125 -5 87 1.04519e-14 9 57.268 -26.4 11.591 82.2 8.40901 -1.9853 86.2936 -3.43864 -6.71751 78.7 -6.71751 3.63397 6.4 -21.1 -1.72621 86.75 -0.39375 1.94856 85.04 0.675 9.41766 85.4 12.1733 11.2124 85.33 -24.3 9.5 78.7 9.093e-15 -8 82.2 -6.5359 -10 87 6.5 -5.35 48.26 1.07849e-14 -10.9059 87 -6.61926 -10 86.45 -22.2902 -9.1895 70.4038 -28.621 -11.75 87 13.0311 -0.389711 86.75 -2.025 7.75 82.2 10 -10 57 -28.8 12.3816 83.6 -23.625 -7.82667 85.4 -12.5823 14.75 87 14.933 13.3807 85.4 -9.09413 8.05144 85.4 8.875 -13.3541 85.4 -11 12.725 11.3713 -20.3053 10.8105 70.4038 -23.5 10.5823 85.4 12.1733 -8.22724 78.7 4.75 4.75 78.7 -8.22724 13.5 87 10 0.389711 86.75 -2.025 -4.5 5.4 -24.5 -10 85.4 -14.25 -0.75 87 -17.999 7.52513 85.4 -7.52513 -11.125 85.4 11.9486 -12.725 79 -23.5 -3.67394e-16 84.4 12 -9.09413 87 -6.61926 -10.8105 70.4038 -28.621 14.8105 30.5105 -20 -8 79 13.4641 8.26795 50 -29 -2.76936 14.7 -10.3354 9.1895 70.4038 -23.5 4.25 83.1 9.41447e-15 -10.3354 78.5 2.76936 -13.5 76.299 -20.75 0.75 87 -17.999 -10.2724 85.33 -26.1846 14.9999 75.75 -21.299 1.72621 86.75 -0.39375 14.9999 48.5 -20 -6.96891 87 -8.25 -8.05144 82.2 -13.125 -8 82.2 6.5359 5 83.1 9.36855e-15 -9.72756 85.33 -26.1846 -11.1621 86.6 -25.3564 1.9853 86.2936 -3.43864 4.5 70.1321 -24.5 -2.22045e-15 79 -15.2 -8.25 87 13.0311 13.4641 82.2 -8 -8.875 85.4 11.9486 -6.53636e-16 85.04 2.25 12.725 30.5105 -20 -15 76.299 -20.75 8.875 82.2 -8.05144 -10 83.6 -22.25 11.9486 85.4 8.875 12 49 -29 13.5 75.75 -21.299 11.4038 68.1895 -28.621 3.5 3.4 -24.5 13.5 48.5 -20 12.25 82.2 10 6.5359 79 12 -15 79 -17 -12.8284 82.2 -14.8284 -11.2124 85.33 -24.58 -6 79 -12 6.96891 87 8.25 -1.2941 83.1 4.82963 8.40901 82.2 11.591 14.9999 76.5 -20 -8.83787 86.6 -25.3564 14.9999 49.25 -18.701 -12 79 13.4641 -1.8677 85.04 0.572727 -11.375 86.3 -22.6184 -1.73205 84.4 -11 12.4749 85.4 -7.52513 -10 85.4 -7.75 -10.2425 86.6 -23.74 14 82.2 10 11.125 82.2 -8.05144 -4.23205 4.4 -24.5 -8.59617 49.8105 -23.5 0 83.1 -5 -3.63397 6.4 -21.1 9.09413 87 6.61926 -9.75751 86.6 -23.74 5.35 18.98 9.45267e-15 -6.6459 85.4 -11 -12.725 79 -17 13.5 76.5 -20 -12.1733 85.4 -9.41766 12.8284 79 7.17157 -12.8284 79 -7.17157 8.59617 68.1895 -28.621 13.5 49.25 -18.701 -11.75 85.4 6.96891 11 67.2679 -29 -5.5 26.1025 -23.5 -8.78756 85.33 -24.58 -13.5 87 -10 4.75 78.7 8.22724 1.2941 83.1 4.82963 -12.1218 86.6 -23.775 -4.5 78.4 -23.5 8 49 -29 6.1363 82.2 -13.0353 10.9059 87 6.61926 11.591 82.2 11.591 -9.26647 78.5 -5.35 -8.625 86.3 -22.6184 -14.054 79 -28.5 -14.0399 79 -28.5 10 87 -6.5 -10 87 -28 -2.63221 86.683 2.63221 5 87 9.00858e-15 -11.4038 49.8105 -23.5 9 67.2679 -29 9.67513 85.33 -26.0527 2.675 18.98 9.51091e-15 -11.2124 86.6 -25.42 -10.3354 14.7 2.76936 1.8677 85.04 0.572727 1.73205 84.4 -11 -0.225 85.04 2.18971 -13.3807 85.4 -11.0941 -4.5 79 -23.5 10.3249 85.33 -26.0527 0.225 85.04 2.18971 -10.2425 85.33 -26.26 11.7321 48 -29 -4.75 78.7 -8.22724 -7.17157 82.2 -14.8284 -2.5 3.4 -24.5 10 86.5598 -27.6 -9.75751 85.33 -26.26 -8.25 85.4 6.96891 -1 87 -8.26795 8.625 86.3 -27.3816 6.61926 85.4 -10.9059 8.75005 85.33 -24.44 -3.59566 86.683 0.963454 -1.94856 86.75 1.125 -10 85.4 13.5 -9.1895 47.5962 -28.621 -7.82667 85.4 -9.41766 13.0311 87 8.25 -1.2941 87 4.82963 -13.5 50.75 -21.299 14.9999 12.3 -20.6928 -11.1621 85.33 -24.6436 -5.5 1.9 -28.7 -1.94856 85.04 -1.125 10.8105 47.5962 -23.5 -8.78756 86.6 -25.42 8.92592 86.6 -25.245 -7.87824 86.6 -23.775 -11.125 82.2 8.05144 -14 82.2 -10 3.63397 78.4 -20.1 10 86.6 -23.6 1.11022e-16 87 -5 9.41766 85.4 -14.1733 7.17157 79 7.17157 -7.17157 79 -7.17157 -11.3549 86.45 -27.3468 1 87 -8.26795 -10.8105 47.5962 -28.621 -15 32.361 -17 -15 50.75 -21.299 14.9999 12.6999 -20 -10.5823 85.4 -7.82667 9.1895 47.5962 -23.5 11.2499 85.33 -24.44 11.375 86.3 -27.3816 8.26795 48 -29 -15 87 14.5 -8.83787 85.33 -24.6436 -10.2724 86.6 -23.8154 10.5823 85.4 -14.1733 -12.25 82.2 -10 -10 56.8 -29 1.2941 87 4.82963 11 60.732 -28.8 -13.5 51.5 -20 14.9999 1.9 -17 11.0741 86.6 -25.245 2.63221 86.683 2.63221 -9.72756 86.6 -23.8154 5.1677 48.26 -1.38468 11.4038 69.8105 -28.621 -8.875 82.2 8.05144 -9.41766 85.4 -7.82667 -8.9 57.0947 -29 4.5 6.4 -19.3 -6.5 87 -10 -10 51 -29 -2.675 18.98 1.01661e-14 -13.4641 82.2 8 1.94856 86.75 1.125 -8.6451 86.45 -27.3468 8 82.2 -6.5359 1.94856 85.04 -1.125 14.9999 29.1001 -20 -15 51.5 -20 8.7 86.5598 -22.7483 -9.26647 14.7 -5.35 7.82667 85.4 -12.5823 -11.225 86.6 -27.1218 13.8637 82.2 -13.0353 9 60.732 -28.8 9.86 86.6 -23.6375 -3.43864 86.2936 -1.9853 -6.61926 85.4 -11.0941 10.14 86.6 -23.6375 5.5 29.4 -24.5 -3.77244 86.5 -1.01082 -0.225 86.75 -2.18971 -11.1 57.0947 -29 6.96891 87 -8.25 0.225 86.75 -2.18971 -1.8677 86.75 -0.572727 -9 57.268 -26.4 6 79 -12 -4.75 78.7 8.22724 8.22724 78.7 -4.75 8.59617 69.8105 -28.621 14.9999 29.5 -19.3072 -5.35 18.98 1.07849e-14 2.31662 14.7 1.3375 13.3807 85.4 -10.9059 10 47 -29 -6.5359 79 12 -11.5 83.6 -22.4019 -12 79 -15.4641 1.38468 48.26 5.1677 -1.41962 79 -17 -8.775 86.6 -27.1218 11.3 86.5598 -22.7483 3.59566 86.683 0.963454 -9.5 78.7 1.14198e-14 11.475 3.73494 -17 -7.75 82.2 -10 6.71751 78.7 6.71751 14.933 87 14.75 -8.26795 50 -29 4.5 79 -23.5 8 82.2 6.5359 8.05144 82.2 -13.125 -2 87 -10 -11 57.268 -26.4 -13.0311 85.4 11.75 -11.591 82.2 -8.40901 -10.5 78.7 1.16035e-14 12 82.2 -6.5359 10 87 6.5 -3.63397 78.4 -20.1 2.675 48.26 -4.63324 9.09413 87 -6.61926 10 86.45 -22.2902 8.25 87 13.0311 -12.5981 87 -26.5 12.1733 85.4 -12.5823 6.6459 85.4 -11 -6 82.2 -10 6.66134e-16 86.5 3.90551 -3.53553 83.1 -3.53553 -10.14 85.33 -26.3625 -9.1895 70.4038 -23.5 -9.86 85.33 -26.3625 -8.5 83.6 -22.4019 -1.38468 48.26 5.1677 1.8677 86.75 -0.572727 10 85.4 -14.25 -12.4749 85.4 -14.4749 -11.75 87 -15.0311 4.5 27.6679 -24 1.41962 79 -17 8.875 85.4 11.9486 13.8637 79 8.96472 -13.8637 79 -8.96472 10.9059 87 -6.61926 -3.55271e-15 87 -18.2 -8 79 -15.4641 -6.5359 82.2 8 5.23205 17.4 -23.5 -11.7321 50 -29 -2.31662 14.7 1.3375 -10.8105 70.4038 -23.5 -10.9059 85.4 13.3807 -12.2517 86.5598 -26.3 -3.0052 83.1 3.0052 5.23205 28.4 -24.5 -8.40901 82.2 -8.40901 9.72756 85.33 -26.1846 -11.0741 85.33 -24.755 11.0353 79 13.8637 1.89151 14.7 -1.89151 14.9999 73.5 -20 -0.75 79 -15.401 0 86.75 -2.25 13.0311 87 -8.25 11.9486 82.2 -13.125 12 82.2 6.5359 2 87 -10 10.2724 85.33 -26.1846 3.43864 86.2936 -1.9853 8.83787 86.6 -25.3564 -1.77636e-15 87 8 -11.2499 86.6 -25.56 11.75 87 13.0311 -4.5 6.4 -19.3 11.125 85.4 11.9486 11.475 3.73494 -23.5 -1.72621 85.04 0.39375 -9.09413 85.4 13.3807 10 83.6 -22.25 -8 49 -29 3.77244 86.5 -1.01082 13.5 73.5 -20 -8.59617 68.1895 -28.621 -12.8284 82.2 12.8284 0.75 79 -15.401 -11.375 83.6 -27.3816 -10 85.33 -26.4 -8.25 87 -15.0311 -13.4641 79 12 7.17157 82.2 -14.8284 8.96472 79 13.8637 -5.1677 48.26 -1.38468 -8.92592 85.33 -24.755 11.4038 68.1895 -23.5 8.78756 85.33 -24.58 4.5 18.132 -24 -2.675 48.26 -4.63324 14 79 -12 4.5 78.4 -21.6 -7.40192 87 -26.5 -6.96891 85.4 11.75 14.9999 74.25 -18.701 11.1621 86.6 -25.3564 -7.52513 85.4 -14.4749 -0.389711 85.04 2.025 -8.75005 86.6 -25.56 8.625 86.3 -22.6184 10 85.4 -7.75 9.75751 86.6 -23.74 -3.53553 87 -3.53553 -1.89151 14.7 -1.89151 0.389711 85.04 2.025 -7.74833 86.5598 -26.3 10.2425 86.6 -23.74 13.3541 85.4 -11 13.5 74.25 -18.701 -10.3249 86.6 -23.9473 -13.3807 85.4 -12.9059 7.82667 85.4 -9.41766 7.17157 79 -7.17157 -7.17157 79 7.17157 12.725 79 -23.5 -11.4038 68.1895 -28.621 -8.625 83.6 -27.3816 -11.591 85.4 8.40901 8.25 85.4 6.96891 -9 67.2679 -29 -1.94856 86.75 -0.675 1.72621 85.04 0.39375 -1 84.4 11.7321 11.2124 85.33 -24.58 3.53553 83.1 -3.53553 14.8105 11.2895 -20 5.5 16.4 -23.5 -9.67513 86.6 -23.9473 6.5 87 -10 -4.82963 83.1 1.2941 8.59617 68.1895 -23.5 7.87824 86.6 -23.775 -12 49 -29 3.0052 83.1 3.0052 -1.78385 85.04 -1.28971 11.375 86.3 -22.6184 10 87 -28 -2.76162 86.5 -2.76162 -10 86.3 -27.75 -2.80764 86.2936 2.80764 6.1363 79 8.96472 -6.1363 79 -8.96472 -11 67.2679 -29 1 84.4 11.7321 -1 87 -11.7321 8.78756 86.6 -25.42 12.725 11.2895 -20 6.61926 85.4 -11.0941 4.45981 6.4 -19.15 -1.2041 85.04 -1.29806 -7.17157 82.2 12.8284 -13.5 85.4 10 9.75751 85.33 -26.26 -8.26795 48 -29 -8.40901 85.4 8.40901 12.8284 82.2 -14.8284 5.5 55.4 -24.5 10.2425 85.33 -26.26 11.75 85.4 6.96891 9.1763 79 2.45878 -9.1763 79 -2.45878 14.8105 30.4287 -19.6947 1.94856 86.75 -0.675 10 85.4 13.5 -13.5 75.75 -21.299 -12.25 85.4 10 12.1733 85.4 -9.41766 -13.5 48.5 -20 8.83787 85.33 -24.6436 1 87 -11.7321 -11.9486 82.2 11.125 -9.1895 47.5962 -23.5 1.78385 85.04 -1.28971 11.2124 86.6 -25.42 -6.71751 78.7 6.71751 1.2041 85.04 -1.29806 10.7 78.5 9.00858e-15 12.1218 86.6 -23.775 8.875 82.2 8.05144 6 82.2 -10 5.1677 18.98 -1.38468 -3.35418 86.75 0.898749 12.725 79 -17 -1.01082 86.5 3.77244 12.8284 79 -7.17157 -12.8284 79 7.17157 8.6451 86.45 -27.3468 -15 75.75 -21.299 -1.42985 85.04 -1.33111 -15 48.5 -20 12.725 30.4287 -19.6947 10 61 -26.4 9.09327 78.7 5.25 9.41766 85.4 -7.82667 -10.8105 47.5962 -23.5 -13 87 -25 3.53553 87 -3.53553 -2.00885 86.75 0.9 -11.7321 48 -29 -8.22724 78.7 -4.75 -6.61926 85.4 -12.9059 11.1621 85.33 -24.6436 -4.82963 87 1.2941 9.72756 86.6 -23.8154 -13.4641 79 -14 10 47.379 -28.621 -11.75 87 -6.96891 -13.5 76.5 -20 7.75 82.2 -10 -9 60.732 -28.8 -13.5 49.25 -18.701 -4.5 78.4 -21.6 -1.5 87 -16.7 14.9999 48.701 -19.25 10.2724 86.6 -23.8154 2.76162 86.5 -2.76162 -8.59617 69.8105 -28.621 11.125 82.2 8.05144 10.5823 85.4 -7.82667 -1.55885 85.04 -1.35 13.5 87 -10 1.01082 86.5 3.77244 14.9999 79 -17 -5.5 1.9 -17 2.80764 86.2936 2.80764 -11.3549 86.45 -22.6532 6.5359 82.2 8 11.4038 69.8105 -23.5 4.5 53.6679 -24 14.8105 11.5947 -20.5287 -10.5823 82.2 7.82667 -11.125 85.4 -8.05144 11.3549 86.45 -27.3468 -15 76.5 -20 -3.67394e-16 84.4 -8 1.89151 18.98 1.89151 -8.05144 82.2 11.125 -15 49.25 -18.701 1.42985 85.04 -1.33111 -2 84.4 10 -7.75 85.4 10 8.775 86.6 -27.1218 13.5 48.701 -19.25 1.38468 18.98 5.1677 -11 60.732 -28.8 5.23205 43.4 -23.5 4.5 6.4 -24 -2.125 83.1 -3.68061 13.3807 85.4 -11.0941 -9.41766 82.2 7.82667 5.23205 54.4 -24.5 -11.591 85.4 11.591 14.0398 79 -28.5 14.054 79 -28.5 -6.5 85.4 10 14.8105 29.5947 -19.4713 12.725 11.5947 -20.5287 11.7321 60 -26.4 -11.4038 69.8105 -28.621 1.5 87 -16.7 4.82963 83.1 1.2941 10 79 14 2.7176 78.7 10.1422 -8.25 87 -6.96891 -11.2124 86.6 -25.7 -8.875 85.4 -8.05144 2.00885 86.75 0.9 -8.6451 86.45 -22.6532 1.55885 85.04 -1.35 -10 47 -29 2.675 18.98 -4.63324 6.66134e-16 48.26 5.35 8.5 83.6 -22.4019 8.59617 69.8105 -23.5 8 79 -15.4641 -0.437855 85.04 1.90384 14.9999 30.5928 -19.6 11.225 86.6 -27.1218 -12.1733 82.2 9.41766 12.25 82.2 -10 -4.45981 6.4 -19.15 -13.8637 82.2 11.0353 -1.38468 18.98 5.1677 0.437855 85.04 1.90384 3.35418 86.75 0.898749 4 78.4 -21.466 4.5 44.132 -24 12.725 29.5947 -19.4713 10.7 14.7 9.01952e-15 6.96891 85.4 11.75 -1.89151 18.98 1.89151 8.40901 82.2 -8.40901 -7 87 -25 -11.375 83.6 -22.6184 2 84.4 10 -8.40901 85.4 11.591 -1.02767 86.2936 -3.8353 10.8105 67.5962 -28.621 2.31662 18.98 -1.3375 -8.78756 86.6 -25.7 -11.0353 82.2 6.1363 -3.59566 86.683 -0.963454 -6.67157 28.9309 -28.7 7.40192 87 -26.5 14 82.2 -10 9.86 85.33 -26.3625 2.125 83.1 -3.68061 -0.810351 85.04 -1.40357 8.26795 60 -26.4 4.35 6.4 -19.0402 10.14 85.33 -26.3625 11.5 83.6 -22.4019 -6.5359 79 -14 7.52513 85.4 -14.4749 8.25 87 -15.0311 -2.45543 86.75 -2.45543 3.78302 48.26 3.78302 -2.45543 86.75 2.45543 6.1363 79 -8.96472 -6.1363 79 8.96472 9.1895 67.5962 -28.621 5.5 42.4 -23.5 -13.0311 85.4 8.25 1.02767 86.2936 -3.8353 12 79 -15.4641 13.4641 82.2 8 12.3901 4.65 -17 0 78.7 -9.5 -8.96472 82.2 6.1363 7.74833 86.5598 -26.3 9.09413 85.4 13.3807 0.810351 85.04 -1.40357 -3.8353 86.2936 1.02767 -8.625 83.6 -22.6184 11.621 49 -28.621 11.591 82.2 -8.40901 8.92592 85.33 -24.755 -8.96472 79 13.8637 -5.1677 18.98 -1.38468 14.9999 29.5 -20.6928 12 59 -26.4 -7.82667 82.2 9.41766 -2.7176 78.7 10.1422 -10.9059 85.4 6.61926 -2.675 18.98 -4.63324 -3.68061 83.1 -2.125 10 71 -29 4.82963 87 1.2941 8.75005 86.6 -25.56 -10 82.2 7.75 15 87 14.5 -13.5 87 -12 -2.63221 86.683 -2.63221 10.9059 85.4 13.3807 7.17157 82.2 12.8284 8.625 83.6 -27.3816 10 85.33 -26.4 11.75 87 -15.0311 -2.31662 18.98 -1.3375 -10.5042 86.6 -24.1267 -11.0353 79 13.8637 11.0741 85.33 -24.755 -9.09413 85.4 6.61926 -8.59617 68.1895 -23.5 4.2 6.4 -19 -4.5 6.4 -24 -10 85.4 -6.5 12.5981 87 -26.5 13.0311 85.4 11.75 4.5 3.66795 -23.5 14.8105 11.9 -19.3895 8.379 49 -28.621 -9.49578 86.6 -24.1267 12.4749 85.4 -14.4749 -11.5 83.6 -27.5981 2.45543 86.75 -2.45543 11.2499 86.6 -25.56 -11.591 82.2 -13.591 -1 84.4 8.26795 14.9999 30.3 -19.3072 2.45543 86.75 2.45543 -6.1363 82.2 11.0353 8 59 -26.4 12.2517 86.5598 -26.3 9.67513 86.6 -23.9473 6.61926 85.4 -12.9059 -13.3807 87 10.9059 11.375 83.6 -27.3816 -4 78.4 -21.466 3.59566 86.683 -0.963454 8.40901 85.4 8.40901 -11.0084 85.33 -25 2.675 14.7 9.51091e-15 11.7321 70 -29 12.3901 4.65 -23.5 -10.9699 86.6 -24.16 10.3249 86.6 -23.9473 12.725 11.9 -19.3895 -11.4038 68.1895 -23.5 -6.96891 85.4 8.25 -12.5981 87 -23.5 -4.10518 83.1 1.09998 -11.1099 86.6 -25.8025 -3.5 3.66795 -17 1 84.4 8.26795 14.9999 48.701 -20.75 -3.35418 86.75 -0.898749 13.8847 41 -29 -3.38227 86.5 1.95276 -14 82.2 -12 4 78.4 -19.734 -3.78302 48.26 3.78302 -10.7492 86.6 -25.8077 11.7321 58 -26.4 -10.8897 86.6 -24.1718 -8.5 83.6 -27.5981 10 86.3 -27.75 13.8637 79 -8.96472 -13.8637 79 8.96472 -8.99156 85.33 -25 2.63221 86.683 -2.63221 -8.40901 82.2 -13.591 9.1763 79 -2.45878 -9.1763 79 2.45878 -1.73205 87 11 -4.35 6.4 -19.0402 3.5 6.4 -20.6 -9.03005 86.6 -24.16 -2.22045e-15 87 -15.2 13.5 48.701 -20.75 -2.00885 86.75 -0.9 4.63324 48.26 -2.675 -10 86.6 -27.45 3.8353 86.2936 1.02767 12.8284 82.2 12.8284 6.5 85.4 10 -8.89005 86.6 -25.8025 -12.25 82.2 -12 5.23205 69.4 -23.5 -9.25078 86.6 -25.8077 -11.9486 85.4 -13.125 11.591 85.4 8.40901 -10 86.45 -27.7098 3.68061 83.1 -2.125 -9.11032 86.6 -24.1718 -10.8897 86.6 -25.8282 8.26795 70 -29 -6.5 87 -12 14.9999 29.2072 -20.4 -10.7492 86.6 -24.1923 -11.1099 86.6 -24.1975 -13.5 73.5 -20 7.75 85.4 10 -10 86.6 -22.55 -9.09327 78.7 5.25 11 50.732 -29 8.05144 82.2 11.125 -10.9699 86.6 -25.84 8.26795 58 -26.4 14.8105 30.2052 -20.5287 -9.11032 86.6 -25.8282 -9.25078 86.6 -24.1923 -2.675 14.7 1.01661e-14 -15 73.5 -20 1.73205 87 11 12 69 -29 -12.3816 86.3 -26.375 -7.40192 87 -23.5 -10 61 -26.4 4.5 70.1321 -24 -13.0311 85.4 -8.25 -4.2 6.4 -19 -3.5 3.66795 -23.5 -8.89005 86.6 -24.1975 7 87 -25 -10.7 78.5 1.16731e-14 -9.03005 86.6 -25.84 9 50.732 -29 13.3807 85.4 -12.9059 2.00885 86.75 -0.9 -6.61926 87 10.9059 6.5359 79 -14 -10 47.379 -28.621 8.25 87 -6.96891 -13.5 74.25 -18.701 2.45878 79 9.1763 -2.45878 79 -9.1763 -2.5 83.1 4.33013 -8.05144 85.4 -13.125 10 50.621 -28.621 14.9999 73.701 -19.25 12.725 30.2052 -20.5287 7.77156e-16 86.2936 -3.9706 10 47.379 -23.5 -10 82.2 6 -7.75 82.2 -12 10.1422 78.7 -2.7176 -14.054 87 -28.5 -12.4749 87 12.4749 8.6451 86.45 -22.6532 3.35418 86.75 -0.898749 -8.59617 69.8105 -23.5 3.38227 86.5 1.95276 9.41766 82.2 7.82667 8.875 85.4 -8.05144 -13.0311 87 -13.75 -15 74.25 -18.701 -10.5042 86.6 -25.8733 11.9486 82.2 11.125 6.66134e-16 18.98 5.35 5.5 68.4 -23.5 13.5 73.701 -19.25 -12.6 86.5598 -25 12.25 85.4 10 -10 85.4 6.5 4.10518 83.1 1.09998 -10.9059 85.4 -6.61926 -1.94856 86.75 0.675 10 57 -26.4 -11.75 85.4 13.0311 10.5823 82.2 7.82667 -6 82.2 -12 -3.5 6.4 -20.6 -4 78.4 -19.734 -9.49578 86.6 -25.8733 10 79 6 -10 79 -6 8.40901 85.4 11.591 -10.9059 87 -15.3807 8 69 -29 13.5 85.4 10 -8.26795 60 -26.4 -1.33227e-15 87 -12 -10 79 14 11.75 87 -6.96891 8.78756 86.6 -25.7 11.125 85.4 -8.05144 11.3549 86.45 -22.6532 -7.61843 86.3 -26.375 -11.4038 69.8105 -23.5 -9.09413 85.4 -6.61926 -12.8284 82.2 -7.17157 -12.4749 87 7.52513 14.8105 29.3713 -20.3053 7.82667 82.2 9.41766 -9.09413 87 -15.3807 6.1363 82.2 11.0353 11.7321 68 -29 -11.0353 79 -15.8637 -13.8848 79 -29 -2.45878 79 9.1763 2.45878 79 -9.1763 3.78302 18.98 3.78302 -4.63324 48.26 -2.675 2.5 83.1 4.33013 -0.522106 85.04 1.69181 14.8105 11.3713 -19.6947 -6.96891 85.4 -8.25 13 87 -25 8.625 83.6 -22.6184 -8.25 85.4 13.0311 11.591 85.4 11.591 -7.52513 87 12.4749 -9.1895 67.5962 -28.621 11.2124 86.6 -25.7 8.96472 82.2 6.1363 1.94856 86.75 0.675 0.522106 85.04 1.69181 -2.5 87 4.33013 12.725 29.3713 -20.3053 10.8105 67.5962 -23.5 -10.7 14.7 1.16403e-14 -11.7321 60 -26.4 13.4641 79 -14 -7.4 86.5598 -25 -8.96472 79 -15.8637 -1 84.4 -8.26795 -11.2124 86.6 -24.3 12.725 11.3713 -19.6947 4.5 78.4 -19.6 -6.96891 87 -13.75 -10.8105 67.5962 -28.621 6.96891 85.4 8.25 14.9999 12.5928 -20.4 11.0353 82.2 6.1363 9.1895 67.5962 -23.5 8.26795 68 -29 11.375 83.6 -22.6184 14.9999 50 -18.5 -8.379 49 -28.621 -10 83.6 -27.75 -8 59 -26.4 12.1733 82.2 9.41766 -13.5 48.701 -19.25 9.09413 85.4 6.61926 11.621 49 -23.5 -15 79 -22.5 -15 79 -22.5 -10 71 -29 1 84.4 -8.26795 -7.52513 87 7.52513 -1.6207 85.04 9.29662e-15 -1.29904 79 -17.45 -11.125 85.4 8.05144 4 78.4 -24.5 10 82.2 7.75 -8.78756 86.6 -24.3 6.5 87 -12 13.5 50 -18.5 -7.17157 82.2 -7.17157 -13.5 85.4 -10 11.1 60.9053 -29 -10 87 -22 14.9999 11.9 -19.2001 -15 48.701 -19.25 -13.3807 87 9.09413 3.33067e-16 86.75 2.25 5.20475e-16 83.1 4.25 13.8637 79 11.0353 9.49578 86.6 -24.1267 10.9059 85.4 6.61926 10 85.4 -6.5 2.5 87 4.33013 -12.25 85.4 -10 -14.3355 32.1192 -27.547 -11.9486 82.2 -8.875 -8.875 85.4 8.05144 -11.621 49 -28.621 10.5042 86.6 -24.1267 8.5 83.6 -27.5981 1.29904 79 -17.45 8.40901 82.2 -13.591 8.379 49 -23.5 10 67 -29 8.9 60.9053 -29 -1.8677 86.75 0.572727 13.8637 82.2 11.0353 -1.11022e-16 86.683 3.7225 -3.78302 18.98 3.78302 1.6207 85.04 9.29278e-15 -12 59 -26.4 10 61.2 -29 6.61926 87 10.9059 8.99156 85.33 -25 -8.26795 70 -29 9.03005 86.6 -24.16 4.63324 18.98 -2.675 13.0311 85.4 8.25 7.40192 87 -23.5 8.89005 86.6 -25.8025 14.9999 73.701 -20.75 14.9999 11.9 -20.7999 6 82.2 -12 -6.67157 28.9309 -23.5 9.25078 86.6 -25.8077 -8.26795 58 -26.4 9.11032 86.6 -24.1718 11.5 83.6 -27.5981 -0.75 87 -15.401 -12 82.2 -15.4641 11.0353 79 6.1363 -11.0353 79 -6.1363 11.0084 85.33 -25 11.591 82.2 -13.591 10.9699 86.6 -24.16 -8.05144 82.2 -8.875 13.5 73.701 -20.75 -10 87 -15.5 -2 84.4 -10 -7.75 85.4 -10 -0.522106 85.04 -1.69181 10 86.6 -27.45 11.1099 86.6 -25.8025 7.75 82.2 -12 1.8677 86.75 0.572727 10.7492 86.6 -25.8077 -0.225 86.75 2.18971 8.05144 85.4 -13.125 10 86.45 -27.7098 -4.5 78.4 -19.6 0.75 87 -15.401 -11.591 85.4 -8.40901 14.9999 11.2072 -19.6 10.8897 86.6 -24.1718 9.11032 86.6 -25.8282 -1.95276 86.5 3.38227 0.225 86.75 2.18971 -11.7321 70 -29 13.5 87 -12 0.522106 85.04 -1.69181 -6.5 85.4 -10 4.5 27.6679 -23.5 9.25078 86.6 -24.1923 -6.61926 87 9.09413 8.89005 86.6 -24.1975 8.96472 79 6.1363 -8.96472 79 -6.1363 10 86.6 -22.55 -4.33013 83.1 2.5 -4 78.4 -24.5 14.9999 30.3 -20.6928 -11.0741 85.33 -25.245 -9 50.732 -29 9.03005 86.6 -25.84 2.45878 78.7 -9.1763 -10 85.33 -23.6 -11.7321 58 -26.4 -1.94856 86.75 -1.125 0 18.98 -2.675 10.8897 86.6 -25.8282 6.1363 79 11.0353 10.7492 86.6 -24.1923 -13.8637 82.2 -8.96472 -8 69 -29 7.61843 86.3 -26.375 12.5981 87 -23.5 -8 82.2 -15.4641 6.96891 85.4 -8.25 1.89151 14.7 1.89151 11.1099 86.6 -24.1975 14.9999 30.6999 -20 14.9999 49.25 -21.299 -10 79 -16 14.8105 12.4287 -20.3053 -10.3249 86.6 -26.0527 10.9699 86.6 -25.84 2 84.4 -10 -11 50.732 -29 -8.40901 85.4 -8.40901 -8.92592 85.33 -25.245 13.3807 87 10.9059 -10 82.2 14 -7.5 29.5666 -28.7 1.22465e-16 84.4 8 11.9486 85.4 -13.125 -10 50.621 -28.621 -9.67513 86.6 -26.0527 -10 47.379 -23.5 1.95276 86.5 3.38227 10 82.2 6 12.25 82.2 -12 10 50.621 -23.5 7.52513 87 12.4749 13.5 49.25 -21.299 -10.1422 78.7 -2.7176 4.5 18.132 -23.5 -11.2499 86.6 -24.44 6.96891 87 -13.75 9.49578 86.6 -25.8733 -10.14 85.33 -23.6375 7.4 86.5598 -25 12.725 12.4287 -20.3053 10 85.4 6.5 1.28588e-15 78.7 10.5 -9.86 85.33 -23.6375 -13.8848 41 -29 3.63397 78.4 -21.1 9.09413 85.4 -6.61926 1.94856 86.75 -1.125 -10 57 -26.4 8.25 85.4 13.0311 14 82.2 -12 -12.3468 86.45 -26.3549 10.5042 86.6 -25.8733 10 79 -6 -10 79 6 -13.5 48.701 -20.75 9.09413 87 -15.3807 -12 69 -29 -2.45878 78.7 -9.1763 -8.13192 29.8612 -28.7 -4.63324 18.98 -2.675 -14.3356 79 -27.547 -14.3355 79 -27.547 9.26647 78.5 5.35 -1.89151 14.7 1.89151 -1.29904 79 -15.95 -11.75 85.4 -15.0311 5.25 78.7 -9.09327 -4.33013 87 2.5 2.31662 14.7 -1.3375 12.3816 86.3 -26.375 -8.75005 86.6 -24.44 10.9059 85.4 -6.61926 -1.09998 83.1 4.10518 -15 48.701 -20.75 -0.963454 86.683 3.59566 7.17157 82.2 -7.17157 13.9778 41 -28.7 7.42462 78.7 -7.42462 7.52513 87 7.52513 10.9059 87 -15.3807 1.3375 18.98 2.31662 2.58385 18.98 0.692341 -8.26795 68 -29 8.96472 79 -15.8637 14.9999 50.75 -18.701 -12.75 86.3 -25 -3.90551 86.5 1.02298e-14 13.0311 85.4 -8.25 0 86.2936 3.9706 -1.09998 83.1 -4.10518 1.29904 79 -15.95 11.75 85.4 13.0311 12.4749 87 12.4749 -4.33013 83.1 -2.5 -1 84.4 -11.7321 4.33013 83.1 2.5 0.963454 86.683 3.59566 1.09998 83.1 4.10518 13.5 50.75 -18.701 -6.1363 82.2 -8.96472 -9.1895 67.5962 -23.5 0.692341 18.98 -2.58385 -8.25 85.4 -15.0311 12.6 86.5598 -25 11.0353 79 -15.8637 -13.3807 87 -9.09413 -7.65324 86.45 -26.3549 12.8284 79 12.8284 -1.3375 18.98 2.31662 8.78756 86.6 -24.3 13.0311 87 -13.75 9.1763 78.7 -2.45878 9.1763 78.7 2.45878 -13.8637 82.2 8.96472 1.09998 83.1 -4.10518 1 84.4 -11.7321 -10.8105 67.5962 -23.5 -0.692341 18.98 -2.58385 14.9999 75 -18.5 -11.7321 68 -29 -11.125 82.2 -13.9486 -2.31662 14.7 -1.3375 15 79 14.5 10 67.379 -28.621 10 83.6 -27.75 -13.5 73.701 -19.25 -11.1621 85.33 -25.3564 -11.9486 85.4 11.125 14.054 87 -28.5 -11.225 86.6 -22.8782 -8.379 49 -23.5 -1.73205 87 -9 10.3354 78.5 -2.76936 12.4749 87 7.52513 -3.63397 78.4 -21.1 8.875 85.4 8.05144 13.5 75 -18.5 11.2124 86.6 -24.3 12.8284 82.2 -7.17157 6.5 85.4 -10 -2.58385 18.98 0.692341 -3.8353 86.2936 -1.02767 9.26647 14.7 5.35 -8.9 60.9053 -29 -15 73.701 -19.25 10 87 -22 6.61926 87 9.09413 -7.25 86.3 -25 -1.72621 86.75 0.39375 -8.875 82.2 -13.9486 -6.1363 79 11.0353 11 57.268 -28.8 -10 82.2 12.25 -8.83787 85.33 -25.3564 4.5 53.6679 -23.5 -13.4641 82.2 -14 7.75 85.4 -10 -8.775 86.6 -22.8782 -1.73205 87 9 -3.22378 86.683 1.86125 8.05144 82.2 -8.875 11.125 85.4 8.05144 -12.1733 82.2 10.5823 -10.2425 85.33 -23.74 5.23205 17.4 -24.5 -4.33013 87 -2.5 4.33013 87 2.5 -11.621 49 -23.5 -10 67 -29 -9.75751 85.33 -23.74 -11.1 60.9053 -29 -11.0353 82.2 13.8637 -10.5823 85.4 7.82667 -0.389711 86.75 2.025 -12.3816 83.6 -26.375 13.8847 79 -29 1.73205 87 -9 -8.05144 85.4 11.125 9 57.268 -28.8 7.17157 79 12.8284 -10.2724 86.6 -26.1846 -10 61.2 -29 3.90551 86.5 9.56369e-15 14.8105 11.9 -20.6105 0.389711 86.75 2.025 -9.72756 86.6 -26.1846 -10 83.6 -28 -9.41766 85.4 7.82667 14.8105 29.2895 -20 -0.810351 85.04 1.40357 -6.61926 87 -9.09413 11.9053 60.1 -29 -5.25 78.7 -9.09327 1.72621 86.75 0.39375 -8.96472 82.2 13.8637 4.33013 83.1 -2.5 7.42462 78.7 7.42462 -12.4749 87 -7.52513 -2.66454e-15 79 9.5 -4.44089e-16 79 -9.5 1.73205 87 9 -1.78385 86.75 -1.28971 -11.2124 85.33 -25.42 -12.1218 86.6 -26.225 8 82.2 -15.4641 8.96472 79 -6.1363 -8.96472 79 6.1363 4.5 44.132 -23.5 0.810351 85.04 1.40357 13.4641 79 8 -13.4641 79 -8 -11.2124 86.6 -24.58 12.725 11.9 -20.6105 11.9486 82.2 -8.875 -12.1733 85.4 9.41766 10 87 -15.5 12.25 85.4 -10 12.725 29.2895 -20 -6.1363 82.2 8.96472 -12.2517 86.5598 -23.7 14.9999 50 -21.5 -7.82667 82.2 10.5823 11 60.732 -26.4 -11.75 85.4 -6.96891 10.3354 14.7 -2.76936 -1.2041 86.75 -1.29806 8.40901 85.4 -8.40901 2.76936 78.5 10.3354 -13.5 50 -18.5 5.5 5.4 -23.5 13.5 85.4 -10 -0.437855 85.04 -1.90384 11.621 69 -28.621 13.3807 87 9.09413 11.0353 79 -6.1363 -11.0353 79 6.1363 -7.61843 83.6 -26.375 5.5 16.4 -24.5 4.5 78.4 -19.3 -8.78756 85.33 -25.42 13.5 50 -21.5 8.09474 60.1 -29 3.8353 86.2936 -1.02767 8.92592 85.33 -25.245 -8.78756 86.6 -24.58 -1.95276 86.5 -3.38227 0.437855 85.04 -1.90384 -1.02767 86.2936 3.8353 3.22378 86.683 1.86125 -6.5359 82.2 -14 10 85.33 -23.6 -10.5823 82.2 12.1733 -1.55885 85.04 1.35 9 60.732 -26.4 10.225 3.4 -17 -15 50 -18.5 -13.8637 79 11.0353 1.78385 86.75 -1.28971 6.1363 82.2 -8.96472 1.2041 86.75 -1.29806 -11.9486 82.2 8.875 -7.42462 78.7 -7.42462 12 82.2 -15.4641 14.9999 79 -22.5 15 79 -22.5 -9.41766 82.2 12.1733 4.63324 48.26 2.675 14.9999 74.25 -21.299 -7.87824 86.6 -26.225 -10.2724 85.33 -23.8154 -1.42985 86.75 -1.33111 10 79 -16 9.67513 86.6 -26.0527 -8.25 85.4 -6.96891 11.591 85.4 -8.40901 -7.52513 87 -7.52513 11.0741 85.33 -25.245 5.25 78.7 9.09327 10 82.2 14 -9.72756 85.33 -23.8154 5.35 78.5 -9.26647 -7.82667 85.4 9.41766 1.02767 86.2936 3.8353 -1.42985 85.04 1.33111 10.3249 86.6 -26.0527 8.379 69 -28.621 -7.74833 86.5598 -23.7 -10.2425 86.6 -26.26 4.33013 87 -2.5 -10 85.4 7.75 -10 50.621 -23.5 13.5 74.25 -21.299 -9.75751 86.6 -26.26 -4.5 6.4 -23.5 -1.55885 86.75 -1.35 10.8105 50.4038 -28.621 14.8105 29.5947 -20.5287 8.75005 86.6 -24.44 1.55885 85.04 1.35 0 83.1 -4.25 -4.5 5.4 -17 -9.26647 78.5 5.35 9.86 85.33 -23.6375 1.95276 86.5 -3.38227 -11.1621 86.6 -24.6436 10.14 85.33 -23.6375 -2.76936 78.5 10.3354 6.5359 79 8 -6.5359 79 -8 1.42985 86.75 -1.33111 7.65324 86.45 -26.3549 -13.5 73.701 -20.75 -8.05144 82.2 8.875 9.1895 50.4038 -28.621 5.23205 4.4 -23.5 -1.73625 86.75 -3.00727 1.42985 85.04 1.33111 8.22724 79 4.75 -8.22724 79 -4.75 -11.591 85.4 -13.591 8.25 85.4 -15.0311 12.725 29.5947 -20.5287 10.225 3.4 -23.5 2.76936 14.7 10.3354 -1.2041 85.04 1.29806 11.2499 86.6 -24.44 14.8105 12.2053 -19.4713 7.56604 78.5 -7.56604 -1.78385 85.04 1.28971 -15 73.701 -20.75 -8.83787 86.6 -24.6436 1.55885 86.75 -1.35 -13.3807 87 -10.9059 -12.8284 82.2 7.17157 -0.437855 86.75 1.90384 14.9999 75.75 -18.701 -12.5981 83.6 -26.5 -12.725 31.533 -17 7.25 86.3 -25 -2.80764 86.2936 -2.80764 3.63397 6.4 -20.1 0.437855 86.75 1.90384 -1.73205 84.4 11 12.725 12.2053 -19.4713 -9.1763 78.7 -2.45878 5.23205 43.4 -24.5 -13.5 85.4 -12 -9.1763 78.7 2.45878 1.2041 85.04 1.29806 13.5 75.75 -18.701 11 70.7321 -29 1.73625 86.75 -3.00727 13.8637 82.2 -8.96472 -4.5 78.4 -19.3 -8.40901 85.4 -13.591 11.75 85.4 -15.0311 -13.8637 79 -13.0353 -4.5 5.4 -23.5 -2.5 83.1 -4.33013 5.35 14.7 -9.26647 6.61926 87 -9.09413 -4.23205 4.4 -17 12.3468 86.45 -26.3549 -7.17157 79 12.8284 -0.810351 86.75 -1.40357 -12.25 85.4 -12 1.78385 85.04 1.28971 6.1363 82.2 8.96472 -13.5 49.25 -21.299 8.875 82.2 -13.9486 9 70.7321 -29 -7.5 29.5666 -23.5 -4.63324 48.26 2.675 -10 67.379 -28.621 -1.72621 85.04 -0.39375 -9.26647 14.7 5.35 8.83787 85.33 -25.3564 10 70.621 -28.621 8.05144 85.4 11.125 0.810351 86.75 -1.40357 -11.5 87 -22.4019 -11.2499 85.33 -25.56 8.775 86.6 -22.8782 10 67.379 -23.5 -2.76936 14.7 10.3354 -0.389711 85.04 -2.025 4.5 70.1321 -23.5 1.73205 84.4 11 -13.3807 85.4 10.9059 -7.42462 78.7 7.42462 -15 49.25 -21.299 3.78302 48.26 -3.78302 -1.86125 86.683 -3.22378 -10.3354 78.5 -2.76936 -4.10518 83.1 -1.09998 0.389711 85.04 -2.025 -7.40192 83.6 -26.5 -7.17157 82.2 7.17157 2.58385 18.98 -0.692341 14.9999 51.299 -19.25 -12.725 31.533 -23.5 -5.25 78.7 9.09327 3.5 3.4 -23.5 -12.7098 86.45 -25 12.75 86.3 -25 11.125 82.2 -13.9486 -5.35 78.5 -9.26647 -13.9778 31.989 -28.7 2.80764 86.2936 -2.80764 -10.14 86.6 -26.3625 -9 57.268 -28.8 2.45878 78.7 9.1763 7.56604 14.7 -7.56604 10 82.2 12.25 11.1621 85.33 -25.3564 -2.5 3.4 -17 -6.61926 87 -10.9059 6.5359 82.2 -14 -9.86 86.6 -26.3625 -10.5823 82.2 -14.1733 -8.13192 29.8612 -23.5 5.5 42.4 -24.5 11.225 86.6 -22.8782 14.8105 12.5105 -20 -8.75005 85.33 -25.56 -12.3816 86.3 -23.625 14.3356 79 -27.547 14.3355 79 -27.547 13.5 51.299 -19.25 14.8105 29.9 -19.3895 7.82667 82.2 10.5823 9.75751 85.33 -23.74 0 78.7 -10.5 -7.75 85.4 -12 2.5 83.1 -4.33013 -8.5 87 -22.4019 0.692341 18.98 2.58385 3.33067e-16 86.75 3.4725 1.72621 85.04 -0.39375 -13.9778 41 -28.7 10.2425 85.33 -23.74 -4.23205 4.4 -23.5 9.41766 85.4 7.82667 8.96472 82.2 13.8637 4.45981 78.4 -19.15 -9.41766 82.2 -14.1733 -10.3249 85.33 -23.9473 -13.4641 82.2 12 7.61843 83.6 -26.375 -3.63397 6.4 -20.1 10.1422 78.7 2.7176 11.9486 85.4 11.125 1.3375 18.98 -2.31662 -11 57.268 -28.8 -12.8284 79 12.8284 9.72756 86.6 -26.1846 -11.0741 86.6 -24.755 -2.5 87 -4.33013 -6.5 85.4 -12 14.3355 1.9 -27.547 -9.67513 85.33 -23.9473 -3.7225 86.683 1.05629e-14 -0.692341 18.98 2.58385 -13.5 50.75 -18.701 14.933 79 14.75 10.2724 86.6 -26.1846 12.725 12.5105 -20 10 83.6 -28 10.5823 85.4 7.82667 1.86125 86.683 -3.22378 13.3807 87 -9.09413 -10 82.2 -6 -13.3541 87 -11 -8.09474 60.1 -29 12.725 29.9 -19.3895 1.22465e-16 84.4 -12 12 79 6.5359 -12 79 -6.5359 -12.1733 82.2 -12.5823 11.0353 82.2 13.8637 -6.1363 79 -13.0353 -10 86.6 -26.4 7.52513 87 -7.52513 -15 50.75 -18.701 8.78756 85.33 -25.42 7.87824 86.6 -26.225 -8.92592 86.6 -24.755 4.5 3.66795 -24.5 -15 87 -22.5 6.5359 79 -8 -6.5359 79 8 8.78756 86.6 -24.58 -2.58385 18.98 -0.692341 -1.29904 87 -17.45 -1.3375 18.98 -2.31662 -3.68061 83.1 2.125 7.82667 85.4 9.41766 13.8637 82.2 8.96472 -7.29019 86.45 -25 -4.5 79 -24.5 -2.45878 78.7 9.1763 14.9999 75 -21.5 7.74833 86.5598 -23.7 -11.0353 82.2 -15.8637 12.1733 82.2 10.5823 0 14.7 -2.675 -6.61926 85.4 10.9059 12.2 59 -29 -9 60.732 -26.4 8.25 85.4 -6.96891 -2.5 3.4 -23.5 -7.61843 86.3 -23.625 -13.5 75 -18.5 -3.43864 86.2936 1.9853 -10.3354 14.7 -2.76936 -8.379 69 -28.621 4.63324 18.98 2.675 -3.78302 48.26 -3.78302 -12.4749 85.4 12.4749 -3.38227 86.5 -1.95276 12.3816 83.6 -26.375 13.5 75 -21.5 11.2124 85.33 -25.42 -11.9053 60.1 -29 11.621 69 -23.5 -5.35 14.7 -9.26647 -13.0311 85.4 -13.75 11.2124 86.6 -24.58 -5.6363 27.1377 -28.7 2.5 87 -4.33013 13.4641 82.2 -14 1.29904 87 -17.45 9.41766 82.2 12.1733 -8.96472 82.2 -15.8637 8 79 6.5359 -8 79 -6.5359 4.10518 83.1 -1.09998 -15 75 -18.5 -11 60.732 -26.4 -13 83.6 -25 4.5 6.4 -21.6 -15 79 14.5 -12.75 83.6 -25 -3.00727 86.75 1.73625 -7.82667 82.2 -12.5823 8.05144 82.2 8.875 4.5 78.4 -24 -7.56604 78.5 -7.56604 -10.9059 85.4 -15.3807 10.5823 82.2 12.1733 12.1218 86.6 -26.225 9.72756 85.33 -23.8154 -6.5359 82.2 12 -10 82.2 -14.25 8.22724 79 -4.75 -8.22724 79 4.75 11.75 85.4 -6.96891 12.4749 87 -7.52513 10.2724 85.33 -23.8154 12.1733 85.4 9.41766 -11.125 82.2 11.9486 5.23205 69.4 -24.5 -11.621 69 -28.621 -1.94856 85.04 1.125 12.2517 86.5598 -23.7 9.75751 86.6 -26.26 -6.6459 87 -11 -1.86125 86.683 3.22378 7.8 59 -29 0 48.26 -5.35 10 85.4 7.75 -12.4749 85.4 7.52513 -11.75 87 6.96891 3.7225 86.683 9.89675e-15 0 87 12 8.379 69 -23.5 -9.09413 85.4 -15.3807 10.2425 86.6 -26.26 -9.1895 50.4038 -28.621 -4.45981 78.4 -19.15 8.83787 86.6 -24.6436 10.8105 50.4038 -23.5 3.27593e-16 18.98 2.675 -7.52513 85.4 12.4749 13.4641 79 -8 -13.4641 79 8 -8.875 82.2 11.9486 1.3375 14.7 2.31662 5.5 29.4 -23.5 2.58385 14.7 0.692341 11.9486 82.2 8.875 -10.8105 50.4038 -28.621 -11.9486 85.4 -8.875 3.68061 83.1 2.125 -0.898749 86.75 3.35418 -11.2124 85.33 -25.7 -13.3807 87 -11.0941 -3.5 3.66795 -24.5 8.40901 85.4 -13.591 -12.8284 79 -14.8284 9.1895 50.4038 -23.5 4.35 78.4 -19.0402 3.43864 86.2936 1.9853 -6.96891 85.4 -13.75 3.38227 86.5 -1.95276 14.9999 51.299 -20.75 -7.25 83.6 -25 11.1621 86.6 -24.6436 -8.25 87 6.96891 1.86125 86.683 3.22378 1.94856 85.04 1.125 -15 32.361 -22.5 -7 83.6 -25 6.61926 87 -10.9059 -11.3 86.5598 -27.2517 7.17157 82.2 7.17157 -13.5 50 -21.5 0.692341 14.7 -2.58385 -10 87 13.5 0.898749 86.75 3.35418 3.00727 86.75 1.73625 4.5 79 -24.5 -0.75 79 -17.999 7.40192 83.6 -26.5 -10 82.2 -7.75 -1.3375 14.7 2.31662 14.9999 11.1001 -20 -1.73205 87 -11 -2.125 83.1 3.68061 14.8105 29.3713 -19.6947 -8.78756 85.33 -25.7 11.4038 48.1895 -28.621 13.5 51.299 -20.75 5.5 68.4 -24.5 14.9999 1.9 -22.5 -7.52513 85.4 7.52513 -12.1733 82.2 -9.41766 -0.522106 86.75 1.69181 1.11022e-16 78.5 -10.7 -0.225 85.04 -2.18971 -0.692341 14.7 -2.58385 -15 50 -21.5 6.5 85.4 -12 -7.56604 14.7 -7.56604 0.225 85.04 -2.18971 -9 70.7321 -29 0.75 79 -17.999 -11.0353 82.2 -6.1363 -1.8677 85.04 -0.572727 -4.63324 18.98 2.675 11.591 85.4 -13.591 4.75 79 8.22724 -4.75 79 -8.22724 -13.3807 85.4 9.09413 -8.05144 85.4 -8.875 0.522106 86.75 1.69181 6.1363 79 -13.0353 10 61 -28.8 -8.7 86.5598 -27.2517 14.9999 11.5 -19.3072 -4.5 6.4 -21.6 7.75 85.4 -12 12.725 29.3713 -19.6947 3.78302 18.98 -3.78302 4.2 78.4 -19 -2.58385 14.7 0.692341 -13.5 74.25 -21.299 </float_array>
          <technique_common>
            <accessor source="#_8048309_EGSC-BS-10000027_0-vertex-array" count="2190" stride="3">
              <param name="X" type="float"/>
              <param name="Y" type="float"/>
              <param name="Z" type="float"/>
            </accessor>
          </technique_common>
        </source>
        <source id="_8048309_EGSC-BS-10000027_0-normal">
          <float_array id="_8048309_EGSC-BS-10000027_0-normal-array" count="1023">0.224014 0.965366 -0.129334 -0.809832 0.250563 0.467557 0.965926 0 0 -0.965926 0 0 -0.991445 0 0 0.991445 0 0 1 0 0 -1 0 0 0.809832 0.250563 0.467557 -0.464964 0.834714 -0.124587 -0.412587 0.501213 -0.714622 0.464964 0.834714 -0.124587 0.412587 0.501213 -0.714622 -0.182907 0.965366 -0.182907 0.182907 0.965366 -0.182907 0 1 0 0 -1 0 -0.482963 0.836516 0 0.482963 -0.836516 0 -0.914043 0.298363 0.244917 -0.129334 0.965366 -0.224014 0.129334 0.965366 -0.224014 0.482963 0.836516 0 -0.482963 -0.836516 0 0.914043 0.298363 0.244917 -0.0669484 0.965366 -0.249855 0.991445 0 0.130526 -0.991445 0 -0.130526 0.0669484 0.965366 -0.249855 -0.213571 0.501213 -0.797058 0 0.965366 -0.258669 0.213571 0.501213 -0.797058 -0.680072 0.704063 -0.182225 0.991445 0 -0.130526 -0.991445 0 0.130526 0.680072 0.704063 -0.182225 0 0.501213 0.825175 -0.416875 0.834714 -0.240683 -0.70575 0.472655 -0.407465 0 0.501213 -0.825175 0.416875 0.834714 -0.240683 0.70575 0.472655 -0.407465 -0.213571 0.501213 0.797058 0.213571 0.501213 0.797058 -0.95408 0.0864157 0.255645 0.97683 0 0.20141 -0.97683 0 -0.20141 -0.975231 0 -0.206937 0.95408 0.0864157 0.255645 -0.97327 0 -0.213414 0.97683 0 -0.20141 -0.97683 0 0.20141 0.975231 0 -0.206937 0.97327 0 -0.213414 -0.347373 0.601668 -0.694747 0.347373 0.601668 -0.694747 -0.957662 0 -0.256605 0.957662 0 0.256605 0.965926 0 0.258819 -0.340377 0.834714 -0.340377 -0.412587 0.501213 0.714622 -0.707107 0.707107 0 0.340377 0.834714 -0.340377 0.412587 0.501213 0.714622 0.962214 0 0.272293 -0.962214 0 -0.272293 0.957662 0 -0.256605 -0.957662 0 0.256605 -0.707107 -0.707107 0 -0.965926 0 0.258819 -0.959017 0 -0.283348 0.962214 0 -0.272293 -0.962214 0 0.272293 -0.955094 0 -0.296302 0.959017 0 -0.283348 -0.609736 0.704063 -0.352031 0.955094 0 -0.296302 0.609736 0.704063 -0.352031 -0.240683 0.834714 -0.416875 0.240683 0.834714 -0.416875 -0.946287 0.298363 0 0.946287 0.298363 0 -0.92932 0 -0.369274 0.92932 0 0.369274 -0.124587 0.834714 -0.464964 0.92932 0 -0.369274 -0.92932 0 0.369274 0.124587 0.834714 -0.464964 -0.583487 0.501213 0.583487 0.583487 0.501213 0.583487 0 0.834714 -0.481366 -0.858616 -0.495722 0 0.875194 0 0.439498 -0.875194 0 -0.439498 -0.987736 0.0864157 0 -0.497847 0.704063 -0.497847 0.875194 0 -0.439498 -0.875194 0 0.439498 -0.407465 0.472655 -0.70575 0.497847 0.704063 -0.497847 0.987736 0.0864157 0 0.407465 0.472655 -0.70575 -0.935113 0.250563 0 0.836516 0 0.482963 -0.836516 0 -0.482963 0.347373 -0.601668 -0.694747 -0.858616 0 -0.495722 0.858616 0 0.495722 0.935113 0.250563 0 0.836516 0 -0.482963 -0.836516 0 0.482963 -0.347373 -0.601668 -0.694747 0.858616 0 -0.495722 -0.858616 0 0.495722 0 0.829179 0.476473 -0.422618 -0.906308 0 -0.818214 0 -0.538191 0.818214 0 0.538191 0.818214 0 -0.538191 -0.818214 0 0.538191 -0.714622 0.501213 0.412587 -0.352031 0.704063 -0.609736 0.714622 0.501213 0.412587 0 0.472655 -0.81493 0.352031 0.704063 -0.609736 0 0.472655 0.81493 0 0.836516 -0.482963 0 -0.836516 0.482963 -0.914043 0.298363 -0.244917 -0.238236 0.829179 0.412638 -0.34202 -0.939693 0 0.238236 0.829179 0.412638 0.914043 0.298363 -0.244917 0.784461 0 0.620178 -0.784461 0 -0.620178 0.784461 0 -0.620178 -0.784461 0 0.620178 -0.182225 0.704063 -0.680072 0.182225 0.704063 -0.680072 0.694747 -0.694747 0 0 0.704063 -0.704063 0.694747 0.694747 0 -0.407465 0.472655 0.70575 -0.694747 0 -0.694747 0.694747 0 0.694747 0.407465 0.472655 0.70575 -0.701057 0 -0.701057 0.701057 0 0.701057 -0.95408 0.0864157 -0.255645 -0.707107 0 -0.707107 0.694747 0 -0.694747 0.701057 0 -0.701057 -0.701057 0 0.701057 0.707107 0 -0.707107 0.95408 0.0864157 -0.255645 -0.797058 0.501213 0.213571 -0.412638 0.829179 0.238236 0.797058 0.501213 0.213571 0.412638 0.829179 0.238236 -0.836516 0.482963 0 0.836516 -0.482963 0 0.836516 0.482963 0 -0.836516 -0.482963 0 -0.819509 0.298363 -0.473143 0.819509 0.298363 -0.473143 0.694747 -0.601668 -0.347373 -0.482963 0 -0.836516 0.482963 0 0.836516 0.482963 0 -0.836516 -0.482963 0 0.836516 0.694747 0.601668 0.347373 -0.495722 0 -0.858616 0.495722 0 0.858616 0.495722 0 -0.858616 -0.495722 0 0.858616 0 0.704063 0.704063 -0.182225 0.704063 0.680072 0.182225 0.704063 0.680072 0.694747 -0.347373 0.601668 -0.855404 0.0864157 -0.493868 0.694747 0.347373 -0.601668 -0.809832 0.250563 -0.467557 0.855404 0.0864157 -0.493868 -0.256605 0 -0.957662 0.256605 0 0.957662 0.809832 0.250563 -0.467557 0.256605 0 -0.957662 -0.256605 0 0.957662 -0.825175 0.501213 0 -0.258819 0 -0.965926 0.258819 0 0.965926 0 0 -0.965926 0 0 0.965926 0.258819 0 -0.965926 -0.258819 0 0.965926 -0.70575 0.472655 0.407465 0.05698 0 0.977689 -0.05698 0 -0.977689 0.825175 0.501213 0 0.05698 0 -0.977689 -0.05698 0 0.977689 -0.352031 0.704063 0.609736 0.352031 0.704063 0.609736 -0.144859 0 -0.989452 0.144859 0 0.989452 0.70575 0.472655 0.407465 -0.144859 0 0.989452 0.144859 0 -0.989452 0 0 -0.991445 0 0 0.991445 -0.476473 0.829179 3.72529e-09 0 0 -1 0 0 1 0.476473 0.829179 0 -0.669126 0.298363 -0.669126 -0.601668 0.347373 -0.694747 0.669126 0.298363 -0.669126 0.601668 0.347373 -0.694747 0 0.298363 0.946287 -0.244917 0.298363 0.914043 0 0.834714 0.481366 0.244917 0.298363 0.914043 0 0.963611 0.258199 -0.124587 0.834714 0.464964 0.124587 0.834714 0.464964 -0.497847 0.704063 0.497847 -0.957662 -0.256605 0 0 0.0864157 0.987736 0.497847 0.704063 0.497847 -0.129099 0.963611 0.223607 0.129099 0.963611 0.223607 -0.255645 0.0864157 0.95408 -0.240683 0.834714 0.416875 0.255645 0.0864157 0.95408 0.240683 0.834714 0.416875 -0.698435 0.0864157 -0.698435 0.698435 0.0864157 -0.698435 -0.473143 0.298363 0.819509 -0.473143 0.298363 -0.819509 0.473143 0.298363 0.819509 0.473143 0.298363 -0.819509 -0.797058 0.501213 -0.213571 0 0.250563 0.935113 0.797058 0.501213 -0.213571 -0.223607 0.963611 0.129099 0.223607 0.963611 0.129099 -0.340377 0.834714 0.340377 0.340377 0.834714 0.340377 -0.493868 0.0864157 0.855404 -0.412637 0.829179 -0.238236 -0.609736 0.704063 0.352031 0.493868 0.0864157 0.855404 0.412638 0.829179 -0.238236 0.609736 0.704063 0.352031 0 -0.836516 -0.482963 0 0.836516 0.482963 0 0.965366 0.258669 -0.244917 0.298363 -0.914043 -0.0669484 0.965366 0.249855 0.0669484 0.965366 0.249855 0.244917 0.298363 -0.914043 0.601668 -0.347373 -0.694747 -0.601668 -0.347373 -0.694747 -0.129334 0.965366 0.224014 -0.467557 0.250563 -0.809832 0.129334 0.965366 0.224014 0 0.298363 -0.946287 0.467557 0.250563 -0.809832 -0.965926 0.258819 0 -0.701057 -0.701057 0 -0.493868 0.0864157 -0.855404 -0.467557 0.250563 0.809832 -0.416875 0.834714 0.240683 -0.669126 0.298363 0.669126 0.493868 0.0864157 -0.855404 0.467557 0.250563 0.809832 0.416875 0.834714 0.240683 0.965926 0.258819 0 -0.965926 -0.258819 0 0.669126 0.298363 0.669126 -0.182907 0.965366 0.182907 0.182907 0.965366 0.182907 -0.258199 0.963611 0 0.258199 0.963611 0 0 0.694747 -0.694747 0.694747 -0.347373 -0.601668 0.694747 0.347373 0.601668 -0.714622 0.501213 -0.412587 -0.224014 0.965366 0.129334 -0.81493 0.472655 -7.45058e-09 0.224014 0.965366 0.129334 -0.698435 0.0864157 0.698435 0.714622 0.501213 -0.412587 0.698435 0.0864157 0.698435 0.81493 0.472655 0 -0.255645 0.0864157 -0.95408 -0.680072 0.704063 0.182225 0.255645 0.0864157 -0.95408 -0.238236 0.829179 -0.412638 0.238236 0.829179 -0.412638 0 0.250563 -0.935113 0.680072 0.704063 0.182225 -0.464964 0.834714 0.124587 -0.51569 -0.849831 0 0.464964 0.834714 0.124587 0 0.0864157 -0.987736 -0.249855 0.965366 0.0669484 0.249855 0.965366 0.0669484 -0.223607 0.963611 -0.129099 0.223607 0.963611 -0.129099 0 0.829179 -0.476473 -0.819509 0.298363 0.473143 -0.258669 0.965366 0 0.258669 0.965366 0 0.819509 0.298363 0.473143 0.694747 -0.601668 0.347373 0.694747 0.601668 -0.347373 -0.481366 0.834714 0 -0.583487 0.501213 -0.583487 -0.129099 0.963611 -0.223607 0.481366 0.834714 0 0.583487 0.501213 -0.583487 0.129099 0.963611 -0.223607 -0.258819 0.965926 0 0 0.965926 0 0 -0.965926 0 0.258819 0.965926 0 -0.249855 0.965366 -0.0669484 0.249855 0.965366 -0.0669484 0 -0.482963 -0.836516 0 0.482963 0.836516 -0.855404 0.0864157 0.493868 -0.704063 0.704063 0 0 0.963611 -0.258199 -0.991445 -0.130526 0 0.704063 0.704063 0 0.855404 0.0864157 0.493868 0 -0.694747 -0.694747 0 0.482963 -0.836516 0 -0.482963 0.836516 -0.224014 0.965366 -0.129334 </float_array>
          <technique_common>
            <accessor source="#_8048309_EGSC-BS-10000027_0-normal-array" count="341" stride="3">
              <param name="X" type="float"/>
              <param name="Y" type="float"/>
              <param name="Z" type="float"/>
            </accessor>
          </technique_common>
        </source>
        <vertices id="_8048309_EGSC-BS-10000027_0-vertex-obj">
          <input semantic="POSITION" source="#_8048309_EGSC-BS-10000027_0-vertex"/>
        </vertices>
        <triangles material="Nr10000027_0Mat0" count="4436">
          <input semantic="VERTEX" source="#_8048309_EGSC-BS-10000027_0-vertex-obj" offset="0"/>
          <input semantic="NORMAL" source="#_8048309_EGSC-BS-10000027_0-normal" offset="1"/>
          <p>2022 16 2144 16 812 16 2022 16 812 16 692 16 812 16 925 16 993 16 812 16 993 16 843 16 812 16 843 16 1441 16 812 16 1441 16 2169 16 812 16 2169 16 248 16 812 16 248 16 2145 16 812 16 2145 16 1413 16 812 16 1413 16 692 16 692 16 1413 16 802 16 692 16 802 16 654 16 692 16 654 16 585 16 1360 15 677 15 1063 15 1360 15 1063 15 1698 15 1362 16 1722 16 888 16 1362 16 888 16 1613 16 1362 16 1613 16 455 16 1362 16 455 16 218 16 1362 16 218 16 1292 16 1362 16 1292 16 2179 16 1362 16 2179 16 108 16 1722 16 1297 16 402 16 1722 16 402 16 1587 16 1722 16 1587 16 865 16 1722 16 865 16 610 16 1722 16 610 16 888 16 2175 16 130 16 1831 16 2175 16 1831 16 952 16 2175 16 952 16 156 16 2175 16 156 16 802 16 2175 16 802 16 402 16 2175 16 402 16 1297 16 802 16 156 16 630 16 802 16 630 16 2003 16 802 16 2003 16 1123 16 802 16 1123 16 13 16 802 16 13 16 849 16 802 16 849 16 1386 16 802 16 1386 16 1533 16 802 16 1533 16 654 16 654 16 1533 16 1359 16 654 16 1359 16 800 16 654 16 800 16 2122 16 654 16 2122 16 1015 16 654 16 1015 16 1879 16 654 16 1879 16 627 16 459 16 526 16 532 16 532 16 526 16 35 16 532 16 35 16 421 16 421 16 35 16 846 16 421 16 846 16 1229 16 1229 16 846 16 1733 16 1229 16 1733 16 2108 16 2108 16 1733 16 658 16 2108 16 658 16 996 16 996 16 658 16 2000 16 996 16 2000 16 142 16 142 16 2000 16 1472 16 142 16 1472 16 1758 16 1758 16 1472 16 1337 16 1758 16 1337 16 1576 16 1576 16 1337 16 124 16 1576 16 124 16 1729 16 1729 16 124 16 1234 16 1729 16 1234 16 2078 16 1408 16 1407 16 2064 16 2064 16 1407 16 627 16 2064 16 627 16 216 16 216 16 627 16 526 16 216 16 526 16 459 16 1584 16 1407 16 1583 16 1584 16 1583 16 676 16 1584 16 676 16 677 16 971 16 1507 16 1841 16 1841 16 1507 16 2058 16 1841 16 2058 16 130 16 130 16 2058 16 730 16 130 16 730 16 1831 16 124 16 1337 16 1507 16 124 16 1507 16 971 16 370 16 894 16 1361 16 1361 16 894 16 308 16 1361 16 308 16 107 16 107 16 308 16 1130 16 107 16 1130 16 2013 16 313 16 107 16 2013 16 313 16 2013 16 924 16 313 16 924 16 78 16 313 16 78 16 2078 16 47 16 154 16 1033 16 1033 16 154 16 34 16 1033 16 34 16 420 16 420 16 34 16 845 16 420 16 845 16 1228 16 1228 16 845 16 1732 16 1228 16 1732 16 2107 16 2107 16 1732 16 657 16 2107 16 657 16 995 16 995 16 657 16 1999 16 995 16 1999 16 141 16 141 16 1999 16 1471 16 141 16 1471 16 1757 16 1757 16 1471 16 1336 16 1757 16 1336 16 1575 16 1575 16 1336 16 123 16 1575 16 123 16 1233 16 123 16 1336 16 970 16 970 16 1336 16 1506 16 970 16 1506 16 1840 16 1840 16 1506 16 2057 16 1840 16 2057 16 729 16 129 16 1840 16 729 16 129 16 729 16 1830 16 129 16 1830 16 951 16 129 16 951 16 2174 16 2174 16 951 16 155 16 2174 16 155 16 1521 16 2174 16 1521 16 626 16 2174 16 626 16 1296 16 154 16 532 16 1344 16 154 16 1344 16 1148 16 154 16 1148 16 590 16 154 16 590 16 1886 16 154 16 1886 16 798 16 154 16 798 16 1673 16 154 16 1673 16 894 16 154 16 894 16 1072 16 154 16 1072 16 862 16 154 16 862 16 322 16 154 16 322 16 1630 16 154 16 1630 16 531 16 154 16 531 16 1429 16 154 16 1429 16 34 16 1702 16 370 16 1721 16 1702 16 1721 16 1296 16 1702 16 1296 16 626 16 532 16 421 16 1779 16 532 16 1779 16 892 16 532 16 892 16 1977 16 532 16 1977 16 637 16 532 16 637 16 1171 16 532 16 1171 16 1344 16 1063 16 1064 16 1950 16 1950 16 1064 16 1949 16 1950 16 1949 16 1786 16 1786 16 1949 16 1787 16 1786 16 1787 16 1033 16 1033 16 1787 16 1645 16 1033 16 1645 16 1987 16 1033 16 420 16 901 16 1033 16 901 16 85 16 1033 16 85 16 1384 16 1033 16 1384 16 283 16 1033 16 283 16 993 16 993 16 283 16 1135 16 993 16 1135 16 1627 16 993 16 1627 16 1794 16 993 16 1794 16 1606 16 993 16 1606 16 455 16 993 16 455 16 843 16 108 16 2179 16 789 16 108 16 789 16 307 16 108 16 307 16 1129 16 108 16 1129 16 312 16 455 16 1606 16 1085 16 455 16 1085 16 218 16 923 16 77 16 2077 16 2077 16 77 16 1728 16 2077 16 1728 16 1233 16 1233 16 1728 16 1575 16 312 16 1129 16 2012 16 312 16 2012 16 923 16 312 16 923 16 2077 16 47 16 1033 16 1987 16 894 16 1673 16 308 16 370 16 1361 16 1721 16 1729 16 2078 16 78 16 1407 16 1408 16 1583 16 526 16 627 16 1879 16 504 15 874 15 505 15 505 15 874 15 530 15 505 15 530 15 748 15 748 15 530 15 1723 15 748 15 1723 15 1433 15 1433 15 1723 15 426 15 1433 15 426 15 334 15 334 15 426 15 1553 15 713 15 1379 15 362 15 713 15 362 15 1681 15 713 15 1681 15 504 15 713 15 504 15 505 15 1633 15 527 15 1651 15 1651 15 527 15 1499 15 1651 15 1499 15 478 15 478 15 1499 15 1031 15 478 15 1031 15 578 15 578 15 1031 15 1993 15 578 15 1993 15 1756 15 1756 15 1993 15 867 15 1756 15 867 15 712 15 712 15 867 15 2080 15 712 15 2080 15 1656 15 1656 15 2080 15 1345 15 1656 15 1345 15 228 15 228 15 1345 15 847 15 228 15 847 15 672 15 672 15 847 15 678 15 672 15 678 15 821 15 821 15 678 15 824 15 821 15 824 15 650 15 650 15 824 15 1294 15 650 15 1294 15 188 15 188 15 1294 15 2005 15 188 15 2005 15 1601 15 1601 15 2005 15 785 15 1601 15 785 15 631 15 631 15 785 15 1883 15 631 15 1883 15 1669 15 1669 15 1883 15 939 15 1669 15 939 15 484 15 484 15 939 15 681 15 484 15 681 15 1453 15 1453 15 681 15 1158 15 1453 15 1158 15 1689 15 293 15 181 15 37 15 293 15 37 15 1031 15 293 15 1031 15 1499 15 1651 15 1308 15 679 15 1651 15 679 15 173 15 1651 15 173 15 903 15 1651 15 903 15 947 15 1651 15 947 15 441 15 1651 15 441 15 1178 15 1651 15 1178 15 1369 15 1651 15 1369 15 1633 15 1285 15 1114 15 870 15 1285 15 870 15 2052 15 1285 15 2052 15 1007 15 1285 15 1007 15 1811 15 1285 15 1811 15 233 15 1285 15 233 15 681 15 1285 15 681 15 1418 15 1285 15 1418 15 447 15 1285 15 447 15 1558 15 1285 15 1558 15 357 15 1285 15 357 15 1459 15 75 15 214 15 2136 15 2136 15 214 15 1418 15 2136 15 1418 15 939 15 939 15 1418 15 681 15 1114 15 393 15 266 15 1114 15 266 15 2016 15 1114 15 2016 15 582 15 1114 15 582 15 848 15 1114 15 848 15 597 15 1114 15 597 15 2054 15 1114 15 2054 15 1070 15 1114 15 1070 15 10 15 1114 15 10 15 870 15 1023 15 2016 15 1258 15 1023 15 1258 15 87 15 1023 15 87 15 1688 15 1023 15 1688 15 913 15 1023 15 913 15 1980 15 1023 15 1980 15 815 15 1023 15 815 15 2150 15 1023 15 2150 15 955 15 1023 15 955 15 16 15 258 15 1235 15 304 15 304 15 1235 15 1013 15 304 15 1013 15 761 15 761 15 1013 15 546 15 761 15 546 15 1258 15 1258 15 546 15 87 15 1391 15 266 15 393 15 1391 15 393 15 1103 15 1391 15 1103 15 1278 15 1391 15 1278 15 164 15 947 15 903 15 1103 15 947 15 1103 15 393 15 1006 15 827 15 1308 15 1006 15 1308 15 1162 15 1006 15 1162 15 182 15 1006 15 182 15 1316 15 1006 15 1316 15 83 15 1006 15 83 15 1211 15 1308 15 221 15 665 15 665 15 221 15 1426 15 665 15 1426 15 1628 15 1628 15 1426 15 363 15 1628 15 363 15 521 15 521 15 363 15 1353 15 521 15 1353 15 1720 15 1720 15 1353 15 2095 15 1720 15 2095 15 1017 15 1017 15 2095 15 388 15 1017 15 388 15 560 15 560 15 388 15 558 15 560 15 558 15 415 15 415 15 558 15 408 15 415 15 408 15 587 15 587 15 408 15 2131 15 587 15 2131 15 1074 15 1074 15 2131 15 1411 15 1074 15 1411 15 1798 15 1798 15 1411 15 458 15 1798 15 458 15 602 15 602 15 458 15 1504 15 602 15 1504 15 1713 15 1713 15 1504 15 304 15 1713 15 304 15 761 15 1995 15 2119 15 1855 15 1855 15 2119 15 1162 15 1855 15 1162 15 665 15 665 15 1162 15 1308 15 120 15 679 15 1308 15 120 15 1308 15 827 15 240 15 400 15 478 15 240 15 478 15 569 15 240 15 569 15 810 15 240 15 810 15 1161 15 478 15 578 15 1541 15 478 15 1541 15 422 15 478 15 422 15 1615 15 478 15 1615 15 876 15 478 15 876 15 396 15 478 15 396 15 235 15 478 15 235 15 374 15 478 15 374 15 278 15 478 15 278 15 2097 15 478 15 2097 15 1291 15 478 15 1291 15 157 15 478 15 157 15 1373 15 478 15 1373 15 611 15 478 15 611 15 128 15 478 15 128 15 2141 15 478 15 2141 15 76 15 324 15 1433 15 334 15 324 15 334 15 1453 15 324 15 1453 15 1689 15 278 15 374 15 1275 15 1275 15 374 15 826 15 1275 15 826 15 426 15 426 15 826 15 1553 15 1013 15 1235 15 1590 15 1590 15 1235 15 362 15 1590 15 362 15 234 15 234 15 362 15 1379 15 1291 15 2097 15 258 15 1291 15 258 15 304 15 14 15 2011 15 414 15 14 15 414 15 183 15 14 15 183 15 76 15 14 15 76 15 221 15 14 15 221 15 1308 15 76 15 2141 15 96 15 76 15 96 15 563 15 76 15 563 15 1309 15 76 15 1309 15 61 15 76 15 61 15 1197 15 76 15 1197 15 221 15 1526 15 49 15 1168 15 1526 15 1168 15 432 15 1526 15 432 15 1633 15 1526 15 1633 15 1369 15 1578 15 1738 15 1668 15 1668 15 1738 15 1602 15 1668 15 1602 15 49 15 49 15 1602 15 1168 15 11 15 1459 15 357 15 11 15 357 15 1125 15 11 15 1125 15 1578 15 11 15 1578 15 1668 15 359 15 727 15 732 15 732 15 727 15 519 15 732 15 519 15 1699 15 1699 15 519 15 2052 15 1699 15 2052 15 870 15 703 15 1654 15 493 15 703 15 493 15 727 15 703 15 727 15 359 15 815 15 1980 15 493 15 815 15 493 15 1654 15 1239 15 1343 15 1491 15 1491 15 1343 15 980 15 1491 15 980 15 46 15 46 15 980 15 10 15 46 15 10 15 1070 15 1469 15 16 15 955 15 1469 15 955 15 1343 15 1469 15 1343 15 1239 15 21 15 2089 15 1939 15 21 15 1939 15 761 15 21 15 761 15 1258 15 1339 15 1478 15 1423 15 1423 15 1478 15 1356 15 1423 15 1356 15 1958 15 1958 15 1356 15 891 15 1958 15 891 15 1278 15 1278 15 891 15 164 15 1903 15 1211 15 83 15 1903 15 83 15 841 15 1903 15 841 15 1339 15 1903 15 1339 15 1423 15 414 15 2011 15 742 15 1651 15 478 15 400 15 2016 15 266 15 1258 15 2011 27 14 47 1583 47 2011 27 1583 47 1408 27 183 169 414 110 216 110 183 169 216 110 459 169 2064 69 216 110 414 110 2064 69 414 110 742 69 742 7 2011 7 1408 7 742 7 1408 7 2064 7 154 190 47 167 569 167 154 190 569 167 478 190 532 212 154 212 478 212 532 212 478 212 76 212 459 169 532 194 76 194 459 169 76 194 183 169 1251 107 545 107 1188 147 1251 107 1188 147 1842 147 808 16 698 16 1420 16 1420 16 698 16 1772 16 1420 16 1772 16 341 16 341 16 1772 16 508 16 341 16 508 16 1622 16 1622 16 508 16 1332 16 1622 16 1332 16 830 16 859 16 1476 16 557 16 557 16 1476 16 24 16 557 16 24 16 1420 16 1420 16 24 16 808 16 51 16 2147 16 1994 16 1994 16 2147 16 67 16 1994 16 67 16 5 16 5 16 67 16 383 16 5 16 383 16 557 16 557 16 383 16 859 16 2170 16 503 16 1436 16 2170 16 1436 16 818 16 2170 16 818 16 344 16 2170 16 344 16 51 16 2170 16 51 16 1994 16 545 16 2001 16 1470 16 1470 16 2001 16 1248 16 1470 16 1248 16 1352 16 1352 16 1248 16 746 16 1352 16 746 16 503 16 503 16 746 16 2159 16 503 16 2159 16 1436 16 808 16 1306 16 698 16 698 16 1306 16 2067 16 698 16 2067 16 1527 16 1527 16 2067 16 603 16 1527 16 603 16 1232 16 1672 16 1968 16 2056 16 1672 16 2056 16 1527 16 1672 16 1527 16 1232 16 1643 16 2026 16 1942 16 1942 16 2026 16 32 16 1942 16 32 16 2076 16 2076 16 32 16 2056 16 2076 16 2056 16 1968 16 2026 16 1643 16 1188 16 2026 16 1188 16 545 16 2026 16 545 16 1470 16 1470 16 1352 16 628 16 628 16 1352 16 256 16 628 16 256 16 1678 16 1678 16 256 16 1523 16 1678 16 1523 16 406 16 406 16 1523 16 724 16 406 16 724 16 1220 16 1368 15 299 15 2126 15 2126 15 299 15 653 15 2126 15 653 15 1011 15 1011 15 653 15 779 15 1011 15 779 15 1981 15 529 15 653 15 299 15 529 15 299 15 1501 15 907 15 1625 15 1299 15 907 15 1299 15 568 15 907 15 568 15 1956 15 907 15 1956 15 379 15 907 15 379 15 1368 15 907 15 1368 15 2126 15 472 15 581 15 48 15 48 15 581 15 486 15 48 15 486 15 2099 15 2099 15 486 15 195 15 2099 15 195 15 1625 15 1625 15 195 15 1877 15 1625 15 1877 15 1299 15 2071 15 1588 15 1842 15 2071 15 1842 15 166 15 2071 15 166 15 472 15 2071 15 472 15 48 15 1434 15 1888 15 840 15 840 15 1888 15 507 15 840 15 507 15 1588 15 1588 15 507 15 1251 15 1588 15 1251 15 1842 15 1421 15 217 15 449 15 449 15 217 15 1281 15 449 15 1281 15 572 15 572 15 1281 15 2049 15 572 15 2049 15 921 15 379 15 1956 15 1480 15 379 15 1480 15 711 15 379 15 711 15 2177 15 379 15 2177 15 1796 15 2177 15 1539 15 1796 15 1796 15 1539 15 1076 15 1796 15 1076 15 1351 15 1351 15 1076 15 758 15 1351 15 758 15 642 15 1351 15 642 15 1177 15 1177 15 642 15 737 15 1177 15 737 15 1327 15 1327 15 737 15 1042 15 1327 15 1042 15 1492 15 1746 15 1327 15 1492 15 1746 15 1492 15 2115 15 1746 15 2115 15 656 15 1746 15 656 15 315 15 315 15 656 15 1434 15 315 15 1434 15 840 15 315 15 840 15 2049 15 315 15 2049 15 1281 15 921 15 1869 15 691 15 921 15 691 15 572 15 1608 3 2065 3 239 110 1608 3 239 110 1948 110 1211 109 58 109 2062 2 1211 109 2062 2 1006 2 1104 169 639 169 1948 110 1104 169 1948 110 239 110 58 109 1211 109 1903 168 58 109 1903 168 799 168 639 169 1104 169 618 192 639 169 618 192 178 192 281 191 799 168 1903 168 281 191 1903 168 1423 191 1608 3 1277 104 1697 104 1608 3 1697 104 2065 3 2062 2 1859 103 827 103 2062 2 827 103 1006 2 1869 5 921 57 182 57 1869 5 182 57 1162 5 921 57 2049 107 1316 107 921 57 1316 107 182 57 2049 107 840 147 83 147 2049 107 83 147 1316 107 840 147 1588 172 841 172 840 147 841 172 83 147 1588 172 2071 184 1339 184 1588 172 1339 184 841 172 2071 184 48 209 1478 209 2071 184 1478 209 1339 184 1608 102 1948 1 160 195 1608 102 160 195 1926 289 1926 289 160 195 1742 156 1926 289 1742 156 1323 210 668 244 101 282 1323 210 668 244 1323 210 1742 156 160 195 1948 1 639 271 160 195 639 271 1036 142 1742 156 160 195 1036 142 1742 156 1036 142 506 129 668 244 1742 156 506 129 668 244 506 129 1652 229 561 125 1036 142 639 271 561 125 639 271 178 242 1036 142 561 125 50 114 1036 142 50 114 506 129 1277 181 1608 102 1926 289 1277 181 1926 289 1573 38 1323 210 856 249 1573 38 1323 210 1573 38 1926 289 856 249 1323 210 101 282 856 249 101 282 1726 308 1015 107 2122 147 628 147 1015 107 628 147 1678 107 2122 147 800 172 1470 172 2122 147 1470 172 628 147 800 172 1359 184 2026 184 800 172 2026 184 1470 172 1879 57 1015 107 1678 107 1879 57 1678 107 406 57 1359 184 1533 209 32 209 1359 184 32 209 2026 184 1533 209 1386 187 2056 187 1533 209 2056 187 32 209 526 26 1879 57 406 57 526 26 406 57 1220 26 1842 147 1188 147 1643 172 1842 147 1643 172 166 172 1356 187 1478 209 48 209 1356 187 48 209 2099 187 1527 174 2056 187 1386 187 1527 174 1386 187 849 174 166 172 1643 172 1942 184 166 172 1942 184 472 184 2099 187 1625 174 891 174 2099 187 891 174 1356 187 507 57 2001 57 545 107 507 57 545 107 1251 107 472 184 1942 184 2076 209 472 184 2076 209 581 209 849 174 13 152 698 152 849 174 698 152 1527 174 581 209 2076 209 1968 187 581 209 1968 187 486 187 486 187 1968 187 1672 174 486 187 1672 174 195 174 907 152 2126 113 1391 113 907 152 1391 113 164 152 2126 113 1011 67 266 67 2126 113 266 67 1391 113 164 152 891 174 1625 174 164 152 1625 174 907 152 13 152 1123 113 1772 113 13 152 1772 113 698 152 1123 113 2003 67 508 67 1123 113 508 67 1772 113 195 174 1672 174 1232 152 195 174 1232 152 1877 152 1877 152 1232 152 603 113 1877 152 603 113 1299 113 1888 26 1248 26 2001 57 1888 26 2001 57 507 57 1299 113 603 113 2067 67 1299 113 2067 67 568 67 1654 109 703 168 1387 168 1654 109 1387 168 170 109 170 109 1479 2 815 2 170 109 815 2 1654 109 1939 51 2089 72 653 72 1939 51 653 72 529 51 1011 67 1981 4 1258 4 1011 67 1258 4 266 67 1981 4 779 46 21 46 1981 4 21 46 1258 4 779 46 653 65 2089 65 779 46 2089 65 21 46 1501 4 299 56 1713 56 1501 4 1713 56 761 4 529 51 1501 4 761 4 529 51 761 4 1939 51 2003 67 630 34 1332 34 2003 67 1332 34 508 67 156 7 830 7 1332 7 156 7 1332 7 630 7 156 27 952 56 1622 56 156 27 1622 56 830 27 568 67 2067 67 1306 34 568 67 1306 34 1956 34 808 7 1480 7 1956 7 808 7 1956 7 1306 7 711 56 24 56 1476 106 711 56 1476 106 2177 106 1953 66 565 5 1263 5 1953 66 1263 5 475 66 586 15 954 15 1910 15 586 15 1910 15 1105 15 586 15 1105 15 244 15 586 15 244 15 1215 15 586 15 1215 15 1544 15 586 15 1544 15 1189 15 586 15 1189 15 198 15 586 15 198 15 1050 15 586 15 1050 15 1865 15 586 15 1865 15 933 15 1910 104 1275 104 426 3 1910 104 426 3 1105 3 1275 104 1910 104 954 166 1275 104 954 166 278 166 2097 191 278 166 954 166 2097 191 954 166 586 191 535 5 1357 66 1521 66 535 5 1521 66 155 5 18 66 1246 5 484 5 18 66 484 5 1453 66 1267 112 1953 66 475 66 1267 112 475 66 1901 112 626 112 1521 66 1357 66 626 112 1357 66 59 112 1100 112 18 66 1453 66 1100 112 1453 66 334 112 633 151 1267 112 1901 112 633 151 1901 112 1338 151 1702 151 626 112 59 112 1702 151 59 112 1165 151 121 151 1100 112 334 112 121 151 334 112 1553 151 172 173 633 151 1338 151 172 173 1338 151 844 173 370 173 1702 151 1165 151 370 173 1165 151 319 173 1553 151 826 173 1571 173 1553 151 1571 173 121 151 2055 186 172 173 844 173 2055 186 844 173 554 186 894 186 370 173 319 173 894 186 319 173 1966 186 1141 186 1571 173 826 173 1141 186 826 173 374 186 1936 208 2055 186 554 186 1936 208 554 186 469 208 1072 208 894 186 1966 186 1072 208 1966 186 1801 208 974 208 1141 186 374 186 974 208 374 186 235 208 2072 183 1936 208 469 208 2072 183 469 208 575 183 862 183 1072 208 1801 208 862 183 1801 208 2002 183 1164 183 974 208 235 208 1164 183 235 208 396 183 202 171 2072 183 575 183 202 171 575 183 878 171 322 171 862 183 2002 183 322 171 2002 183 366 171 1614 171 1164 183 396 183 1614 171 396 183 876 171 673 146 202 171 878 171 673 146 878 171 1372 146 1630 146 322 171 366 171 1630 146 366 171 1245 146 876 171 1615 146 200 146 876 171 200 146 1614 171 1319 106 673 146 1372 146 1319 106 1372 146 1974 106 1245 146 165 106 531 106 1245 146 531 106 1630 146 1179 106 200 146 1615 146 1179 106 1615 146 422 106 2027 56 1319 106 1974 106 2027 56 1974 106 528 56 1341 15 343 15 105 15 105 15 343 15 1458 15 105 15 1458 15 1179 15 1179 15 1458 15 246 15 1179 15 246 15 200 15 200 15 246 15 1324 15 200 15 1324 15 528 15 1684 15 1252 15 969 15 969 15 1252 15 619 15 969 15 619 15 246 15 246 15 619 15 2082 15 246 15 2082 15 1324 15 1965 15 2093 15 1563 15 1563 15 2093 15 1991 15 1563 15 1991 15 1431 15 1431 15 1991 15 1684 15 1431 15 1684 15 969 15 1405 15 929 15 1201 15 1405 15 1201 15 1658 15 1405 15 1658 15 1965 15 1405 15 1965 15 1563 15 1338 15 1901 15 1571 15 1571 15 1901 15 475 15 1571 15 475 15 121 15 121 15 475 15 1263 15 121 15 1263 15 187 15 187 15 1263 15 2019 15 187 15 2019 15 929 15 929 15 2019 15 571 15 929 15 571 15 1201 15 1974 15 1372 15 1614 15 1974 15 1614 15 200 15 1974 15 200 15 528 15 878 15 575 15 1164 15 878 15 1164 15 1614 15 878 15 1614 15 1372 15 844 15 1141 15 554 15 554 15 1141 15 974 15 554 15 974 15 469 15 469 15 974 15 1164 15 469 15 1164 15 575 15 1338 15 1571 15 1141 15 1338 15 1141 15 844 15 1246 15 18 15 260 15 260 15 18 15 1100 15 260 15 1100 15 1393 15 1393 15 1100 15 121 15 1393 15 121 15 187 15 644 16 1447 16 2020 16 2020 16 1447 16 165 16 2020 16 165 16 1136 16 1136 16 165 16 1245 16 1136 16 1245 16 27 16 27 16 1245 16 625 16 27 16 625 16 1403 16 673 16 1319 16 366 16 366 16 1319 16 2027 16 366 16 2027 16 1245 16 1245 16 2027 16 625 16 2055 16 1936 16 1801 16 1801 16 1936 16 2072 16 1801 16 2072 16 2002 16 2002 16 2072 16 202 16 2002 16 202 16 366 16 366 16 202 16 673 16 1966 16 319 16 1267 16 1966 16 1267 16 633 16 1966 16 633 16 172 16 1966 16 172 16 2055 16 1966 16 2055 16 1801 16 2138 16 813 16 1165 16 1165 16 813 16 565 16 1165 16 565 16 319 16 319 16 565 16 1953 16 319 16 1953 16 1267 16 869 16 27 16 1403 16 869 16 1403 16 2113 16 869 16 2113 16 548 16 869 16 548 16 1028 16 869 16 1028 16 1395 16 1028 16 1331 16 1395 16 1395 16 1331 16 1416 16 1395 16 1416 16 1550 16 1550 16 1416 16 1314 16 1550 16 1314 16 1376 16 1376 16 1314 16 989 16 1376 16 989 16 509 16 2068 16 1355 16 813 16 2068 16 813 16 1376 16 2068 16 1376 16 509 16 535 16 1890 16 1357 16 1357 16 1890 16 1037 16 1357 16 1037 16 59 16 59 16 1037 16 2138 16 59 16 2138 16 1165 16 565 16 813 16 1355 16 2093 209 1965 184 1314 184 2093 209 1314 184 1416 209 989 172 1314 184 1965 184 989 172 1965 184 1658 172 605 15 144 15 1071 15 1071 15 144 15 1718 15 1071 15 1718 15 1618 15 1618 15 1718 15 594 15 1618 15 594 15 1326 15 1612 15 1822 15 648 15 648 15 1822 15 1637 15 648 15 1637 15 450 15 450 15 1637 15 1117 15 450 15 1117 15 1957 15 1957 15 1117 15 222 15 1957 15 222 15 935 15 935 15 222 15 1254 15 935 15 1254 15 1718 15 1718 15 1254 15 2059 15 1718 15 2059 15 594 15 1917 15 1156 15 832 15 832 15 1156 15 136 15 832 15 136 15 1881 15 1881 15 136 15 1058 15 1881 15 1058 15 405 15 405 15 1058 15 1612 15 405 15 1612 15 648 15 857 15 2018 15 148 15 148 15 2018 15 1212 15 148 15 1212 15 1509 15 1509 15 1212 15 485 15 1509 15 485 15 1616 15 1616 15 485 15 1917 15 1616 15 1917 15 832 15 1428 15 433 15 1620 15 1620 15 433 15 667 15 1620 15 667 15 20 15 20 15 667 15 1365 15 20 15 1365 15 944 15 944 15 1365 15 245 15 944 15 245 15 2116 15 2116 15 245 15 1618 15 2116 15 1618 15 1326 15 857 15 1298 15 2151 15 2151 15 1298 15 632 15 2151 15 632 15 1595 15 1595 15 632 15 433 15 1595 15 433 15 1428 15 8 15 474 15 940 15 8 15 940 15 1509 15 8 15 1509 15 1616 15 857 15 148 15 1298 15 594 100 418 100 1244 48 594 100 1244 48 1326 48 1071 56 1158 56 681 4 1071 56 681 4 605 4 418 100 594 100 2059 154 418 100 2059 154 1765 154 2057 172 1506 184 1376 184 2057 172 1376 184 813 172 929 172 1405 184 650 184 929 172 650 184 188 172 1765 132 884 243 1705 198 1765 132 1705 198 418 81 884 243 1200 11 2096 320 884 243 2096 320 1705 198 884 243 1765 132 872 164 884 243 872 164 2127 292 205 40 1200 11 884 243 205 40 884 243 2127 292 205 40 232 0 1311 328 205 40 1311 328 1200 11 1231 62 205 40 2127 292 1231 62 2127 292 1026 321 232 0 205 40 1231 62 232 0 1231 62 1186 14 1026 321 1826 12 1992 79 1026 321 1992 79 1231 62 509 147 989 172 1658 172 509 147 1658 172 1201 147 2116 336 2125 336 1035 293 2116 336 1035 293 944 293 1839 207 487 207 466 197 1839 207 466 197 1821 197 1839 207 1871 197 522 197 1839 207 522 197 487 207 765 104 2133 104 1889 166 765 104 1889 166 536 166 536 166 1889 166 1821 197 536 166 1821 197 466 197 324 146 1689 106 1618 106 324 146 1618 106 245 146 2125 336 2116 336 1326 48 2125 336 1326 48 1244 48 1716 97 932 97 688 136 1716 97 688 136 1485 136 1485 136 688 136 553 97 1485 136 553 97 1377 97 262 3 1077 3 1377 97 262 3 1377 97 553 97 2133 104 765 104 1077 3 2133 104 1077 3 262 3 1071 56 1618 106 1689 106 1071 56 1689 106 1158 56 932 97 1716 97 69 3 932 97 69 3 1450 3 986 200 1049 204 1832 204 986 200 1832 204 1782 200 1079 200 1854 200 1832 204 1079 200 1832 204 1049 204 973 93 180 93 26 134 973 93 26 134 838 134 600 93 838 134 26 134 600 93 26 134 1961 93 1450 3 69 3 600 93 1450 3 600 93 1961 93 1854 200 1079 200 983 169 1854 200 983 169 1780 169 1780 169 983 169 768 110 1780 169 768 110 1569 110 476 3 1290 3 1569 110 476 3 1569 110 768 110 1290 3 476 3 180 93 1290 3 180 93 973 93 986 200 1782 200 1902 169 986 200 1902 169 1142 169 608 274 1117 274 1637 297 608 274 1637 297 1134 297 126 119 413 86 1769 86 126 119 1769 86 1500 119 126 119 1500 119 1142 169 126 119 1142 169 1902 169 1822 305 1303 305 1134 297 1822 305 1134 297 1637 297 579 119 1918 119 1769 86 579 119 1769 86 413 86 866 192 52 192 2167 169 866 192 2167 169 786 169 1918 119 579 119 786 169 1918 119 786 169 2167 169 727 209 648 209 450 187 727 209 450 187 519 187 1303 305 1822 305 1612 295 1303 305 1612 295 1107 295 2162 167 783 167 564 117 2162 167 564 117 1908 117 783 167 2162 167 52 192 783 167 52 192 866 192 398 83 113 117 1481 117 398 83 1481 117 1754 83 1908 117 564 117 398 83 1908 117 398 83 1754 83 648 209 727 209 493 184 648 209 493 184 405 184 1107 295 1612 295 1058 270 1107 295 1058 270 549 270 1481 117 113 117 1887 167 1481 117 1887 167 1118 167 405 184 493 184 1980 172 405 184 1980 172 1881 172 136 235 1862 235 549 270 136 235 549 270 1058 270 999 206 960 196 1748 196 999 206 1748 196 1793 206 1748 196 960 196 1118 167 1748 196 1118 167 1887 167 913 147 832 147 1881 172 913 147 1881 172 1980 172 813 172 2138 147 729 147 813 172 729 147 2057 172 952 56 1831 106 341 106 952 56 341 106 1622 56 1831 106 730 146 1420 146 1831 106 1420 146 341 106 188 172 1601 147 187 147 188 172 187 147 929 172 220 89 1035 279 2125 314 220 89 2125 314 1313 122 753 247 220 89 1313 122 753 247 1313 122 1771 276 1191 281 753 247 1771 276 1191 281 1771 276 2143 290 2125 314 1244 24 373 157 2125 314 373 157 1313 122 1771 276 1313 122 373 157 1771 276 373 157 805 304 2143 290 1771 276 805 304 2143 290 805 304 1095 307 373 157 1244 24 418 81 373 157 418 81 1705 198 805 304 373 157 1705 198 805 304 1705 198 2096 320 1095 307 805 304 2096 320 1095 307 2096 320 90 313 90 313 2096 320 1200 11 90 313 1200 11 1311 328 1992 79 1874 21 1186 14 1992 79 1186 14 1231 62 608 240 1134 260 169 31 608 240 169 31 1826 12 169 31 295 87 1992 79 169 31 1992 79 1826 12 295 87 177 28 1874 21 295 87 1874 21 1992 79 1303 266 329 39 169 31 1303 266 169 31 1134 260 169 31 329 39 460 90 169 31 460 90 295 87 460 90 316 30 177 28 460 90 177 28 295 87 1303 266 1107 257 135 29 1303 266 135 29 329 39 329 39 135 29 271 84 329 39 271 84 460 90 460 90 271 84 146 25 460 90 146 25 316 30 1107 257 549 238 1768 10 1107 257 1768 10 135 29 135 29 1768 10 1915 78 135 29 1915 78 271 84 271 84 1915 78 1838 20 271 84 1838 20 146 25 1768 10 549 238 1862 214 1768 10 1862 214 948 318 1768 10 948 318 1163 59 1768 10 1163 59 1915 78 1915 78 1163 59 1126 13 1915 78 1126 13 1838 20 299 56 1368 106 602 106 299 56 602 106 1713 56 1368 106 379 146 1798 146 1368 106 1798 146 602 106 2068 107 509 147 1201 147 2068 107 1201 147 571 107 1212 44 1143 44 310 94 1212 44 310 94 485 94 1450 15 1961 15 983 15 983 15 1961 15 26 15 983 15 26 15 768 15 768 15 26 15 180 15 768 15 180 15 476 15 1412 15 1775 15 1030 15 1030 15 1775 15 1806 15 1030 15 1806 15 999 15 999 15 1806 15 1847 15 999 15 1847 15 960 15 960 15 1847 15 1712 15 960 15 1712 15 1118 15 1118 15 1712 15 1366 15 1118 15 1366 15 1481 15 1481 15 1366 15 1086 15 1481 15 1086 15 1754 15 1754 15 1086 15 908 15 1754 15 908 15 1908 15 1908 15 908 15 690 15 1908 15 690 15 2162 15 2162 15 690 15 614 15 2162 15 614 15 52 15 52 15 614 15 694 15 52 15 694 15 2167 15 2167 15 694 15 915 15 2167 15 915 15 1918 15 1918 15 915 15 1094 15 1918 15 1094 15 1769 15 1769 15 1094 15 1378 15 1769 15 1378 15 1500 15 1500 15 1378 15 1731 15 1500 15 1731 15 1142 15 1142 15 1731 15 1871 15 1142 15 1871 15 986 15 986 15 1871 15 1839 15 986 15 1839 15 1049 15 1049 15 1839 15 1821 15 1049 15 1821 15 1079 15 1079 15 1821 15 1450 15 1079 15 1450 15 983 15 262 15 553 15 2133 15 2133 15 553 15 688 15 2133 15 688 15 1889 15 1889 15 688 15 932 15 1889 15 932 15 1450 15 424 15 114 15 718 15 718 15 114 15 2171 15 718 15 2171 15 945 15 945 15 2171 15 1897 15 945 15 1897 15 1030 15 1030 15 1897 15 1412 15 880 15 638 15 1851 15 880 15 1851 15 1775 15 880 15 1775 15 1412 15 502 15 208 15 2086 15 502 15 2086 15 1851 15 502 15 1851 15 638 15 1450 15 1821 15 1889 15 880 92 1671 92 1446 133 880 92 1446 133 638 133 1671 92 880 92 1412 2 1671 92 1412 2 22 2 546 5 1013 66 940 66 546 5 940 66 474 5 1143 44 1212 44 2018 331 1143 44 2018 331 2036 331 1328 92 502 92 638 133 1328 92 638 133 1446 133 708 109 2086 109 208 2 708 109 208 2 1008 2 502 92 1328 92 1008 2 502 92 1008 2 208 2 1509 112 940 66 1013 66 1509 112 1013 66 1590 112 950 291 2036 331 2018 331 950 291 2018 331 857 291 1847 199 1806 203 453 203 1847 199 453 203 495 199 453 203 1806 203 1775 199 453 203 1775 199 419 199 1851 168 498 168 419 199 1851 168 419 199 1775 199 2086 109 708 109 498 168 2086 109 498 168 1851 168 1428 227 1611 227 1770 231 1428 227 1770 231 1595 231 1086 85 1857 85 1696 118 1086 85 1696 118 908 118 1857 85 1086 85 1366 118 1857 85 1366 118 2160 118 2160 118 1366 118 1712 168 2160 118 1712 168 351 168 1847 199 495 199 351 168 1847 199 351 168 1712 168 690 168 1487 168 1427 191 690 168 1427 191 614 191 908 118 1696 118 1487 168 908 118 1487 168 690 168 1611 227 1428 227 1620 233 1611 227 1620 233 1805 233 1707 116 915 116 694 166 1707 116 694 166 1497 166 1497 166 694 166 614 191 1497 166 614 191 1427 191 2178 116 1378 116 1094 82 2178 116 1094 82 1864 82 915 116 1707 116 1864 82 915 116 1864 82 1094 82 748 183 667 183 433 208 748 183 433 208 505 208 20 251 186 251 1805 233 20 251 1805 233 1620 233 1378 116 2178 116 376 166 1378 116 376 166 1731 166 667 183 748 183 1433 171 667 183 1433 171 1365 171 944 293 1035 293 186 251 944 293 186 251 20 251 522 197 1871 197 1731 166 522 197 1731 166 376 166 1365 171 1433 171 324 146 1365 171 324 146 245 146 1862 235 136 235 1156 179 1862 235 1156 179 778 179 1817 196 1030 196 999 206 1817 196 999 206 1793 206 945 167 1724 167 1518 103 945 167 1518 103 718 103 1030 196 1817 196 1724 167 1030 196 1724 167 945 167 1688 107 1616 107 832 147 1688 107 832 147 913 147 778 179 1156 179 1917 148 778 179 1917 148 1664 148 2171 135 787 135 552 96 2171 135 552 96 1897 96 787 135 2171 135 114 96 787 135 114 96 931 96 424 2 1241 2 931 96 424 2 931 96 114 96 1241 2 424 2 718 103 1241 2 718 103 1518 103 8 57 1616 107 1688 107 8 57 1688 107 87 57 485 94 310 94 1664 148 485 94 1664 148 1917 148 22 2 1412 2 1897 96 22 2 1897 96 552 96 8 57 87 57 546 5 8 57 546 5 474 5 1830 107 729 147 2138 147 1830 107 2138 147 1037 107 730 146 2058 171 557 171 730 146 557 171 1420 146 2058 171 1507 183 5 183 2058 171 5 183 557 171 1507 183 1337 208 1994 208 1507 183 1994 208 5 183 1393 107 187 147 1601 147 1393 107 1601 147 631 107 310 80 1143 19 273 155 310 80 273 155 1609 188 1609 188 273 155 707 302 1609 188 707 302 1984 317 1984 317 707 302 992 306 1984 317 992 306 2 312 273 155 1143 19 2036 311 273 155 2036 311 1219 120 273 155 1219 120 1682 272 273 155 1682 272 707 302 707 302 1682 272 2066 288 707 302 2066 288 992 306 2036 311 950 273 138 88 2036 311 138 88 1219 120 138 88 680 246 1682 272 138 88 1682 272 1219 120 1682 272 680 246 1128 280 1682 272 1128 280 2066 288 2090 232 680 246 138 88 2090 232 138 88 1496 60 680 246 2090 232 391 263 680 246 391 263 1128 280 994 42 1597 223 2090 232 994 42 2090 232 1496 60 2090 232 1597 223 2117 258 2090 232 2117 258 391 263 1770 219 1611 218 831 36 1770 219 831 36 994 42 1597 223 994 42 831 36 1597 223 831 36 1448 220 2117 258 1597 223 1448 220 2117 258 1448 220 1960 256 1032 43 831 36 1611 218 1032 43 1611 218 1805 221 1448 220 831 36 1032 43 1448 220 1032 43 1619 224 2142 259 1960 256 1448 220 2142 259 1448 220 1619 224 1032 43 1805 221 186 239 1032 43 186 239 1549 63 2132 234 1619 224 1032 43 2132 234 1032 43 1549 63 442 265 2142 259 1619 224 442 265 1619 224 2132 234 1549 63 186 239 1035 279 1549 63 1035 279 220 89 753 247 2132 234 1549 63 753 247 1549 63 220 89 1191 281 442 265 2132 234 1191 281 2132 234 753 247 948 318 1862 214 778 163 948 318 778 163 2042 287 2042 287 104 37 1163 59 2042 287 1163 59 948 318 104 37 145 340 1126 13 104 37 1126 13 1163 59 90 15 1311 15 1095 15 1095 15 1311 15 232 15 1095 15 232 15 2143 15 2143 15 232 15 1186 15 2143 15 1186 15 1191 15 1191 15 1186 15 1290 15 1191 15 1290 15 1077 15 1077 15 1290 15 973 15 1077 15 973 15 1377 15 1377 15 973 15 838 15 1377 15 838 15 1485 15 1485 15 838 15 600 15 1485 15 600 15 1716 15 1716 15 600 15 69 15 1832 15 1854 15 1874 15 1874 15 1854 15 1780 15 1874 15 1780 15 1186 15 1186 15 1780 15 1569 15 1186 15 1569 15 1290 15 126 15 1902 15 177 15 177 15 1902 15 1782 15 177 15 1782 15 1874 15 1874 15 1782 15 1832 15 177 15 316 15 786 15 177 15 786 15 579 15 177 15 579 15 413 15 177 15 413 15 126 15 316 15 146 15 1887 15 316 15 1887 15 113 15 316 15 113 15 398 15 316 15 398 15 564 15 316 15 564 15 783 15 316 15 783 15 866 15 316 15 866 15 786 15 146 15 1838 15 1817 15 146 15 1817 15 1793 15 146 15 1793 15 1748 15 146 15 1748 15 1887 15 1838 15 1126 15 1241 15 1838 15 1241 15 1518 15 1838 15 1518 15 1724 15 1838 15 1724 15 1817 15 22 15 552 15 1671 15 1671 15 552 15 787 15 1671 15 787 15 1446 15 1446 15 787 15 931 15 1446 15 931 15 1328 15 1328 15 931 15 1241 15 1328 15 1241 15 1008 15 1008 15 1241 15 1126 15 1008 15 1126 15 391 15 391 15 1126 15 1128 15 1077 15 765 15 1191 15 1191 15 765 15 536 15 1191 15 536 15 442 15 442 15 536 15 466 15 442 15 466 15 487 15 522 15 376 15 2142 15 522 15 2142 15 442 15 522 15 442 15 487 15 2142 15 376 15 2178 15 2142 15 2178 15 1864 15 2142 15 1864 15 1707 15 2142 15 1707 15 1497 15 2142 15 1497 15 1427 15 2142 15 1427 15 1960 15 1960 15 1427 15 1487 15 1960 15 1487 15 1696 15 1960 15 1696 15 1857 15 1960 15 1857 15 2160 15 1960 15 2160 15 351 15 1960 15 351 15 2117 15 2117 15 351 15 495 15 2117 15 495 15 453 15 2117 15 453 15 419 15 2117 15 419 15 391 15 391 15 419 15 498 15 391 15 498 15 708 15 391 15 708 15 1008 15 2 15 992 15 1217 15 1217 15 992 15 2066 15 1217 15 2066 15 145 15 145 15 2066 15 1128 15 145 15 1128 15 1126 15 379 146 1796 171 1074 171 379 146 1074 171 1798 146 1796 171 1351 183 587 183 1796 171 587 183 1074 171 2042 287 778 163 1664 128 2042 287 1664 128 782 241 782 241 1112 9 104 37 782 241 104 37 2042 287 1112 9 1217 327 145 340 1112 9 145 340 104 37 310 80 1609 188 782 241 310 80 782 241 1664 128 1609 188 1984 317 1112 9 1609 188 1112 9 782 241 1984 317 2 312 1217 327 1984 317 1217 327 1112 9 1355 57 2068 107 571 107 1355 57 571 107 2019 57 148 151 1509 112 1590 112 148 151 1590 112 234 151 950 291 857 291 2151 248 950 291 2151 248 118 248 148 151 234 151 1379 173 148 151 1379 173 1298 173 1595 231 1770 231 118 248 1595 231 118 248 2151 248 713 186 632 186 1298 173 713 186 1298 173 1379 173 632 186 713 186 505 208 632 186 505 208 433 208 951 57 1830 107 1037 107 951 57 1037 107 1890 57 260 57 1393 107 631 107 260 57 631 107 1669 57 138 88 950 273 118 237 138 88 118 237 1496 60 118 237 1770 219 994 42 118 237 994 42 1496 60 565 5 1355 57 2019 57 565 5 2019 57 1263 5 504 167 1189 167 1544 192 504 167 1544 192 874 192 1215 169 530 169 874 192 1215 169 874 192 1544 192 244 110 1723 110 530 169 244 110 530 169 1215 169 1681 103 198 103 1189 167 1681 103 1189 167 504 167 1723 110 244 110 1105 3 1723 110 1105 3 426 3 155 5 951 57 1890 57 155 5 1890 57 535 5 1246 5 260 57 1669 57 1246 5 1669 57 484 5 2177 106 1476 106 859 146 2177 106 859 146 1539 146 1351 183 1177 208 415 208 1351 183 415 208 587 183 1539 146 859 146 383 171 1539 146 383 171 1076 171 1480 27 808 27 24 56 1480 27 24 56 711 56 1076 171 383 171 67 183 1076 171 67 183 758 183 758 183 67 183 2147 208 758 183 2147 208 642 208 642 208 2147 208 51 186 642 208 51 186 737 186 93 171 961 146 1886 146 93 171 1886 146 590 171 2106 146 1371 171 611 171 2106 146 611 171 1373 146 798 106 1886 146 961 146 798 106 961 146 2075 106 904 106 2106 146 1373 146 904 106 1373 146 157 106 1744 56 1047 106 1700 106 1744 56 1700 106 267 56 1673 56 798 106 2075 106 1673 56 2075 106 1192 56 2029 56 904 106 157 106 2029 56 157 106 1291 56 355 4 1744 56 267 56 355 4 267 56 1051 4 933 168 258 168 2097 191 933 168 2097 191 586 191 258 168 933 168 1865 109 258 168 1865 109 1235 109 1235 109 1865 109 1050 2 1235 109 1050 2 362 2 308 4 1673 56 1192 56 308 4 1192 56 381 4 1065 4 2029 56 1291 56 1065 4 1291 56 304 4 1152 67 355 4 1051 4 1152 67 1051 4 1804 67 198 103 1681 103 362 2 198 103 362 2 1050 2 381 4 1741 67 1130 67 381 4 1130 67 308 4 72 67 1065 4 304 4 72 67 304 4 1504 67 1835 113 1152 67 1804 67 1835 113 1804 67 345 113 2013 113 1130 67 1741 67 2013 113 1741 67 850 113 1210 113 72 67 1504 67 1210 113 1504 67 458 113 282 152 1835 113 345 113 282 152 345 113 965 152 924 152 2013 113 850 113 924 152 850 113 1920 152 2158 152 1210 113 458 113 2158 152 458 113 1411 152 757 174 282 152 965 152 757 174 965 152 1437 174 78 174 924 152 1920 152 78 174 1920 152 604 174 1411 152 2131 174 702 174 1411 152 702 174 2158 152 604 174 1139 187 1729 187 604 174 1729 187 78 174 1337 208 1472 186 2170 186 1337 208 2170 186 1994 208 1472 186 2000 173 503 173 1472 186 503 173 2170 186 1173 187 702 174 2131 174 1173 187 2131 174 408 187 1177 208 1327 186 560 186 1177 208 560 186 415 208 1327 186 1746 173 1017 173 1327 186 1017 173 560 186 737 186 51 186 344 173 737 186 344 173 1042 173 1042 173 344 173 818 151 1042 173 818 151 1492 151 1434 6 746 6 1248 6 1434 6 1248 6 1888 6 272 5 1092 66 1779 66 272 5 1779 66 421 5 1911 66 962 5 221 5 1911 66 221 5 1197 66 892 112 1779 66 1092 66 892 112 1092 66 1970 112 817 112 1911 66 1197 66 817 112 1197 66 61 112 1977 151 892 112 1970 112 1977 151 1970 112 887 151 2041 151 817 112 61 112 2041 151 61 112 1309 151 637 173 1977 151 887 151 637 173 887 151 41 173 1330 173 2041 151 1309 151 1330 173 1309 151 563 173 1065 15 72 15 2029 15 2029 15 72 15 1210 15 2029 15 1210 15 904 15 904 15 1210 15 2158 15 904 15 2158 15 2106 15 2106 15 2158 15 1051 15 2106 15 1051 15 267 15 1437 15 965 15 702 15 702 15 965 15 345 15 702 15 345 15 2158 15 2158 15 345 15 1804 15 2158 15 1804 15 1051 15 1695 15 1812 15 1325 15 1325 15 1812 15 1710 15 1325 15 1710 15 1173 15 1173 15 1710 15 1437 15 1173 15 1437 15 702 15 1154 15 661 15 928 15 1154 15 928 15 1414 15 1154 15 1414 15 1695 15 1154 15 1695 15 1325 15 1062 15 1650 15 1330 15 1330 15 1650 15 211 15 1330 15 211 15 2041 15 2041 15 211 15 976 15 2041 15 976 15 2094 15 2094 15 976 15 1737 15 2094 15 1737 15 661 15 661 15 1737 15 298 15 661 15 298 15 928 15 1700 15 1106 15 1371 15 1700 15 1371 15 2106 15 1700 15 2106 15 267 15 613 15 302 15 881 15 613 15 881 15 1371 15 613 15 1371 15 1106 15 584 15 855 15 284 15 284 15 855 15 709 15 284 15 709 15 201 15 201 15 709 15 881 15 201 15 881 15 302 15 1062 15 1330 15 855 15 1062 15 855 15 584 15 962 15 1911 15 2176 15 2176 15 1911 15 817 15 2176 15 817 15 1133 15 1133 15 817 15 2041 15 1133 15 2041 15 2094 15 381 16 1192 16 1741 16 1741 16 1192 16 2075 16 1741 16 2075 16 850 16 850 16 2075 16 961 16 850 16 961 16 1920 16 1920 16 961 16 355 16 1920 16 355 16 1152 16 410 16 1047 16 93 16 93 16 1047 16 1744 16 93 16 1744 16 961 16 961 16 1744 16 355 16 1774 16 1675 16 1542 16 1542 16 1675 16 1788 16 1542 16 1788 16 1717 16 1717 16 1788 16 2109 16 1717 16 2109 16 93 16 93 16 2109 16 410 16 1694 16 41 16 981 16 1694 16 981 16 364 16 1694 16 364 16 2083 16 1694 16 2083 16 1774 16 1694 16 1774 16 1542 16 1856 16 542 16 887 16 887 16 542 16 292 16 887 16 292 16 41 16 41 16 292 16 1685 16 41 16 1685 16 981 16 604 16 1920 16 1152 16 604 16 1152 16 1835 16 604 16 1835 16 282 16 604 16 282 16 757 16 604 16 757 16 1139 16 757 16 1060 16 1139 16 1139 16 1060 16 1160 16 1139 16 1160 16 1305 16 1305 16 1160 16 1041 16 1305 16 1041 16 1111 16 1111 16 1041 16 723 16 1111 16 723 16 250 16 1783 16 1089 16 542 16 1783 16 542 16 1111 16 1783 16 1111 16 250 16 272 16 1636 16 1092 16 1092 16 1636 16 764 16 1092 16 764 16 1970 16 1970 16 764 16 1856 16 1970 16 1856 16 887 16 292 16 542 16 1089 16 996 147 142 172 542 172 996 147 542 172 1856 147 1352 151 503 173 2000 173 1352 151 2000 173 658 151 1220 6 724 6 35 6 1220 6 35 6 526 6 658 151 1733 112 256 112 658 151 256 112 1352 151 1733 112 846 66 1523 66 1733 112 1523 66 256 112 846 66 35 33 724 33 846 66 724 33 1523 66 2094 147 661 172 2095 172 2094 147 2095 172 1353 147 2119 50 1995 71 572 71 2119 50 572 71 691 50 315 151 1281 112 521 112 315 151 521 112 1720 151 1281 112 217 66 1628 66 1281 112 1628 66 521 112 217 66 1421 5 665 5 217 66 665 5 1628 66 1746 173 315 151 1720 151 1746 173 1720 151 1017 173 1421 5 449 45 1855 45 1421 5 1855 45 665 5 449 45 572 64 1995 64 449 45 1995 64 1855 45 691 50 1869 5 1162 5 691 50 1162 5 2119 50 2108 107 996 147 1856 147 2108 107 1856 147 764 107 1133 107 2094 147 1353 147 1133 107 1353 147 363 107 1229 57 2108 107 764 107 1229 57 764 107 1636 57 2176 57 1133 107 363 107 2176 57 363 107 1426 57 421 5 1229 57 1636 57 421 5 1636 57 272 5 962 5 2176 57 1426 57 962 5 1426 57 221 5 1492 151 818 151 1436 112 1492 151 1436 112 2115 112 1685 66 292 5 976 5 1685 66 976 5 211 66 981 112 1685 66 211 66 981 112 211 66 1650 112 364 151 981 112 1650 112 364 151 1650 112 1062 151 2083 173 364 151 1062 151 2083 173 1062 151 584 173 1774 186 2083 173 584 173 1774 186 584 173 284 186 1171 186 637 173 41 173 1171 186 41 173 1694 186 855 186 1330 173 563 173 855 186 563 173 96 186 1675 208 1774 186 284 186 1675 208 284 186 201 208 1344 208 1171 186 1694 186 1344 208 1694 186 1542 208 709 208 855 186 96 186 709 208 96 186 2141 208 1788 183 1675 208 201 208 1788 183 201 208 302 183 1148 183 1344 208 1542 208 1148 183 1542 208 1717 183 2141 208 128 183 881 183 2141 208 881 183 709 208 2109 171 1788 183 302 183 2109 171 302 183 613 171 590 171 1148 183 1717 183 590 171 1717 183 93 171 1371 171 881 183 128 183 1371 171 128 183 611 171 410 146 2109 171 613 171 410 146 613 171 1106 146 1047 106 410 146 1106 146 1047 106 1106 146 1700 106 1060 187 757 174 1437 174 1060 187 1437 174 1710 187 1160 209 1060 187 1710 187 1160 209 1710 187 1812 209 1576 209 1729 187 1139 187 1576 209 1139 187 1305 209 1325 209 1173 187 408 187 1325 209 408 187 558 209 1041 184 1160 209 1812 209 1041 184 1812 209 1695 184 1758 184 1576 209 1305 209 1758 184 1305 209 1111 184 1154 184 1325 209 558 209 1154 184 558 209 388 184 723 172 1041 184 1695 184 723 172 1695 184 1414 172 142 172 1758 184 1111 184 142 172 1111 184 542 172 661 172 1154 184 388 184 661 172 388 184 2095 172 250 147 723 172 1414 172 250 147 1414 172 928 147 1783 107 250 147 928 147 1783 107 928 147 298 107 1089 57 1783 107 298 107 1089 57 298 107 1737 57 292 5 1089 57 1737 57 292 5 1737 57 976 5 2115 112 1436 112 2159 66 2115 112 2159 66 656 66 656 66 2159 66 746 33 656 66 746 33 1434 33 1583 47 14 47 1308 70 1583 47 1308 70 676 70 240 6 1161 6 1645 6 240 6 1645 6 1787 6 1987 103 1645 58 1161 58 1987 103 1161 58 810 103 47 167 1987 103 810 103 47 167 810 103 569 167 2145 167 248 192 848 192 2145 167 848 192 582 167 399 15 229 15 227 15 227 15 229 15 25 15 227 15 25 15 2043 15 2043 15 25 15 1468 15 2043 15 1468 15 1198 15 1198 15 1468 15 1990 15 1198 15 1990 15 1647 15 1647 15 1990 15 1166 15 143 15 150 15 2146 15 2146 15 150 15 1971 15 2146 15 1971 15 1440 15 1440 15 1971 15 1166 15 1440 15 1166 15 1990 15 567 15 1398 15 1122 15 567 15 1122 15 399 15 567 15 399 15 227 15 150 15 332 15 501 15 501 15 332 15 1083 15 501 15 1083 15 1370 15 1370 15 1083 15 544 15 1370 15 544 15 882 15 882 15 544 15 1122 15 882 15 1122 15 1398 15 332 15 150 15 143 15 133 15 2135 15 2129 15 2129 15 2135 15 1919 15 2129 15 1919 15 1759 15 1759 15 1919 15 1226 15 1759 15 1226 15 927 15 927 15 1226 15 1709 15 927 15 1709 15 1401 15 1401 15 1709 15 889 15 2062 15 2065 15 1859 15 1859 15 2065 15 1697 15 1859 15 1697 15 1185 15 1185 15 1697 15 889 15 1185 15 889 15 1709 15 296 15 1144 15 836 15 296 15 836 15 133 15 296 15 133 15 2129 15 2065 15 58 15 239 15 239 15 58 15 799 15 239 15 799 15 1104 15 1104 15 799 15 281 15 1104 15 281 15 618 15 618 15 281 15 836 15 618 15 836 15 1144 15 58 15 2065 15 2062 15 1230 15 1540 15 94 15 94 15 1540 15 1676 15 94 15 1676 15 2153 15 2153 15 1676 15 1762 15 2153 15 1762 15 1947 15 1202 15 65 15 122 15 122 15 65 15 81 15 122 15 81 15 106 15 106 15 81 15 115 15 106 15 115 15 79 15 79 15 115 15 28 15 79 15 28 15 193 15 193 15 28 15 1969 15 193 15 1969 15 429 15 429 15 1969 15 1792 15 429 15 1792 15 598 15 598 15 1792 15 1686 15 598 15 1686 15 695 15 695 15 1686 15 1560 15 695 15 1560 15 833 15 833 15 1560 15 1516 15 833 15 1516 15 890 15 890 15 1516 15 1565 15 890 15 1565 15 835 15 835 15 1565 15 1692 15 835 15 1692 15 701 15 701 15 1692 15 1802 15 701 15 1802 15 606 15 606 15 1802 15 1983 15 606 15 1983 15 438 15 438 15 1983 15 39 15 438 15 39 15 199 15 199 15 39 15 139 15 199 15 139 15 97 15 97 15 139 15 103 15 97 15 103 15 137 15 137 15 103 15 89 15 137 15 89 15 161 15 161 15 89 15 1230 15 161 15 1230 15 94 15 480 15 664 15 285 15 285 15 664 15 743 15 285 15 743 15 158 15 158 15 743 15 896 15 158 15 896 15 1230 15 1904 15 1725 15 2118 15 2118 15 1725 15 1649 15 2118 15 1649 15 71 15 71 15 1649 15 1512 15 71 15 1512 15 122 15 122 15 1512 15 1202 15 861 15 716 15 117 15 861 15 117 15 65 15 861 15 65 15 1202 15 629 15 452 15 263 15 629 15 263 15 117 15 629 15 117 15 716 15 1230 15 89 15 158 15 263 109 452 2 1557 2 263 109 1557 2 1388 109 1734 92 1557 2 452 2 1734 92 452 2 629 92 716 133 861 92 1979 92 716 133 1979 92 1827 133 629 92 716 133 1827 133 629 92 1827 133 1734 92 861 92 1202 2 127 2 861 92 127 2 1979 92 115 199 81 203 1225 203 115 199 1225 203 1260 199 81 203 65 199 1206 199 81 203 1206 199 1225 203 28 168 115 199 1260 199 28 168 1260 199 1170 168 65 199 117 168 1261 168 65 199 1261 168 1206 199 117 168 263 109 1388 109 117 168 1388 109 1261 168 1264 222 1652 229 506 129 1264 222 506 129 50 114 1686 118 1792 85 744 85 1686 118 744 85 643 118 1792 85 1969 118 920 118 1792 85 920 118 744 85 1969 118 28 168 1170 168 1969 118 1170 168 920 118 1516 191 1560 168 511 168 1516 191 511 168 470 191 1560 168 1686 118 643 118 1560 168 643 118 511 168 675 167 178 192 618 192 675 167 618 192 1144 167 178 242 675 275 1078 145 178 242 1078 145 561 125 534 131 50 114 561 125 534 131 561 125 1078 145 50 114 534 131 1680 230 50 114 1680 230 1264 222 1983 116 1802 82 754 82 1983 116 754 82 938 116 1802 82 1692 116 651 116 1802 82 651 116 754 82 39 166 1983 116 938 116 39 166 938 116 1183 166 1692 116 1565 166 515 166 1692 116 515 166 651 116 1565 166 1516 191 470 191 1565 166 470 191 515 166 836 166 281 191 1423 191 836 166 1423 191 1958 166 675 167 1144 167 296 103 675 167 296 103 2034 103 1078 145 675 275 2034 8 1078 145 2034 8 224 205 1809 158 534 131 1078 145 1809 158 1078 145 224 205 722 245 1680 230 534 131 722 245 534 131 1809 158 89 197 103 207 1255 207 89 197 1255 207 1238 197 103 207 139 197 1272 197 103 207 1272 197 1255 207 139 197 39 166 1183 166 139 197 1183 166 1272 197 285 104 158 166 1284 166 285 104 1284 166 1417 104 158 166 89 197 1238 197 158 166 1238 197 1284 166 133 104 836 166 1958 166 133 104 1958 166 1278 104 2034 103 296 103 2129 2 2034 103 2129 2 1670 2 224 205 2034 8 1670 108 224 205 1670 108 2021 294 1809 158 224 205 2021 294 1809 158 2021 294 1385 213 722 245 1809 158 1385 213 722 245 1385 213 192 283 896 97 743 136 1853 136 896 97 1853 136 2009 97 743 136 664 97 1767 97 743 136 1767 97 1853 136 1230 3 896 97 2009 97 1230 3 2009 97 168 3 664 97 480 3 1593 3 664 97 1593 3 1767 97 480 3 285 104 1417 104 480 3 1417 104 1593 3 2135 3 133 104 1278 104 2135 3 1278 104 1103 3 150 3 501 110 44 110 150 3 44 110 1861 3 1861 102 44 1 428 195 1861 102 428 195 29 289 2025 156 1561 210 29 289 2025 156 29 289 428 195 1561 210 2025 156 942 244 1561 210 942 244 378 282 332 109 143 2 1285 2 332 109 1285 2 1459 109 44 110 501 110 1370 169 44 110 1370 169 910 169 428 195 44 1 910 271 428 195 910 271 1310 142 2025 156 428 195 1310 142 2025 156 1310 142 771 129 942 244 2025 156 771 129 942 244 771 129 1905 229 1083 168 332 109 1459 109 1083 168 1459 109 11 168 910 169 1370 169 882 192 910 169 882 192 443 192 1310 142 910 271 443 242 1310 142 443 242 825 125 771 129 1310 142 825 125 771 129 825 125 326 114 1905 229 771 129 326 114 1905 229 326 114 1508 222 544 191 1083 168 11 168 544 191 11 168 1668 191 443 192 882 192 1398 167 443 192 1398 167 946 167 825 125 443 242 946 275 825 125 946 275 1348 145 326 114 825 125 1348 145 326 114 1348 145 804 131 1508 222 326 114 804 131 1508 222 804 131 1945 230 1122 166 544 191 1668 191 1122 166 1668 191 49 166 1398 167 567 103 112 103 1398 167 112 103 946 167 946 275 112 8 488 205 946 275 488 205 1348 145 2087 158 804 131 1348 145 2087 158 1348 145 488 205 804 131 2087 158 988 245 804 131 988 245 1945 230 399 104 1122 166 49 166 399 104 49 166 1526 104 1670 2 2129 2 1759 109 1670 2 1759 109 1349 109 2021 294 1670 108 1349 185 2021 294 1349 185 1629 41 916 252 1385 213 2021 294 916 252 2021 294 1629 41 1791 309 192 283 1385 213 1791 309 1385 213 916 252 2153 110 1947 3 909 3 2153 110 909 3 1110 110 720 93 909 3 1947 3 720 93 1947 3 1762 93 1540 93 1230 3 168 3 1540 93 168 3 492 93 1762 93 1676 134 635 134 1762 93 635 134 720 93 1676 134 1540 93 492 93 1676 134 492 93 635 134 1919 110 2135 3 1103 3 1919 110 1103 3 903 110 1759 109 927 168 482 168 1759 109 482 168 1349 109 482 267 766 101 1629 41 482 267 1629 41 1349 185 766 101 2181 299 916 252 766 101 916 252 1629 41 2181 299 803 322 1791 309 2181 299 1791 309 916 252 97 200 137 204 1271 204 97 200 1271 204 1250 200 137 204 161 200 1287 200 137 204 1287 200 1271 204 199 169 97 200 1250 200 199 169 1250 200 1335 169 161 200 94 169 1247 169 161 200 1247 169 1287 200 94 169 2153 110 1110 110 94 169 1110 110 1247 169 1226 169 1919 110 903 110 1226 169 903 110 173 169 766 101 482 267 949 300 766 101 949 300 1253 123 766 101 1253 123 446 310 766 101 446 310 2181 299 446 310 1243 333 803 322 446 310 803 322 2181 299 701 119 606 86 1708 86 701 119 1708 86 1815 119 606 86 438 119 1547 119 606 86 1547 119 1708 86 438 119 199 169 1335 169 438 119 1335 169 1547 119 890 192 835 169 1941 169 890 192 1941 169 2004 192 835 169 701 119 1815 119 835 169 1815 119 1941 169 448 166 949 191 1401 191 448 166 1401 191 889 166 949 300 448 264 731 98 949 300 731 98 1253 123 1253 123 731 98 2137 298 1253 123 2137 298 446 310 446 310 2137 298 774 319 446 310 774 319 1243 333 429 117 598 83 1703 83 429 117 1703 83 1535 117 598 83 695 117 1810 117 598 83 1810 117 1703 83 193 167 429 117 1535 117 193 167 1535 117 1318 167 695 117 833 167 1932 167 695 117 1932 167 1810 117 833 167 890 192 2004 192 833 167 2004 192 1932 167 1185 167 1709 192 679 192 1185 167 679 192 120 167 448 166 889 166 1697 104 448 166 1697 104 1277 104 731 98 448 264 1277 181 731 98 1277 181 1573 38 731 98 1573 38 856 249 731 98 856 249 2137 298 2137 298 856 249 1726 308 2137 298 1726 308 774 319 192 15 1791 15 722 15 722 15 1791 15 909 15 722 15 909 15 1593 15 1593 15 909 15 720 15 1593 15 720 15 1767 15 1767 15 720 15 635 15 1767 15 635 15 1853 15 1853 15 635 15 492 15 1853 15 492 15 2009 15 2009 15 492 15 168 15 803 15 1243 15 1941 15 803 15 1941 15 1815 15 803 15 1815 15 1708 15 803 15 1708 15 1547 15 803 15 1547 15 1335 15 803 15 1335 15 1250 15 803 15 1250 15 1271 15 803 15 1271 15 1287 15 803 15 1287 15 1247 15 803 15 1247 15 1110 15 803 15 1110 15 909 15 803 15 909 15 1791 15 1243 15 774 15 1075 15 1243 15 1075 15 1213 15 1243 15 1213 15 1268 15 1243 15 1268 15 1256 15 1243 15 1256 15 1223 15 1243 15 1223 15 1318 15 1243 15 1318 15 1535 15 1243 15 1535 15 1703 15 1243 15 1703 15 1810 15 1243 15 1810 15 1932 15 1243 15 1932 15 2004 15 1243 15 2004 15 1941 15 1206 15 1261 15 1264 15 1264 15 1261 15 1388 15 1264 15 1388 15 1652 15 1652 15 1388 15 1557 15 1652 15 1557 15 1726 15 1726 15 1557 15 875 15 1726 15 875 15 774 15 774 15 875 15 1075 15 1680 15 722 15 1593 15 1680 15 1593 15 1417 15 1680 15 1417 15 1284 15 1680 15 1284 15 1238 15 1680 15 1238 15 1255 15 1680 15 1255 15 1272 15 1680 15 1272 15 1183 15 1680 15 1183 15 938 15 1680 15 938 15 754 15 1680 15 754 15 651 15 1680 15 651 15 515 15 1680 15 515 15 470 15 1680 15 470 15 1264 15 1264 15 470 15 511 15 1264 15 511 15 643 15 1264 15 643 15 744 15 1264 15 744 15 920 15 1264 15 920 15 1170 15 1264 15 1170 15 1260 15 1264 15 1260 15 1225 15 1264 15 1225 15 1206 15 1726 15 101 15 668 15 1726 15 668 15 1652 15 127 15 465 15 1979 15 1979 15 465 15 607 15 1979 15 607 15 1827 15 1827 15 607 15 686 15 1827 15 686 15 1734 15 1734 15 686 15 875 15 1734 15 875 15 1557 15 122 196 106 206 1256 206 122 196 1256 206 1268 196 106 206 79 196 1223 196 106 206 1223 196 1256 206 79 196 193 167 1318 167 79 196 1318 167 1223 196 2118 103 71 167 1213 167 2118 103 1213 167 1075 103 71 167 122 196 1268 196 71 167 1268 196 1213 167 1859 103 1185 167 120 167 1859 103 120 167 827 103 1512 96 1649 135 607 135 1512 96 607 135 465 96 1649 135 1725 96 686 96 1649 135 686 96 607 135 1202 2 1512 96 465 96 1202 2 465 96 127 2 1725 96 1904 2 875 2 1725 96 875 2 686 96 1904 2 2118 103 1075 103 1904 2 1075 103 875 2 248 192 2169 169 597 169 248 192 597 169 848 192 1090 16 966 16 1661 16 1661 16 966 16 2053 16 1661 16 2053 16 612 16 612 16 2053 16 775 16 612 16 775 16 1875 16 1875 16 775 16 1572 16 1875 16 1572 16 1115 16 1146 16 1736 16 820 16 820 16 1736 16 297 16 820 16 297 16 1661 16 1661 16 297 16 1090 16 327 16 238 16 74 16 74 16 238 16 338 16 74 16 338 16 275 16 275 16 338 16 645 16 275 16 645 16 820 16 820 16 645 16 1146 16 254 16 767 16 1683 16 254 16 1683 16 1102 16 254 16 1102 16 617 16 254 16 617 16 327 16 254 16 327 16 74 16 814 16 84 16 1727 16 1727 16 84 16 1484 16 1727 16 1484 16 1598 16 1598 16 1484 16 1019 16 1598 16 1019 16 767 16 767 16 1019 16 247 16 767 16 247 16 1683 16 1090 16 1551 16 966 16 966 16 1551 16 153 16 966 16 153 16 1785 16 1785 16 153 16 868 16 1785 16 868 16 1474 16 1928 16 56 16 140 16 1928 16 140 16 1785 16 1928 16 1785 16 1474 16 1892 16 100 16 40 16 40 16 100 16 306 16 40 16 306 16 167 16 167 16 306 16 140 16 167 16 140 16 56 16 100 16 1892 16 1442 16 100 16 1442 16 814 16 100 16 814 16 1727 16 1727 16 1598 16 893 16 893 16 1598 16 516 16 893 16 516 16 1940 16 1940 16 516 16 1781 16 1940 16 1781 16 671 16 671 16 1781 16 990 16 671 16 990 16 1463 16 325 209 191 187 1602 187 325 209 1602 187 1738 209 191 187 1878 174 1168 174 191 187 1168 174 1602 187 1085 172 1606 184 100 184 1085 172 100 184 1727 172 1606 184 1794 209 306 209 1606 184 306 209 100 184 1794 209 1627 187 140 187 1794 209 140 187 306 209 1627 187 1135 174 1785 174 1627 187 1785 174 140 187 1135 174 283 152 966 152 1135 174 966 152 1785 174 2053 113 966 152 283 152 2053 113 283 152 1384 113 2169 169 1441 110 2054 110 2169 169 2054 110 597 169 1184 152 223 113 1633 113 1184 152 1633 113 432 152 1878 174 1184 152 432 152 1878 174 432 152 1168 174 1843 172 159 184 1578 184 1843 172 1578 184 1125 172 159 184 325 209 1738 209 159 184 1738 209 1578 184 1413 103 2145 167 582 167 1413 103 582 167 2016 103 843 69 455 3 1070 3 843 69 1070 3 2054 110 843 69 2054 110 1441 110 1488 107 814 107 1442 147 1488 107 1442 147 2121 147 2165 5 1196 57 447 57 2165 5 447 57 1418 5 1196 57 134 107 1558 107 1196 57 1558 107 447 57 134 107 1124 147 357 147 134 107 357 147 1558 107 1124 147 1843 172 1125 172 1124 147 1125 172 357 147 1292 107 218 147 893 147 1292 107 893 147 1940 107 218 147 1085 172 1727 172 218 147 1727 172 893 147 2179 57 1292 107 1940 107 2179 57 1940 107 671 57 2121 147 1442 147 1892 172 2121 147 1892 172 435 172 435 172 1892 172 40 184 435 172 40 184 728 184 773 57 84 57 814 107 773 57 814 107 1488 107 728 184 40 184 167 209 728 184 167 209 839 209 839 209 167 209 56 187 839 209 56 187 745 187 745 187 56 187 1928 174 745 187 1928 174 462 174 223 113 1289 67 527 67 223 113 527 67 1633 113 1384 113 85 67 775 67 1384 113 775 67 2053 113 462 174 1928 174 1474 152 462 174 1474 152 2173 152 2173 152 1474 152 868 113 2173 152 868 113 1545 113 1484 26 84 57 773 57 1484 26 773 57 2184 26 1545 113 868 113 153 67 1545 113 153 67 828 67 37 51 181 72 918 72 37 51 918 72 796 51 1289 67 64 4 1499 4 1289 67 1499 4 527 67 64 4 1059 46 293 46 64 4 293 46 1499 4 1059 46 918 65 181 65 1059 46 181 65 293 46 1753 4 570 56 1993 56 1753 4 1993 56 1031 4 796 51 1753 4 1031 4 796 51 1031 4 37 51 85 67 901 34 1572 34 85 67 1572 34 775 67 420 7 1115 7 1572 7 420 7 1572 7 901 7 420 27 1228 56 1875 56 420 27 1875 56 1115 27 828 67 153 67 1551 34 828 67 1551 34 45 34 1090 7 1739 7 45 7 1090 7 45 7 1551 7 1090 27 297 56 977 56 1090 27 977 56 1739 27 570 56 1610 106 867 106 570 56 867 106 1993 56 1228 56 2107 106 612 106 1228 56 612 106 1875 56 455 3 1613 104 46 104 455 3 46 104 1070 3 1491 166 46 104 1613 104 1491 166 1613 104 888 166 789 26 2179 57 671 57 789 26 671 57 1463 26 977 56 297 56 1736 106 977 56 1736 106 259 106 1610 106 641 146 2080 146 1610 106 2080 146 867 106 641 146 2079 171 1345 171 641 146 1345 171 2080 146 2079 171 1594 183 847 183 2079 171 847 183 1345 171 2107 106 995 146 1661 146 2107 106 1661 146 612 106 995 146 141 171 820 171 995 146 820 171 1661 146 141 171 1757 183 275 183 141 171 275 183 820 171 1757 183 1575 208 74 208 1757 183 74 208 275 183 259 106 1736 106 1146 146 259 106 1146 146 1797 146 1594 183 1432 208 678 208 1594 183 678 208 847 183 1797 146 1146 146 645 171 1797 146 645 171 1347 171 1347 171 645 171 338 183 1347 171 338 183 1029 183 1029 183 338 183 238 208 1029 183 238 208 911 208 911 208 238 208 327 186 911 208 327 186 1004 186 1429 56 531 106 165 106 1429 56 165 106 1447 56 105 56 1179 106 422 106 105 56 422 106 1541 56 625 4 2027 56 528 56 625 4 528 56 1324 4 34 4 1429 56 1447 56 34 4 1447 56 644 4 1341 4 105 56 1541 56 1341 4 1541 56 578 4 1403 67 625 4 1324 4 1403 67 1324 4 2082 67 644 4 2020 67 845 67 644 4 845 67 34 4 343 67 1341 4 578 4 343 67 578 4 1756 67 2113 113 1403 67 2082 67 2113 113 2082 67 619 113 1732 113 845 67 2020 67 1732 113 2020 67 1136 113 1458 113 343 67 1756 67 1458 113 1756 67 712 113 548 152 2113 113 619 113 548 152 619 113 1252 152 657 152 1732 113 1136 113 657 152 1136 113 27 152 246 152 1458 113 712 113 246 152 712 113 1656 152 1028 174 548 152 1252 152 1028 174 1252 152 1684 174 1999 174 657 152 27 152 1999 174 27 152 869 174 969 174 246 152 1656 152 969 174 1656 152 228 174 1471 187 1999 174 869 174 1471 187 869 174 1395 187 1575 208 1728 186 254 186 1575 208 254 186 74 208 1728 186 77 173 767 173 1728 186 767 173 254 186 1431 187 969 174 228 174 1431 187 228 174 672 187 1432 208 1568 186 824 186 1432 208 824 186 678 208 1568 186 2032 173 1294 173 1568 186 1294 173 824 186 1004 186 327 186 617 173 1004 186 617 173 1315 173 1315 173 617 173 1102 151 1315 173 1102 151 1749 151 1679 6 1019 6 1484 6 1679 6 1484 6 2184 6 144 67 605 4 681 4 144 67 681 4 233 67 1765 154 2059 154 1254 182 1765 154 1254 182 872 182 1718 113 144 67 233 67 1718 113 233 67 1811 113 872 182 1254 182 222 236 872 182 222 236 1931 236 2127 292 872 164 1931 216 2127 292 1931 216 1026 321 935 152 1718 113 1811 113 935 152 1811 113 1007 152 1610 15 570 15 223 15 223 15 570 15 918 15 223 15 918 15 1289 15 1289 15 918 15 1059 15 1289 15 1059 15 64 15 796 15 918 15 570 15 796 15 570 15 1753 15 1184 15 1878 15 1545 15 1184 15 1545 15 828 15 1184 15 828 15 45 15 1184 15 45 15 641 15 1184 15 641 15 1610 15 1184 15 1610 15 223 15 728 15 839 15 325 15 325 15 839 15 745 15 325 15 745 15 191 15 191 15 745 15 462 15 191 15 462 15 1878 15 1878 15 462 15 2173 15 1878 15 2173 15 1545 15 159 15 1843 15 2121 15 159 15 2121 15 435 15 159 15 435 15 728 15 159 15 728 15 325 15 1679 15 2184 15 1124 15 1124 15 2184 15 773 15 1124 15 773 15 1843 15 1843 15 773 15 1488 15 1843 15 1488 15 2121 15 1662 15 479 15 705 15 705 15 479 15 1528 15 705 15 1528 15 829 15 829 15 1528 15 134 15 829 15 134 15 1196 15 641 15 45 15 1739 15 641 15 1739 15 977 15 641 15 977 15 259 15 641 15 259 15 2079 15 259 15 1797 15 2079 15 2079 15 1797 15 1347 15 2079 15 1347 15 1594 15 1594 15 1347 15 1029 15 1594 15 1029 15 911 15 1594 15 911 15 1432 15 1432 15 911 15 1004 15 1432 15 1004 15 1568 15 1568 15 1004 15 1315 15 1568 15 1315 15 1749 15 2032 15 1568 15 1749 15 2032 15 1749 15 209 15 2032 15 209 15 922 15 2032 15 922 15 583 15 583 15 922 15 1679 15 583 15 1679 15 1124 15 583 15 1124 15 134 15 583 15 134 15 1528 15 1196 15 2165 15 958 15 1196 15 958 15 829 15 2032 173 583 151 2005 151 2032 173 2005 151 1294 173 1117 274 608 274 1931 236 1117 274 1931 236 222 236 1826 12 1026 321 1931 216 1826 12 1931 216 608 240 1957 174 935 152 1007 152 1957 174 1007 152 2052 174 214 50 75 71 829 71 214 50 829 71 958 50 583 151 1528 112 785 112 583 151 785 112 2005 151 1528 112 479 66 1883 66 1528 112 1883 66 785 112 479 66 1662 5 939 5 479 66 939 5 1883 66 1662 5 705 45 2136 45 1662 5 2136 45 939 5 705 45 829 64 75 64 705 45 75 64 2136 45 958 50 2165 5 1418 5 958 50 1418 5 214 50 450 187 1957 174 2052 174 450 187 2052 174 519 187 1410 15 215 15 1537 15 1410 15 1537 15 689 15 1410 15 689 15 1638 15 1410 15 1638 15 1998 15 1410 15 1998 15 1617 15 1410 15 1617 15 640 15 1410 15 640 15 1479 15 1410 15 1479 15 170 15 1410 15 170 15 1387 15 1410 15 1387 15 1045 15 980 169 1343 192 1998 192 980 169 1998 192 1638 169 689 110 10 110 980 169 689 110 980 169 1638 169 10 110 689 110 1537 3 10 110 1537 3 870 3 215 104 1699 104 870 3 215 104 870 3 1537 3 215 104 1410 166 732 166 215 104 732 166 1699 104 77 173 923 151 1598 151 77 173 1598 151 767 173 307 6 789 6 1463 6 307 6 1463 6 990 6 923 151 2012 112 516 112 923 151 516 112 1598 151 2012 112 1129 66 1781 66 2012 112 1781 66 516 112 1129 66 307 33 990 33 1129 66 990 33 1781 66 1749 151 1102 151 1683 112 1749 151 1683 112 209 112 1331 187 1028 174 1684 174 1331 187 1684 174 1991 187 1416 209 1331 187 1991 187 1416 209 1991 187 2093 209 1336 209 1471 187 1395 187 1336 209 1395 187 1550 209 1563 209 1431 187 672 187 1563 209 672 187 821 209 1506 184 1336 209 1550 209 1506 184 1550 209 1376 184 1405 184 1563 209 821 209 1405 184 821 209 650 184 209 112 1683 112 247 66 209 112 247 66 922 66 922 66 247 66 1019 33 922 66 1019 33 1679 33 888 166 610 191 1239 191 888 166 1239 191 1491 166 610 191 865 168 1469 168 610 191 1469 168 1239 191 802 58 1413 103 2016 103 802 58 2016 103 1023 2 802 58 1023 2 402 2 865 168 1587 109 16 109 865 168 16 109 1469 168 1617 167 1998 192 1343 192 1617 167 1343 192 955 167 640 103 1617 167 955 167 640 103 955 167 2150 103 359 191 732 166 1410 166 359 191 1410 166 1045 191 1045 191 1387 168 703 168 1045 191 703 168 359 191 1479 2 640 103 2150 103 1479 2 2150 103 815 2 1587 109 402 2 1023 2 1587 109 1023 2 16 109 1308 211 1651 211 1064 211 1308 211 1064 211 1063 211 1308 211 1063 211 677 211 1308 211 677 211 676 211 1949 52 1064 74 1651 74 1949 52 1651 74 400 52 400 52 240 33 1787 33 400 52 1787 33 1949 52 1473 15 1799 15 369 15 369 15 1799 15 1937 15 369 15 1937 15 242 15 242 15 1937 15 2045 15 242 15 2045 15 42 15 1454 15 336 15 394 15 394 15 336 15 352 15 394 15 352 15 382 15 382 15 352 15 389 15 382 15 389 15 349 15 349 15 389 15 300 15 349 15 300 15 456 15 456 15 300 15 57 15 456 15 57 15 684 15 684 15 57 15 2074 15 684 15 2074 15 860 15 860 15 2074 15 1954 15 860 15 1954 15 963 15 963 15 1954 15 1825 15 963 15 1825 15 1116 15 1116 15 1825 15 1773 15 1116 15 1773 15 1167 15 1167 15 1773 15 1828 15 1167 15 1828 15 1121 15 1121 15 1828 15 1963 15 1121 15 1963 15 968 15 968 15 1963 15 2081 15 968 15 2081 15 871 15 871 15 2081 15 66 15 871 15 66 15 693 15 693 15 66 15 318 15 693 15 318 15 468 15 468 15 318 15 404 15 468 15 404 15 375 15 375 15 404 15 380 15 375 15 380 15 401 15 401 15 380 15 361 15 401 15 361 15 430 15 430 15 361 15 1473 15 430 15 1473 15 369 15 739 15 934 15 555 15 555 15 934 15 1012 15 555 15 1012 15 423 15 423 15 1012 15 1172 15 423 15 1172 15 1473 15 12 15 2007 15 213 15 213 15 2007 15 1899 15 213 15 1899 15 340 15 340 15 1899 15 1766 15 340 15 1766 15 394 15 394 15 1766 15 1454 15 1147 15 979 15 390 15 1147 15 390 15 336 15 1147 15 336 15 1454 15 898 15 706 15 523 15 898 15 523 15 390 15 898 15 390 15 979 15 1473 15 361 15 423 15 523 109 706 2 1820 2 523 109 1820 2 1632 109 2014 92 1820 2 706 2 2014 92 706 2 898 92 979 133 1147 92 62 92 979 133 62 92 2103 133 898 92 979 133 2103 133 898 92 2103 133 2014 92 1147 92 1454 2 395 2 1147 92 395 2 62 92 389 199 352 203 1467 203 389 199 1467 203 1503 199 352 203 336 199 1456 199 352 203 1456 199 1467 203 300 168 389 199 1503 199 300 168 1503 199 1430 168 336 199 390 168 1505 168 336 199 1505 168 1456 199 390 168 523 109 1632 109 390 168 1632 109 1505 168 1954 118 2074 85 1014 85 1954 118 1014 85 912 118 2074 85 57 118 1195 118 2074 85 1195 118 1014 85 57 118 300 168 1430 168 57 118 1430 168 1195 118 1773 191 1825 168 777 168 1773 191 777 168 726 191 1825 168 1954 118 912 118 1825 168 912 118 777 168 66 116 2081 82 1025 82 66 116 1025 82 1207 116 2081 82 1963 116 917 116 2081 82 917 116 1025 82 318 166 66 116 1207 116 318 166 1207 116 1439 166 1963 116 1828 166 780 166 1963 116 780 166 917 116 1828 166 1773 191 726 191 1828 166 726 191 780 166 361 197 380 207 1494 207 361 197 1494 207 1475 197 380 207 404 197 1522 197 380 207 1522 197 1494 207 404 197 318 166 1439 166 404 197 1439 166 1522 197 555 104 423 166 1530 166 555 104 1530 166 1660 104 423 166 361 197 1475 197 423 166 1475 197 1530 166 112 103 567 103 227 2 112 103 227 2 1927 2 488 205 112 8 1927 108 488 205 1927 108 98 294 2087 158 488 205 98 294 2087 158 98 294 1626 213 988 245 2087 158 1626 213 988 245 1626 213 454 283 1172 97 1012 136 2130 136 1172 97 2130 136 91 97 1012 136 934 97 2050 97 1012 136 2050 97 2130 136 1473 3 1172 97 91 97 1473 3 91 97 436 3 934 97 739 3 1848 3 934 97 1848 3 2050 97 739 3 555 104 1660 104 739 3 1660 104 1848 3 229 3 399 104 1526 104 229 3 1526 104 1369 3 1927 2 227 2 2043 109 1927 2 2043 109 1592 109 98 294 1927 108 1592 185 98 294 1592 185 1885 41 1194 252 1626 213 98 294 1194 252 98 294 1885 41 2073 309 454 283 1626 213 2073 309 1626 213 1194 252 242 110 42 3 1187 3 242 110 1187 3 1375 110 984 93 1187 3 42 3 984 93 42 3 2045 93 1799 93 1473 3 436 3 1799 93 436 3 752 93 2045 93 1937 134 906 134 2045 93 906 134 984 93 1937 134 1799 93 752 93 1937 134 752 93 906 134 25 110 229 3 1369 3 25 110 1369 3 1178 110 1592 109 2043 109 1198 168 1592 109 1198 168 740 168 1592 185 740 267 1043 101 1592 185 1043 101 1885 41 1043 101 265 299 1194 252 1043 101 1194 252 1885 41 265 299 1088 322 2073 309 265 299 2073 309 1194 252 375 200 401 204 1520 204 375 200 1520 204 1486 200 401 204 430 200 1536 200 401 204 1536 200 1520 204 468 169 375 200 1486 200 468 169 1486 200 1574 169 430 200 369 169 1483 169 430 200 1483 169 1536 200 369 169 242 110 1375 110 369 169 1375 110 1483 169 1468 169 25 110 1178 110 1468 169 1178 110 441 169 740 168 1198 168 1647 191 740 168 1647 191 1227 191 1227 300 1489 123 1043 101 1227 300 1043 101 740 267 1489 123 700 310 265 299 1489 123 265 299 1043 101 700 310 1482 333 1088 322 700 310 1088 322 265 299 968 119 871 86 1988 86 968 119 1988 86 2100 119 871 86 693 119 1807 119 871 86 1807 119 1988 86 693 119 468 169 1574 169 693 119 1574 169 1807 119 1167 192 1121 169 38 169 1167 192 38 169 86 192 1121 169 968 119 2100 119 1121 169 2100 119 38 169 1990 192 1468 169 441 169 1990 192 441 169 947 192 1227 191 1647 191 1166 166 1227 191 1166 166 704 166 1227 300 704 264 997 98 1227 300 997 98 1489 123 1489 123 997 98 230 298 1489 123 230 298 700 310 700 310 230 298 1052 319 700 310 1052 319 1482 333 684 117 860 83 1978 83 684 117 1978 83 1795 117 860 83 963 117 2088 117 860 83 2088 117 1978 83 456 167 684 117 1795 117 456 167 1795 117 1559 167 963 117 1116 167 33 167 963 117 33 167 2088 117 1116 167 1167 192 86 192 1116 167 86 192 33 167 1440 167 1990 192 947 192 1440 167 947 192 393 167 704 166 1166 166 1971 104 704 166 1971 104 1525 104 997 98 704 264 1525 181 997 98 1525 181 1833 38 997 98 1833 38 1140 249 997 98 1140 249 230 298 230 298 1140 249 2008 308 230 298 2008 308 1052 319 454 15 2073 15 988 15 988 15 2073 15 1187 15 988 15 1187 15 1848 15 1848 15 1187 15 984 15 1848 15 984 15 2050 15 2050 15 984 15 906 15 2050 15 906 15 2130 15 2130 15 906 15 752 15 2130 15 752 15 91 15 91 15 752 15 436 15 1088 15 1482 15 38 15 1088 15 38 15 2100 15 1088 15 2100 15 1988 15 1088 15 1988 15 1807 15 1088 15 1807 15 1574 15 1088 15 1574 15 1486 15 1088 15 1486 15 1520 15 1088 15 1520 15 1536 15 1088 15 1536 15 1483 15 1088 15 1483 15 1375 15 1088 15 1375 15 1187 15 1088 15 1187 15 2073 15 1482 15 1052 15 1346 15 1482 15 1346 15 1460 15 1482 15 1460 15 1514 15 1482 15 1514 15 1495 15 1482 15 1495 15 1465 15 1482 15 1465 15 1559 15 1482 15 1559 15 1795 15 1482 15 1795 15 1978 15 1482 15 1978 15 2088 15 1482 15 2088 15 33 15 1482 15 33 15 86 15 1482 15 86 15 38 15 1456 15 1505 15 1508 15 1508 15 1505 15 1632 15 1508 15 1632 15 1905 15 1905 15 1632 15 1820 15 1905 15 1820 15 2008 15 2008 15 1820 15 1159 15 2008 15 1159 15 1052 15 1052 15 1159 15 1346 15 1945 15 988 15 1848 15 1945 15 1848 15 1660 15 1945 15 1660 15 1530 15 1945 15 1530 15 1475 15 1945 15 1475 15 1494 15 1945 15 1494 15 1522 15 1945 15 1522 15 1439 15 1945 15 1439 15 1207 15 1945 15 1207 15 1025 15 1945 15 1025 15 917 15 1945 15 917 15 780 15 1945 15 780 15 726 15 1945 15 726 15 1508 15 1508 15 726 15 777 15 1508 15 777 15 912 15 1508 15 912 15 1014 15 1508 15 1014 15 1195 15 1508 15 1195 15 1430 15 1508 15 1430 15 1503 15 1508 15 1503 15 1467 15 1508 15 1467 15 1456 15 2008 15 378 15 942 15 2008 15 942 15 1905 15 395 15 721 15 62 15 62 15 721 15 873 15 62 15 873 15 2103 15 2103 15 873 15 956 15 2103 15 956 15 2014 15 2014 15 956 15 1159 15 2014 15 1159 15 1820 15 394 196 382 206 1495 206 394 196 1495 206 1514 196 382 206 349 196 1465 196 382 206 1465 196 1495 206 349 196 456 167 1559 167 349 196 1559 167 1465 196 213 103 340 167 1460 167 213 103 1460 167 1346 103 340 167 394 196 1514 196 340 167 1514 196 1460 167 2146 103 1440 167 393 167 2146 103 393 167 1114 103 1525 104 1971 104 150 3 1525 104 150 3 1861 3 1861 102 29 289 1833 38 1861 102 1833 38 1525 181 29 289 1561 210 1140 249 29 289 1140 249 1833 38 1140 249 1561 210 378 282 1140 249 378 282 2008 308 1766 96 1899 135 873 135 1766 96 873 135 721 96 1899 135 2007 96 956 96 1899 135 956 96 873 135 1454 2 1766 96 721 96 1454 2 721 96 395 2 2007 96 12 2 1159 2 2007 96 1159 2 956 96 12 2 213 103 1346 103 12 2 1346 103 1159 2 143 2 2146 103 1114 103 143 2 1114 103 1285 2 482 168 927 168 1401 191 482 168 1401 191 949 191 1709 192 1226 169 173 169 1709 192 173 169 679 192 2157 16 751 16 1034 16 2157 16 1034 16 717 16 2157 16 717 16 467 16 2157 16 467 16 1982 16 2134 27 1407 27 1584 49 2134 27 1584 49 1435 49 1743 6 1532 6 2157 6 2157 6 1532 6 80 6 2157 6 80 6 1462 6 1462 6 80 6 1150 6 1462 6 1150 6 715 6 715 6 1150 6 1259 6 715 6 1259 6 1394 6 1394 6 1259 6 769 6 1394 6 769 6 736 6 736 6 769 6 119 6 736 6 119 6 269 6 269 6 119 6 793 6 269 6 793 6 377 6 377 6 793 6 31 6 377 6 31 6 1424 6 1424 6 31 6 636 6 1424 6 636 6 1399 6 1216 6 601 6 1 6 1216 6 1 6 1511 6 1216 6 1511 6 80 6 1216 6 80 6 1532 6 601 6 1024 6 1190 6 601 6 1190 6 1087 6 601 6 1087 6 1531 6 601 6 1531 6 1 6 1024 6 636 6 31 6 1024 6 31 6 1190 6 2149 6 1493 6 2157 6 2157 6 1493 6 2182 6 2157 6 2182 6 751 6 751 6 2182 6 1424 6 751 6 1424 6 1033 6 1033 6 1424 6 1399 6 1033 6 1399 6 1641 6 1641 6 1399 6 1607 6 1641 6 1607 6 905 6 905 6 1607 6 1922 6 905 6 1922 6 1301 6 1301 6 1922 6 367 6 1301 6 367 6 864 6 864 6 367 6 2128 6 864 6 2128 6 1461 6 1461 6 2128 6 333 6 1461 6 333 6 1790 6 1790 6 333 6 1743 6 1790 6 1743 6 2024 6 2024 6 1743 6 2157 6 2024 6 2157 6 1786 6 1786 6 1033 6 23 6 1786 6 23 6 634 6 1786 6 634 6 225 6 1786 6 225 6 599 6 1786 6 599 6 2024 6 1858 6 23 6 1033 6 1858 6 1033 6 1641 6 2157 6 1462 6 330 6 2157 6 330 6 445 6 2157 6 445 6 2149 6 1938 212 1214 212 1034 212 1034 212 1214 212 1884 212 1034 212 1884 212 268 212 268 212 1884 212 1823 212 268 212 1823 212 257 212 1137 212 807 212 751 212 751 212 807 212 1777 212 751 212 1777 212 1034 212 1034 212 1777 212 1938 212 481 212 1137 212 751 212 481 212 751 212 1033 212 481 212 1033 212 993 212 627 212 734 212 1860 212 627 212 1860 212 654 212 734 7 2060 7 1778 7 1778 7 2060 7 1317 7 1778 7 1317 7 2006 7 2006 7 1317 7 1667 7 2006 7 1667 7 175 7 175 7 1667 7 1274 7 175 7 1274 7 770 7 770 7 1274 7 1852 7 770 7 1852 7 346 7 346 7 1852 7 17 7 346 7 17 7 735 7 735 7 17 7 251 7 735 7 251 7 2164 7 2164 7 251 7 1407 7 2164 7 1407 7 2134 7 2134 7 734 7 1778 7 2134 7 1778 7 1048 7 2134 7 1048 7 1425 7 2134 7 1425 7 1000 7 2134 7 1000 7 1596 7 2134 7 1596 7 1913 7 2134 7 1913 7 2164 7 1407 7 251 7 998 7 1407 7 998 7 616 7 1407 7 616 7 1044 7 1407 7 1044 7 440 7 1407 7 440 7 627 7 627 7 440 7 88 7 627 7 88 7 2060 7 627 7 2060 7 734 7 669 212 692 212 585 212 669 212 585 212 286 212 669 212 286 212 834 212 669 212 834 212 1312 212 669 212 1312 212 131 212 669 212 131 212 1174 212 669 212 1174 212 1813 212 669 212 1813 212 196 212 669 212 196 212 647 212 669 212 647 212 1653 212 669 212 1653 212 1943 212 669 212 1943 212 1894 212 669 212 1894 212 1464 212 669 212 1464 212 514 212 669 212 514 212 255 212 669 212 255 212 663 212 669 212 663 212 1816 212 585 212 1923 212 1690 212 585 212 1690 212 682 212 585 212 682 212 219 212 585 212 219 212 1813 212 585 212 1813 212 190 212 585 212 190 212 1350 212 585 212 1350 212 854 212 585 212 854 212 286 212 1813 212 1174 212 1623 212 1813 212 1623 212 15 212 1813 212 15 212 1639 212 1813 212 1639 212 1209 212 1813 212 1209 212 190 212 1923 212 1943 212 1653 212 1923 212 1653 212 512 212 1923 212 512 212 982 212 1923 212 982 212 1548 212 1923 212 1548 212 1005 212 1923 212 1005 212 541 212 1923 212 541 212 1690 212 335 212 328 212 1816 212 335 212 1816 212 663 212 427 212 2123 212 1677 212 1677 212 2123 212 1552 212 1677 212 1552 212 206 212 206 212 1552 212 897 212 206 212 897 212 116 212 116 212 897 212 1381 212 116 212 1381 212 1906 212 1304 212 738 212 1730 212 1730 212 738 212 279 212 1730 212 279 212 1677 212 1677 212 279 212 1443 212 1677 212 1443 212 427 212 1396 212 941 212 1321 212 1321 212 941 212 2098 212 1321 212 2098 212 1249 212 1249 212 2098 212 1084 212 1249 212 1084 212 1909 212 1909 212 1084 212 593 212 1909 212 593 212 543 212 543 212 593 212 19 212 543 212 19 212 925 212 925 212 19 212 574 212 925 212 574 212 1038 212 1321 212 116 212 1906 212 1321 212 1906 212 1396 212 925 212 1038 212 2047 212 925 212 2047 212 1552 212 925 212 1552 212 2104 212 925 212 2104 212 384 212 925 212 384 212 1406 212 925 212 1406 212 539 212 719 212 1304 212 1730 212 719 212 1730 212 1056 212 719 212 1056 212 1132 212 719 212 1132 212 2111 212 719 212 2111 212 253 212 2111 212 7 212 253 212 253 212 7 212 1556 212 253 212 1556 212 1406 212 1406 212 1556 212 851 212 1406 212 851 212 937 212 1406 212 937 212 539 212 539 212 937 212 1752 212 539 212 1752 212 1205 212 1205 212 1752 212 1837 212 1205 212 1837 212 879 212 879 212 1837 212 1180 212 879 212 1180 212 1925 212 879 212 1925 212 1845 212 1556 212 7 212 1502 212 1552 212 2047 212 897 212 543 212 925 212 812 212 335 7 663 7 277 7 335 7 277 7 717 7 335 7 717 7 1034 7 335 7 1034 7 268 7 255 226 2051 226 277 334 255 226 277 334 663 334 514 91 132 91 2051 226 514 91 2051 226 255 226 1464 269 1113 269 132 91 1464 269 132 91 514 91 190 2 2085 2 1069 160 190 2 1069 160 1350 160 588 18 854 18 1350 160 588 18 1350 160 1069 160 9 325 286 325 854 18 9 325 854 18 588 18 286 325 9 325 562 23 286 325 562 23 834 23 834 23 562 23 1027 162 834 23 1027 162 1312 162 2038 3 131 3 1312 162 2038 3 1312 162 1027 162 131 3 2038 3 886 159 131 3 886 159 1174 159 1174 159 886 159 1374 17 1174 159 1374 17 1623 17 1896 324 15 324 1623 17 1896 324 1623 17 1374 17 2101 23 196 23 1813 325 2101 23 1813 325 1546 325 1279 211 2031 211 1342 211 1279 211 1342 211 1402 211 1279 211 1402 211 1466 211 1279 211 1466 211 788 211 1279 211 788 211 1570 211 1279 211 1570 211 816 211 1279 211 816 211 1517 211 1279 211 1517 211 1451 211 1279 211 1451 211 1383 211 1279 211 1383 211 2061 211 1279 325 264 325 1020 23 1279 325 1020 23 2031 23 309 162 1342 162 2031 23 309 162 2031 23 1020 23 385 3 1402 3 1342 162 385 3 1342 162 309 162 1402 3 385 3 471 159 1402 3 471 159 1466 159 1466 159 471 159 1933 17 1466 159 1933 17 788 17 566 324 1570 324 788 17 566 324 788 17 1933 17 196 23 2101 23 371 162 196 23 371 162 647 162 1400 3 1653 3 647 162 1400 3 647 162 371 162 1653 3 1400 3 243 159 1653 3 243 159 512 159 512 159 243 159 710 17 512 159 710 17 982 17 982 17 710 17 1293 324 982 17 1293 324 1548 324 15 324 1896 324 1392 22 15 324 1392 22 1639 22 409 160 682 160 1690 2 409 160 1690 2 1438 2 682 160 409 160 2114 18 682 160 2114 18 219 18 1546 325 1813 325 219 18 1546 325 219 18 2114 18 1451 2 444 2 353 160 1451 2 353 160 1383 160 1055 18 2061 18 1383 160 1055 18 1383 160 353 160 264 325 1279 325 2061 18 264 325 2061 18 1055 18 1976 22 816 22 1570 324 1976 22 1570 324 566 324 816 22 1976 22 510 161 816 22 510 161 1517 161 1517 161 510 161 444 2 1517 161 444 2 1451 2 733 22 1005 22 1548 324 733 22 1548 324 1293 324 1005 22 733 22 274 161 1005 22 274 161 541 161 541 161 274 161 1438 2 541 161 1438 2 1690 2 926 161 1209 161 1639 22 926 161 1639 22 1392 22 1209 161 926 161 2085 2 1209 161 2085 2 190 2 1113 269 1464 269 1894 303 1113 269 1894 303 1543 303 1943 115 1581 115 1543 303 1943 115 1543 303 1894 303 734 130 1435 130 1860 130 1860 130 1435 130 1930 130 1860 130 1930 130 1923 130 1923 130 1930 130 1581 130 1923 130 1581 130 1943 130 1435 130 734 130 2134 130 858 159 189 61 842 61 858 159 842 61 1502 61 858 159 1502 61 7 159 842 7 189 7 237 7 842 7 237 7 899 7 2010 17 1180 17 1837 159 2010 17 1837 159 520 159 1752 268 451 268 520 159 1752 268 520 159 1837 159 451 7 1752 7 937 7 451 7 937 7 1760 7 851 162 1687 162 1760 278 851 162 1760 278 937 278 899 68 237 68 1687 162 899 68 1687 162 851 162 899 68 851 162 1556 68 646 161 1964 161 1283 22 646 161 1283 22 2120 22 2120 22 1283 22 2033 326 2120 22 2033 326 699 326 1925 15 623 15 699 15 1925 15 699 15 2033 15 580 277 1880 277 1964 161 580 277 1964 161 646 161 623 323 1925 323 1180 17 623 323 1180 17 2010 17 580 6 2022 6 0 6 580 6 0 6 1176 6 580 6 1176 6 1816 6 580 6 1816 6 328 6 580 6 328 6 1880 6 692 6 669 6 0 6 692 6 0 6 2022 6 356 16 760 16 959 16 356 16 959 16 1120 16 356 16 1120 16 1175 16 356 16 1175 16 194 16 53 16 551 16 386 16 386 16 551 16 1237 16 386 16 1237 16 1333 16 1333 16 1237 16 1863 16 1333 16 1863 16 1175 16 1175 16 1863 16 194 16 1175 16 1282 16 287 16 1175 16 287 16 1972 16 1175 16 1972 16 1333 16 287 16 1282 16 1236 16 287 16 1236 16 1091 16 287 16 1091 16 877 16 287 16 877 16 483 16 53 16 386 16 1057 16 53 16 1057 16 2063 16 1333 16 649 16 386 16 386 16 649 16 174 16 386 16 174 16 496 16 496 16 174 16 2183 16 496 16 2183 16 1816 16 496 16 1816 16 1176 16 1176 149 0 149 1510 149 1176 149 1510 149 496 149 386 153 1415 153 2069 153 386 153 2069 153 1280 153 386 153 1280 153 1039 153 386 153 1039 153 1097 153 386 153 1097 153 842 153 386 153 842 153 899 153 386 153 899 153 1057 153 1061 159 360 61 1039 61 1061 159 1039 61 1677 61 1061 159 1677 61 206 159 1039 7 360 7 425 7 1039 7 425 7 1097 7 858 159 7 159 2111 268 858 159 2111 268 781 268 1132 7 1944 7 781 7 1132 7 781 7 2111 7 1944 278 1132 278 1056 162 1944 278 1056 162 1868 162 1097 68 425 68 1868 162 1097 68 1868 162 1056 162 1097 68 1056 162 1730 68 902 6 2063 6 1556 6 902 6 1556 6 1502 6 902 6 1502 6 1730 6 902 6 1730 6 1677 6 902 6 1677 6 1909 6 902 6 1909 6 543 6 1909 6 1677 6 1039 6 1909 6 1039 6 1280 6 1730 6 1502 6 842 6 1730 6 842 6 1097 6 1556 6 2063 6 1057 6 1556 6 1057 6 899 6 2144 7 609 7 1280 7 2144 7 1280 7 2069 7 2144 7 2069 7 543 7 2144 7 543 7 812 7 116 268 967 268 1061 159 116 268 1061 159 206 159 116 7 1321 7 2156 7 116 7 2156 7 967 7 2156 278 1321 278 1249 162 2156 278 1249 162 2084 162 1280 68 609 68 2084 162 1280 68 2084 162 1249 162 1280 68 1249 162 1909 68 1415 15 1510 15 1657 15 1415 15 1657 15 163 15 1415 15 163 15 55 15 1415 15 55 15 1567 15 1415 15 1567 15 1096 15 1415 15 1096 15 902 15 1415 15 902 15 543 15 1415 15 543 15 2069 15 1199 15 1657 15 1510 15 1199 15 1510 15 0 15 1199 15 0 15 669 15 1199 15 669 15 1022 15 1390 15 1221 15 2187 15 1390 15 2187 15 2124 15 1390 15 2124 15 1967 15 1390 15 1967 15 1761 15 2187 15 1221 15 725 15 2187 15 725 15 163 15 2187 15 163 15 822 15 2187 15 822 15 1334 15 2187 15 1334 15 102 15 1334 15 1490 15 2102 15 1334 15 2102 15 54 15 1334 15 54 15 102 15 2102 15 1490 15 1876 15 163 15 725 15 55 15 669 7 1816 7 2183 7 669 7 2183 7 1022 7 483 7 877 7 1876 7 483 7 1876 7 1490 7 257 6 1823 6 1880 6 257 6 1880 6 328 6 328 15 335 15 268 15 328 15 268 15 257 15 1923 6 585 6 654 6 1923 6 654 6 1860 6 1021 7 1751 7 1986 7 1021 7 1986 7 152 7 1021 7 152 7 750 7 1021 7 750 7 331 7 1021 7 331 7 714 7 1021 7 714 7 2139 7 1021 7 2139 7 1891 7 1021 7 1891 7 1577 7 1021 7 1577 7 978 7 1021 7 978 7 1404 7 1295 7 2035 7 70 7 1295 7 70 7 411 7 1295 7 411 7 1018 7 1295 7 1018 7 596 7 1295 7 596 7 975 7 1295 7 975 7 231 7 1295 7 231 7 2189 7 1295 7 2189 7 1834 7 1295 7 1834 7 1262 7 1295 7 1262 7 1648 7 975 339 998 339 251 192 975 339 251 192 231 192 231 192 251 192 17 330 231 192 17 330 2189 330 714 339 735 339 2164 192 714 339 2164 192 2139 192 2139 192 2164 192 1913 330 2139 192 1913 330 1891 330 1891 330 1913 330 1596 255 1891 330 1596 255 1577 255 331 127 346 127 735 339 331 127 735 339 714 339 1577 255 1596 255 1000 324 1577 255 1000 324 978 324 978 324 1000 324 1425 126 978 324 1425 126 1404 126 1404 126 1425 126 1048 338 1404 126 1048 338 1021 338 1021 338 1048 338 1778 191 1021 338 1778 191 1751 191 1751 191 1778 191 2006 329 1751 191 2006 329 1986 329 750 325 770 325 346 127 750 325 346 127 331 127 1986 329 2006 329 175 254 1986 329 175 254 152 254 152 254 175 254 770 325 152 254 770 325 750 325 2189 330 17 330 1852 255 2189 330 1852 255 1834 255 596 127 616 127 998 339 596 127 998 339 975 339 1834 255 1852 255 1274 324 1834 255 1274 324 1262 324 1262 324 1274 324 1667 126 1262 324 1667 126 1648 126 1648 126 1667 126 1317 338 1648 126 1317 338 1295 338 1295 338 1317 338 2060 191 1295 338 2060 191 2035 191 2035 191 2060 191 88 329 2035 191 88 329 70 329 1018 325 1044 325 616 127 1018 325 616 127 596 127 70 329 88 329 440 254 70 329 440 254 411 254 411 254 440 254 1044 325 411 254 1044 325 1018 325 1884 161 1214 22 1283 22 1884 161 1283 22 1964 161 1214 22 1938 326 2033 326 1214 22 2033 326 1283 22 1777 15 1845 15 1925 15 1777 15 1925 15 2033 15 1777 15 2033 15 1938 15 807 17 879 17 1845 323 807 17 1845 323 1777 323 1823 277 1884 161 1964 161 1823 277 1964 161 1880 277 879 17 807 17 1137 159 879 17 1137 159 1205 159 1205 159 1137 159 481 268 1205 159 481 268 539 268 1424 150 2182 180 261 180 1424 150 261 180 1181 150 261 180 2182 180 1493 316 261 180 1493 316 1367 316 1367 316 1493 316 2149 141 1367 316 2149 141 936 141 936 141 2149 141 445 170 936 141 445 170 533 170 1040 286 533 170 445 170 1040 286 445 170 330 286 1040 286 330 286 1462 144 1040 286 1462 144 1706 144 1706 144 1462 144 715 178 1706 144 715 178 464 178 1394 315 1534 315 464 178 1394 315 464 178 715 178 1394 315 736 139 1946 139 1394 315 1946 139 1534 315 736 139 269 165 185 165 736 139 185 165 1946 139 269 165 377 285 1849 285 269 165 1849 285 185 165 1424 150 1181 150 1849 285 1424 150 1849 285 377 285 993 7 925 7 481 7 481 7 925 7 1997 7 481 7 1997 7 1208 7 1208 7 1997 7 1098 7 1208 7 1098 7 1866 7 1866 7 1098 7 2185 7 1866 7 2185 7 207 7 207 7 2185 7 1740 7 207 7 1740 7 1989 7 1989 7 1740 7 1380 7 1989 7 1380 7 1562 7 1562 7 1380 7 1844 7 1562 7 1844 7 490 7 490 7 1844 7 368 7 490 7 368 7 1735 7 1735 7 368 7 925 7 1735 7 925 7 539 7 539 7 481 7 280 7 539 7 280 7 1389 7 539 7 1389 7 957 7 539 7 957 7 573 7 539 7 573 7 1067 7 539 7 1067 7 1735 7 925 7 368 7 1302 7 925 7 1302 7 197 7 925 7 197 7 615 7 925 7 615 7 1001 7 925 7 1001 7 513 7 925 7 513 7 1997 7 280 7 481 7 1208 7 1621 6 1419 6 660 6 1621 6 660 6 1053 6 1621 6 1053 6 624 6 1621 6 624 6 1240 6 1621 6 1240 6 1554 6 1621 6 1554 6 1763 6 1621 6 1763 6 350 6 1621 6 350 6 2155 6 1621 6 2155 6 392 6 1621 6 392 6 1951 6 1872 6 1659 6 919 6 1872 6 919 6 1322 6 1872 6 1322 6 885 6 1872 6 885 6 1477 6 1872 6 1477 6 1814 6 1872 6 1814 6 2044 6 1872 6 2044 6 621 6 1872 6 621 6 241 6 1872 6 241 6 655 6 1872 6 655 6 43 6 261 338 280 338 1208 191 261 338 1208 191 1181 191 1367 126 1389 126 280 338 1367 126 280 338 261 338 936 324 957 324 1389 126 936 324 1389 126 1367 126 957 324 936 324 533 255 957 324 533 255 573 255 1040 330 1067 330 573 255 1040 330 573 255 533 255 1067 330 1040 330 1706 192 1067 330 1706 192 1735 192 464 339 490 339 1735 192 464 339 1735 192 1706 192 490 339 464 339 1534 127 490 339 1534 127 1562 127 1562 127 1534 127 1946 325 1562 127 1946 325 1989 325 1354 255 1380 255 1740 324 1354 255 1740 324 1711 324 1380 255 1354 255 1819 330 1380 255 1819 330 1844 330 342 192 368 192 1844 330 342 192 1844 330 1819 330 368 192 342 192 1270 339 368 192 1270 339 1302 339 171 127 197 127 1302 339 171 127 1302 339 1270 339 197 127 171 127 589 325 197 127 589 325 615 325 1989 325 1946 325 185 254 1989 325 185 254 207 254 1066 338 1098 338 1997 191 1066 338 1997 191 1952 191 2152 126 2185 126 1098 338 2152 126 1098 338 1066 338 2185 126 2152 126 1711 324 2185 126 1711 324 1740 324 615 325 589 325 972 254 615 325 972 254 1001 254 491 329 513 329 1001 254 491 329 1001 254 972 254 513 329 491 329 1952 191 513 329 1952 191 1997 191 1849 329 1866 329 207 254 1849 329 207 254 185 254 1866 329 1849 329 1181 191 1866 329 1181 191 1208 191 621 339 2044 192 2024 192 621 339 2024 192 599 339 2044 192 1814 330 1790 330 2044 192 1790 330 2024 192 350 339 1763 192 1743 192 350 339 1743 192 333 339 1763 192 1554 330 1532 330 1763 192 1532 330 1743 192 1711 141 769 141 1259 170 1711 141 1259 170 1354 170 1819 286 1354 170 1259 170 1819 286 1259 170 1150 286 1819 286 1150 286 80 144 1819 286 80 144 342 144 342 144 80 144 1511 178 342 144 1511 178 1270 178 1 315 171 315 1270 178 1 315 1270 178 1511 178 1531 139 589 139 171 315 1531 139 171 315 1 315 31 150 793 180 1066 180 31 150 1066 180 1952 150 1066 180 793 180 119 316 1066 180 119 316 2152 316 2152 316 119 316 769 141 2152 316 769 141 1711 141 1531 139 1087 165 972 165 1531 139 972 165 589 139 1087 165 1190 285 491 285 1087 165 491 285 972 165 31 150 1952 150 491 285 31 150 491 285 1190 285 1554 330 1240 255 1216 255 1554 330 1216 255 1532 330 2155 127 350 339 333 339 2155 127 333 339 2128 127 1240 255 624 324 601 324 1240 255 601 324 1216 255 624 324 1053 126 1024 126 624 324 1024 126 601 324 1053 126 660 338 636 338 1053 126 636 338 1024 126 660 338 1419 191 1399 191 660 338 1399 191 636 338 1419 191 1621 329 1607 329 1419 191 1607 329 1399 191 392 325 2155 127 2128 127 392 325 2128 127 367 325 1621 329 1951 254 1922 254 1621 329 1922 254 1607 329 1951 254 392 325 367 325 1951 254 367 325 1922 254 1814 330 1477 255 1461 255 1814 330 1461 255 1790 330 241 127 621 339 599 339 241 127 599 339 225 127 1477 255 885 324 864 324 1477 255 864 324 1461 255 885 324 1322 126 1301 126 885 324 1301 126 864 324 1322 126 919 338 905 338 1322 126 905 338 1301 126 919 338 1659 191 1641 191 919 338 1641 191 905 338 1659 191 1872 329 1858 329 1659 191 1858 329 1641 191 655 325 241 127 225 127 655 325 225 127 634 325 1872 329 43 254 23 254 1872 329 23 254 1858 329 43 254 655 325 634 325 43 254 634 325 23 254 53 167 2063 190 902 190 53 167 902 190 1096 167 2183 194 174 169 1199 169 2183 194 1199 169 1022 194 287 166 483 189 1490 189 287 166 1490 189 1334 166 877 69 1091 110 2102 110 877 69 2102 110 1876 69 1972 104 287 166 1334 166 1972 104 1334 166 822 104 1333 3 1972 104 822 104 1333 3 822 104 163 3 649 110 1333 3 163 3 649 110 163 3 1657 110 174 169 649 110 1657 110 174 169 1657 110 1199 169 194 168 1863 109 725 109 194 168 725 109 1221 168 959 103 760 58 1761 58 959 103 1761 58 1967 103 1236 169 1282 194 102 194 1236 169 102 194 54 169 1091 110 1236 169 54 169 1091 110 54 169 2102 110 1120 167 959 103 1967 103 1120 167 1967 103 2124 167 1175 190 1120 167 2124 167 1175 190 2124 167 2187 190 2187 212 102 212 1282 212 2187 212 1282 212 1175 212 356 193 194 168 1221 168 356 193 1221 168 1390 193 1390 6 1761 6 760 6 1390 6 760 6 356 6 551 103 53 167 1096 167 551 103 1096 167 1567 103 1237 2 551 103 1567 103 1237 2 1567 103 55 2 1863 109 1237 2 55 2 1863 109 55 2 725 109 1099 16 416 16 1747 16 1747 16 416 16 1665 16 1747 16 1665 16 525 16 525 16 1665 16 289 16 525 16 289 16 1935 16 1935 16 289 16 403 16 1935 16 403 16 1882 16 1882 16 403 16 1846 16 1882 16 1846 16 517 16 517 16 1846 16 1203 16 517 16 1203 16 270 16 1846 16 210 16 290 16 1846 16 290 16 2110 16 1846 16 2110 16 1529 16 1846 16 1529 16 795 16 1846 16 795 16 2112 16 1846 16 2112 16 1203 16 210 16 1907 16 2188 16 210 16 2188 16 853 16 210 16 853 16 1586 16 210 16 1586 16 2148 16 210 16 2148 16 317 16 210 16 317 16 437 16 210 16 437 16 290 16 1382 16 2037 16 687 16 687 16 2037 16 772 16 687 16 772 16 1898 16 1898 16 772 16 2166 16 1898 16 2166 16 499 16 499 16 2166 16 2048 16 499 16 2048 16 540 16 540 16 2048 16 592 16 540 16 592 16 1907 16 1907 16 592 16 1273 16 1907 16 1273 16 2188 16 517 16 270 16 1591 16 517 16 1591 16 863 16 517 16 863 16 305 16 517 16 305 16 2140 16 517 16 2140 16 2028 16 517 16 2028 16 60 16 60 16 2028 16 2163 16 60 16 2163 16 339 16 60 16 339 16 914 16 60 16 914 16 1644 16 60 16 1644 16 337 16 60 16 337 16 592 16 1273 16 592 16 337 16 559 5 794 5 1149 57 559 5 1149 57 895 57 1307 15 110 15 1634 15 1307 15 1634 15 556 15 1307 15 556 15 1973 15 1307 15 1973 15 537 15 1580 15 1138 15 1955 15 1955 15 1138 15 1515 15 1955 15 1515 15 236 15 236 15 1515 15 577 15 236 15 577 15 1589 15 1589 15 577 15 372 15 1589 15 372 15 1600 15 1600 15 372 15 791 15 1600 15 791 15 110 15 110 15 791 15 1634 15 806 15 1867 15 354 15 354 15 1867 15 1010 15 354 15 1010 15 1784 15 1784 15 1010 15 550 15 1784 15 550 15 1715 15 1715 15 550 15 697 15 1715 15 697 15 301 15 301 15 697 15 1580 15 301 15 1580 15 1955 15 1555 15 819 15 63 15 1555 15 63 15 1265 15 1555 15 1265 15 806 15 1555 15 806 15 354 15 249 15 1564 15 1934 15 1934 15 1564 15 1073 15 1934 15 1073 15 666 15 666 15 1073 15 1800 15 666 15 1800 15 809 15 809 15 1800 15 1719 15 809 15 1719 15 347 15 347 15 1719 15 1003 15 347 15 1003 15 1635 15 1635 15 1003 15 1973 15 1635 15 1973 15 556 15 1870 15 1265 15 576 15 576 15 1265 15 1912 15 576 15 1912 15 985 15 985 15 1912 15 1924 15 985 15 1924 15 790 15 790 15 1924 15 1153 15 790 15 1153 15 2023 15 2023 15 1153 15 1564 15 2023 15 1564 15 249 15 806 15 1265 15 1870 15 819 332 1555 32 1916 32 819 332 1916 32 1286 332 1916 56 2037 56 1382 4 1916 56 1382 4 1286 4 971 56 1867 56 806 4 971 56 806 4 124 4 652 15 991 15 320 15 320 15 991 15 1457 15 320 15 1457 15 2039 15 2039 15 1457 15 2186 15 2039 15 2186 15 1363 15 1363 15 2186 15 1081 15 1363 15 1081 15 685 15 685 15 1081 15 1921 15 1624 15 1975 15 365 15 365 15 1975 15 358 15 365 15 358 15 1081 15 1081 15 358 15 1109 15 1081 15 1109 15 1921 15 149 15 407 15 2017 15 149 15 2017 15 1640 15 149 15 1640 15 1519 15 149 15 1519 15 1624 15 149 15 1624 15 365 15 407 15 1155 15 2015 15 407 15 2015 15 1169 15 407 15 1169 15 412 15 407 15 412 15 2017 15 763 15 2015 15 1155 15 763 15 1155 15 92 15 763 15 92 15 387 15 763 15 387 15 1663 15 794 15 463 15 1149 15 1149 15 463 15 2172 15 1149 15 2172 15 1582 15 1582 15 2172 15 1449 15 1582 15 1449 15 92 15 92 15 1449 15 387 15 314 15 1363 15 685 15 314 15 685 15 1604 15 314 15 1604 15 288 15 314 15 288 15 1046 15 314 15 1046 15 1054 15 1046 15 1603 15 1054 15 1054 15 1603 15 1959 15 1054 15 1959 15 1320 15 1320 15 1959 15 2105 15 1320 15 2105 15 1985 15 1631 15 1101 15 1093 15 1631 15 1093 15 1320 15 1631 15 1320 15 1985 15 1093 15 1101 15 348 15 1093 15 348 15 1663 15 1093 15 1663 15 387 15 763 5 1273 5 337 57 763 5 337 57 2015 57 226 16 559 16 895 16 226 16 895 16 1364 16 226 16 1364 16 2040 16 226 16 2040 16 900 16 226 16 900 16 176 16 226 16 176 16 2092 16 226 16 2092 16 125 16 226 16 125 16 823 16 226 16 823 16 1914 16 226 16 1914 16 1242 16 226 16 1242 16 755 16 226 16 755 16 417 16 226 16 417 16 73 16 226 16 73 16 1789 16 226 16 1789 16 1127 16 226 16 1127 16 68 16 226 16 68 16 801 16 226 16 801 16 1082 16 226 16 1082 16 837 16 226 16 837 16 151 16 226 16 151 16 1222 16 226 16 1222 16 1895 16 895 57 1149 57 1582 107 895 57 1582 107 1364 107 1555 32 354 75 674 75 1555 32 674 75 1916 32 674 106 772 106 2037 56 674 106 2037 56 1916 56 971 56 1841 106 1010 106 971 56 1010 106 1867 56 2015 57 337 57 1644 107 2015 57 1644 107 1169 107 1364 107 1582 107 92 147 1364 107 92 147 2040 147 674 75 354 75 1784 95 674 75 1784 95 2070 95 2166 146 772 106 674 106 2166 146 674 106 2070 146 1841 106 130 146 550 146 1841 106 550 146 1010 106 1169 107 1644 107 914 147 1169 107 914 147 412 147 2040 147 92 147 1155 172 2040 147 1155 172 900 172 1929 121 2070 95 1784 95 1929 121 1784 95 1715 121 1929 171 2048 171 2166 146 1929 171 2166 146 2070 146 2175 171 697 171 550 146 2175 171 550 146 130 146 412 147 914 147 339 172 412 147 339 172 2017 172 900 172 1155 172 407 184 900 172 407 184 176 184 1715 121 301 137 500 137 1715 121 500 137 1929 121 500 183 592 183 2048 171 500 183 2048 171 1929 171 2175 171 1297 183 1580 183 2175 171 1580 183 697 171 2017 172 339 172 2163 184 2017 172 2163 184 1640 184 407 184 149 209 2092 209 407 184 2092 209 176 184 301 137 1955 140 2161 140 301 137 2161 140 500 137 2161 208 60 208 592 183 2161 208 592 183 500 183 1297 183 1722 208 1138 208 1297 183 1138 208 1580 183 1640 184 2163 184 2028 209 1640 184 2028 209 1519 209 2092 209 149 209 365 187 2092 209 365 187 125 187 2161 140 1955 140 236 138 2161 140 236 138 434 138 434 186 517 186 60 208 434 186 60 208 2161 208 1722 208 1362 186 1515 186 1722 208 1515 186 1138 208 1519 209 2028 209 2140 187 1519 209 2140 187 1624 187 125 187 365 187 1081 174 125 187 1081 174 823 174 434 138 236 138 1589 124 434 138 1589 124 1803 124 1803 173 1882 173 517 186 1803 173 517 186 434 186 108 173 577 173 1515 186 108 173 1515 186 1362 186 1624 187 2140 187 305 174 1624 187 305 174 1975 174 823 174 1081 174 2186 152 823 174 2186 152 1914 152 1589 124 1600 99 1850 99 1589 124 1850 99 1803 124 1850 151 1935 151 1882 173 1850 151 1882 173 1803 173 108 173 312 151 372 151 108 173 372 151 577 173 1975 174 305 174 863 152 1975 174 863 152 358 152 1914 152 2186 152 1457 113 1914 152 1457 113 1242 113 1600 99 110 77 439 77 1600 99 439 77 1850 99 439 112 525 112 1935 151 439 112 1935 151 1850 151 312 151 2077 112 791 112 312 151 791 112 372 151 358 152 863 152 1591 113 358 152 1591 113 1109 113 1242 113 1457 113 991 67 1242 113 991 67 755 67 110 77 1307 35 1655 35 110 77 1655 35 439 77 1655 66 1747 66 525 112 1655 66 525 112 439 112 1233 66 1634 66 791 112 1233 66 791 112 2077 112 1109 113 1591 113 270 67 1109 113 270 67 1921 67 755 67 991 67 652 4 755 67 652 4 417 4 1307 35 537 335 987 335 1307 35 987 335 1655 35 987 5 1099 5 1747 66 987 5 1747 66 1655 66 123 5 556 5 1634 66 123 5 1634 66 1233 66 1921 67 270 67 1203 4 1921 67 1203 4 685 4 417 4 652 4 320 56 417 4 320 56 73 56 537 335 1973 301 323 301 537 335 323 301 987 335 416 57 1099 5 987 5 416 57 987 5 323 57 123 5 970 57 1635 57 123 5 1635 57 556 5 685 4 1203 4 2112 56 685 4 2112 56 1604 56 320 56 2039 106 1789 106 320 56 1789 106 73 56 1003 253 1585 253 323 301 1003 253 323 301 1973 301 1585 107 1665 107 416 57 1585 107 416 57 323 57 970 57 1840 107 347 107 970 57 347 107 1635 57 1604 56 2112 56 795 106 1604 56 795 106 288 106 1789 106 2039 106 1363 146 1789 106 1363 146 1127 146 1003 253 1719 228 204 228 1003 253 204 228 1585 253 204 147 289 147 1665 107 204 147 1665 107 1585 107 1840 107 129 147 809 147 1840 107 809 147 347 107 288 106 795 106 1529 146 288 106 1529 146 1046 146 1127 146 1363 146 314 171 1127 146 314 171 68 171 1719 228 1800 202 311 202 1719 228 311 202 204 228 311 172 403 172 289 147 311 172 289 147 204 147 129 147 2174 172 666 172 129 147 666 172 809 147 1046 146 1529 146 2110 171 1046 146 2110 171 1603 171 68 171 314 171 1054 183 68 171 1054 183 801 183 1800 202 1073 177 1750 177 1800 202 1750 177 311 202 1750 184 1846 184 403 172 1750 184 403 172 311 172 2174 172 1296 184 1934 184 2174 172 1934 184 666 172 1603 171 2110 171 290 183 1603 171 290 183 1959 183 801 183 1054 183 1320 208 801 183 1320 208 1082 208 1073 177 1564 175 99 175 1073 177 99 175 1750 177 99 209 210 209 1846 184 99 209 1846 184 1750 184 1721 209 249 209 1934 184 1721 209 1934 184 1296 184 1959 183 290 183 437 208 1959 183 437 208 2105 208 1082 208 1320 208 1093 186 1082 208 1093 186 837 186 1153 176 1829 176 99 175 1153 176 99 175 1564 175 1829 187 1907 187 210 209 1829 187 210 209 99 209 1361 187 2023 187 249 209 1361 187 249 209 1721 209 2105 208 437 208 317 186 2105 208 317 186 1985 186 837 186 1093 186 387 173 837 186 387 173 151 173 1924 201 461 201 1829 176 1924 201 1829 176 1153 176 461 174 540 174 1907 187 461 174 1907 187 1829 187 1361 187 107 174 790 174 1361 187 790 174 2023 187 1985 186 317 186 2148 173 1985 186 2148 173 1631 173 151 173 387 173 1449 151 151 173 1449 151 1222 151 1924 201 1912 225 397 225 1924 201 397 225 461 201 397 152 499 152 540 174 397 152 540 174 461 174 107 174 313 152 985 152 107 174 985 152 790 174 1631 173 2148 173 1586 151 1631 173 1586 151 1101 151 1449 151 2172 112 1895 112 1449 151 1895 112 1222 151 1824 250 397 225 1912 225 1824 250 1912 225 1265 250 1824 113 1898 113 499 152 1824 113 499 152 397 152 313 152 2078 113 576 113 313 152 576 113 985 152 1101 151 1586 151 853 112 1101 151 853 112 348 112 1895 112 2172 112 463 66 1895 112 463 66 226 66 595 296 1824 250 1265 250 595 296 1265 250 63 296 687 67 1898 113 1824 113 687 67 1824 113 595 67 2078 113 1234 67 1870 67 2078 113 1870 67 576 113 348 112 853 112 2188 66 348 112 2188 66 1663 66 226 66 463 66 794 5 226 66 794 5 559 5 1286 332 595 296 63 296 1286 332 63 296 819 332 1286 4 1382 4 687 67 1286 4 687 67 595 67 124 4 806 4 1870 67 124 4 1870 67 1234 67 1663 66 2188 66 1273 5 1663 66 1273 5 763 5 677 73 1360 73 1962 73 677 73 1962 73 1930 73 677 73 1930 73 1435 49 677 73 1435 49 1584 49 1962 73 1360 73 1566 73 1218 211 1080 211 797 211 797 211 1080 211 276 211 797 211 276 211 30 211 30 211 276 211 964 211 30 211 964 211 741 211 741 211 964 211 883 211 741 211 883 211 670 211 670 211 883 211 811 211 670 211 811 211 591 211 591 211 811 211 1513 211 591 211 1513 211 1288 211 1288 211 1513 211 762 211 1288 211 762 211 497 211 497 211 762 211 784 211 497 211 784 211 747 211 497 211 747 211 489 211 489 211 747 211 759 211 489 211 759 211 518 211 518 211 759 211 431 211 518 211 431 211 212 211 212 211 431 211 109 211 212 211 109 211 2091 211 2091 211 109 211 1996 211 2091 211 1996 211 1764 211 1764 211 1996 211 1666 211 1764 211 1666 211 1445 211 1445 211 1666 211 1704 211 1445 211 1704 211 1452 211 1452 211 1704 211 953 211 1452 211 953 211 1691 211 1452 211 1691 211 1444 211 1444 211 1691 211 930 211 1444 211 930 211 683 211 683 211 930 211 1605 211 683 211 1605 211 1397 211 1397 211 1605 211 1524 211 1397 211 1524 211 1340 211 1340 211 1524 211 1455 211 1340 211 1455 211 1257 211 1257 211 1455 211 2168 211 1257 211 2168 211 1893 211 1893 211 2168 211 1409 211 1893 211 1409 211 1157 211 1157 211 1409 211 1360 211 1157 211 1360 211 1698 211 1698 211 1218 211 620 211 1698 211 620 211 538 211 1698 211 538 211 2030 211 1698 211 2030 211 1714 211 1698 211 1714 211 1422 211 1698 211 1422 211 1276 211 1698 211 1276 211 1204 211 1698 211 1204 211 1873 211 1698 211 1873 211 1157 211 1452 211 1444 211 662 211 1452 211 662 211 1358 211 1452 211 1358 211 1276 211 1452 211 1276 211 1422 211 489 211 494 211 497 211 497 211 494 211 162 211 497 211 162 211 1266 211 1266 211 162 211 2030 211 1266 211 2030 211 538 211 1218 211 797 211 6 211 1218 211 6 211 696 211 1218 211 696 211 620 211 1360 211 1409 211 4 211 1360 211 4 211 1498 211 1360 211 1498 211 1579 211 1360 211 1579 211 1693 211 1360 211 1693 211 2046 211 1360 211 2046 211 184 211 1360 211 184 211 852 211 1360 211 852 211 943 211 1360 211 943 211 1566 211 1704 211 1693 211 1579 211 1704 211 1579 211 1642 211 1704 211 1642 211 953 211 852 211 184 211 1538 211 1538 211 184 211 477 211 1538 211 477 211 762 211 762 211 477 211 784 211 1566 211 943 211 1009 211 1566 211 1009 211 303 211 1566 211 303 211 1080 211 1566 211 1080 211 1218 211 1218 76 1698 76 1599 76 1599 76 1698 76 1063 76 1599 76 1063 76 467 76 467 76 1063 76 1950 53 467 76 1950 53 1982 53 1786 33 2157 33 1982 53 1786 33 1982 53 1950 53 451 212 386 212 580 212 580 212 386 212 496 212 580 212 496 212 2022 212 2022 212 496 212 1510 212 2022 212 1510 212 2144 212 2144 212 1510 212 1415 212 2144 212 1415 212 609 212 609 212 1415 212 1061 212 609 212 1061 212 967 212 609 212 967 212 2156 212 609 212 2156 212 2084 212 1415 212 386 212 237 212 1415 212 237 212 189 212 1415 212 189 212 425 212 1415 212 425 212 360 212 1415 212 360 212 1061 212 425 212 189 212 858 212 425 212 858 212 781 212 425 212 781 212 1944 212 425 212 1944 212 1868 212 1760 212 1687 212 237 212 1760 212 237 212 386 212 1760 212 386 212 451 212 699 212 2010 212 2120 212 2120 212 2010 212 520 212 2120 212 520 212 646 212 646 212 520 212 451 212 646 212 451 212 580 212 2010 212 699 212 623 212 1599 211 467 211 277 211 1599 211 277 211 2051 211 1599 211 2051 211 132 211 1599 211 132 211 1113 211 1599 211 1113 211 1543 211 1599 211 1543 211 1581 211 1599 211 1581 211 1930 211 1599 211 1930 211 1962 211 277 211 467 211 717 211 147 160 427 160 1443 2 147 160 1443 2 1182 2 591 261 147 261 1182 150 591 261 1182 150 670 150 427 160 147 160 1836 18 427 160 1836 18 2123 18 147 261 591 261 1288 105 147 261 1288 105 1836 105 2123 18 1836 18 1300 325 2123 18 1300 325 1552 325 497 337 1300 337 1836 105 497 337 1836 105 1288 105 792 160 1084 160 2098 2 792 160 2098 2 1808 2 1808 150 1340 150 1257 261 1808 150 1257 261 792 261 1084 160 792 160 321 18 1084 160 321 18 593 18 1257 261 1893 105 321 105 1257 261 321 105 792 261 19 325 593 18 321 18 19 325 321 18 1900 325 1157 337 1900 337 321 105 1157 337 321 105 1893 105 1906 324 1646 324 1131 22 1906 324 1131 22 1396 22 683 55 1131 55 1646 284 683 55 1646 284 1444 284 1329 211 547 211 1269 211 1329 211 1269 211 1193 211 1329 211 1193 211 1119 211 1329 211 1119 211 1776 211 1329 211 1776 211 1002 211 1329 211 1002 211 1745 211 1329 211 1745 211 1068 211 1329 211 1068 211 1151 211 1329 211 1151 211 1224 211 1329 211 1224 211 524 211 82 160 1119 160 1193 2 82 160 1193 2 179 2 776 18 1776 18 1119 160 776 18 1119 160 82 160 1776 18 776 18 2180 325 1776 18 2180 325 1002 325 1329 324 294 324 1701 22 1329 324 1701 22 547 22 252 161 1269 161 547 22 252 161 547 22 1701 22 1269 161 252 161 179 2 1269 161 179 2 1193 2 659 161 941 161 1396 22 659 161 1396 22 1131 22 1131 55 683 55 1397 217 1131 55 1397 217 659 217 941 161 659 161 1808 2 941 161 1808 2 2098 2 1340 150 1808 150 659 217 1340 150 659 217 1397 217 1818 23 2104 23 1552 325 1818 23 1552 325 1300 325 1300 337 497 337 1266 111 1300 337 1266 111 1818 111 291 23 574 23 19 325 291 23 19 325 1900 325 1900 337 1157 337 1873 111 1900 337 1873 111 291 111 574 23 291 23 756 162 574 23 756 162 1038 162 1204 262 756 262 291 111 1204 262 291 111 1873 111 1755 3 2047 3 1038 162 1755 3 1038 162 756 162 1276 143 1755 143 756 262 1276 143 756 262 1204 262 622 159 897 159 2047 3 622 159 2047 3 1755 3 1755 143 1276 143 1358 215 1755 143 1358 215 622 215 897 159 622 159 1108 17 897 159 1108 17 1381 17 662 54 1108 54 622 215 662 54 622 215 1358 215 1646 324 1906 324 1381 17 1646 324 1381 17 1108 17 1108 54 662 54 1444 284 1108 54 1444 284 1646 284 749 23 1745 23 1002 325 749 23 1002 325 2180 325 1745 23 749 23 36 162 1745 23 36 162 1068 162 111 3 1151 3 1068 162 111 3 1068 162 36 162 1151 3 111 3 203 159 1151 3 203 159 1224 159 1224 159 203 159 1674 17 1224 159 1674 17 524 17 294 324 1329 324 524 17 294 324 524 17 1674 17 2104 23 1818 23 95 162 2104 23 95 162 384 162 538 262 95 262 1818 111 538 262 1818 111 1266 111 1145 3 1406 3 384 162 1145 3 384 162 95 162 95 262 538 262 620 143 95 262 620 143 1145 143 2154 159 253 159 1406 3 2154 159 1406 3 1145 3 696 215 2154 215 1145 143 696 215 1145 143 620 143 253 159 2154 159 457 17 253 159 457 17 719 17 6 54 457 54 2154 215 6 54 2154 215 696 215 1304 324 719 17 457 17 1304 324 457 17 1016 324 457 54 6 54 797 284 457 54 797 284 1016 284 1304 324 1016 324 473 22 1304 324 473 22 738 22 30 55 473 55 1016 284 30 55 1016 284 797 284 3 161 279 161 738 22 3 161 738 22 473 22 473 55 30 55 741 217 473 55 741 217 3 217 279 161 3 161 1182 2 279 161 1182 2 1443 2 3 217 741 217 670 150 3 217 670 150 1182 150 1566 16 1218 16 1599 16 1566 16 1599 16 1962 16 179 150 2091 150 1764 261 179 150 1764 261 82 261 82 261 1764 261 1445 105 82 261 1445 105 776 105 776 105 1445 105 1452 337 776 105 1452 337 2180 337 489 284 518 55 1701 55 489 284 1701 55 294 284 518 55 212 217 252 217 518 55 252 217 1701 55 252 217 212 217 2091 150 252 217 2091 150 179 150 2180 337 1452 337 1422 111 2180 337 1422 111 749 111 36 262 749 111 1422 111 36 262 1422 111 1714 262 2030 143 111 143 36 262 2030 143 36 262 1714 262 2030 143 162 215 203 215 2030 143 203 215 111 143 494 54 1674 54 203 215 494 54 203 215 162 215 489 284 294 284 1674 54 489 284 1674 54 494 54 1498 261 1069 261 2085 150 1498 261 2085 150 1579 150 1069 261 1498 261 4 105 1069 261 4 105 588 105 1409 337 9 337 588 105 1409 337 588 105 4 105 9 337 1409 337 2168 111 9 337 2168 111 562 111 1455 262 1027 262 562 111 1455 262 562 111 2168 111 1027 262 1455 262 1524 143 1027 262 1524 143 2038 143 1605 215 886 215 2038 143 1605 215 2038 143 1524 143 930 54 1374 54 886 215 930 54 886 215 1605 215 1374 54 930 54 1691 284 1374 54 1691 284 1896 284 1513 111 2101 111 1546 337 1513 111 1546 337 762 337 2101 111 1513 111 811 262 2101 111 811 262 371 262 883 143 1400 143 371 262 883 143 371 262 811 262 1400 143 883 143 964 215 1400 143 964 215 243 215 276 54 710 54 243 215 276 54 243 215 964 215 710 54 276 54 1080 284 710 54 1080 284 1293 284 1896 284 1691 284 953 55 1896 284 953 55 1392 55 1438 150 943 150 852 261 1438 150 852 261 409 261 409 261 852 261 1538 105 409 261 1538 105 2114 105 762 337 1546 337 2114 105 762 337 2114 105 1538 105 303 55 733 55 1293 284 303 55 1293 284 1080 284 733 55 303 55 1009 217 733 55 1009 217 274 217 943 150 1438 150 274 217 943 150 274 217 1009 217 1392 55 953 55 1642 217 1392 55 1642 217 926 217 1579 150 2085 150 926 217 1579 150 926 217 1642 217 264 337 1704 337 1666 111 264 337 1666 111 1020 111 309 262 1020 111 1666 111 309 262 1666 111 1996 262 109 143 385 143 309 262 109 143 309 262 1996 262 109 143 431 215 471 215 109 143 471 215 385 143 759 54 1933 54 471 215 759 54 471 215 431 215 747 284 566 284 1933 54 747 284 1933 54 759 54 444 150 184 150 2046 261 444 150 2046 261 353 261 353 261 2046 261 1693 105 353 261 1693 105 1055 105 1055 105 1693 105 1704 337 1055 105 1704 337 264 337 747 284 784 55 1976 55 747 284 1976 55 566 284 784 55 477 217 510 217 784 55 510 217 1976 55 510 217 477 217 184 150 510 217 184 150 444 150 </p>
        </triangles>
      </mesh>
    </geometry>
    <geometry id="_8048309_EGSC-BS-10000027_0-con">
      <convex_mesh convex_hull_of="#_8048309_EGSC-BS-10000027_0-obj"/>
    </geometry>
    <geometry id="_4582608_EAMM-A-V10000030_0-obj" name="_4582608_EAMM-A-V">
      <mesh>
        <source id="_4582608_EAMM-A-V10000030_0-vertex">
          <float_array id="_4582608_EAMM-A-V10000030_0-vertex-array" count="1728">-5.64434 -40 9.77628 5.64434 -40 -9.77628 -9.52628 -37.5 5.5 -15.5 -3.15 -5.29904 3.38525 -2.83522 -12.0119 4 -5.1295 -15.2295 10.8253 -0.5 -6.25 -15.5 0 10.6629 13.9734 0 -8.70263 -10.6629 0 -15.5 2.84701 -39.5 -10.6252 12.8734 0 -8.70263 8.83883 -6.5 8.83883 -2.84701 -39.5 10.6252 8.3 -3 14.376 -14.0278 -40 14.65 14.0278 -40 -14.65 3.23524 -6.5 12.0741 3.38525 -4.96478 -12.0119 7.2 -3 14.376 6.25 -6.5 -10.8253 4.61475 -2.83522 -15.2295 -7.07107 -6.5 7.07107 -15.5 -4.65 -2.70096 9.65926 -6.5 -2.58819 5.2295 -3.9 -15.2295 -11.7573 -2.6705 -4 3.38525 -2.83522 -15.2295 -16.9722 -40 14.65 16.9722 -40 -14.65 -1.55431e-15 -6.5 -12.5 16.9722 -34 14.65 -2.84701 -39.5 -10.6252 2.84701 -37.5 10.6252 4.61475 -4.96478 -15.2295 2.7705 -3.9 -15.2295 -15.2295 -2.6705 -4 3.38525 -4.96478 -15.2295 -14.0278 -40 16.35 14.0278 -40 -16.35 13.9734 -3 -6.79737 -3.23524 -6.5 12.0741 14.0278 -34 14.65 -9.65926 -37.5 -2.58819 -11.2887 -40 -3.12223e-15 11.2887 -40 -6.23085e-15 -2.70096 -4.65 15.5 12.8734 -3 -6.79737 15.2295 -2.83522 4.61475 -16.9722 -40 16.35 16.9722 -40 -16.35 2.84701 -37.5 -10.6252 -5.29904 -4.65 15.5 16.9722 -34 16.35 -2.84701 -37.5 10.6252 4 -2.6705 -15.2295 5.29904 -4.65 -15.5 9.52628 -39.5 -5.5 12.0741 -2.98523 3.23524 15.2295 -4.96478 4.61475 11.5027 -2.83522 4.61475 14.0278 -34 16.35 8.70263 -3 12.8734 -12.3234 -3 7.75 -15.5 -3.9 -5.5 -6.25 -6.5 -10.8253 9.65926 -37.5 2.58819 2.70096 -4.65 -15.5 6.79737 -3 12.8734 7.75 -3 14.5234 -14.5234 -3 7.75 -2.84701 -37.5 -10.6252 4 -5.1295 -11.7573 -8.83883 -6.5 8.83883 11.5027 -4.96478 4.61475 6.39434 0 11.0753 16.9722 -34 -16.35 8.3 0 14.376 -12.1136 -4.51475 -2.93522 -16.9706 -34 21 -3.25 -2.60096 15.5 7.2 0 14.376 -10.8253 -0.5 -6.25 -4.75 -2.60096 15.5 14.0278 -34 -16.35 15.5 -4.65 2.70096 3.23524 -4.81477 -12.0741 14.376 -3 -8.3 -6.65 -3 -13.4234 -15.2295 -4.51475 -2.93522 -9.65926 -6.5 -2.58819 12.4708 -3 -8.3 13.4234 -3 -6.65 -2.93522 -4.51475 15.2295 -8.85 -3 -13.4234 15.5 -5.4 4 16.9722 -34 -14.65 4.75 -2.60096 -15.5 13.9734 0 -6.79737 -12.1136 -3.28525 -2.93522 9.52628 -37.5 -5.5 -5.06478 -4.51475 15.2295 3.25 -2.60096 -15.5 12.8734 0 -6.79737 14.0278 -34 -14.65 10.6252 -39.5 2.84701 -15.2295 -3.28525 -2.93522 -15.5 -5.19904 -3.25 9.65926 -6.5 2.58819 -2.93522 -3.28525 15.2295 -6.39434 0 11.0753 8.70263 0 12.8734 4 -2.6705 -11.7573 -12.3234 0 7.75 4.44089e-16 0 12.7887 -5.06478 -3.28525 15.2295 7.77817 -39.5 7.77817 -9.52628 -39.5 -5.5 6.79737 0 12.8734 7.75 0 14.5234 -14.5234 0 7.75 -9.65926 -37.5 2.58819 7.07107 -37.5 -7.07107 8.83883 -6.5 -8.83883 8.83883 -0.5 8.83883 21 -40 16.9706 -21 -40 -16.9706 2.22045e-16 -39.5 11 -14.0278 -34 14.65 3.23524 -0.5 12.0741 11.0753 0 6.39434 6.25 -0.5 -10.8253 -11.248 -3.9 -5.2295 6.25 -6.5 10.8253 14.376 0 -8.3 -6.65 0 -13.4234 -16.9722 -34 14.65 -2.93522 -4.51475 12.1136 16.35 -40 16.9722 -16.35 -40 -16.9722 -1.55431e-15 -0.5 -12.5 10.6252 -37.5 2.84701 12.4708 0 -8.3 13.4234 0 -6.65 -5.2295 -3.9 11.248 -8.85 0 -13.4234 15.5 -2.4 4 14.65 -40 16.9722 -14.65 -40 -16.9722 -15.2295 -3.9 -5.2295 5 -37.5 -8.66025 -14.0278 -34 16.35 -15.5 -5.19904 -4.75 -3.23524 -0.5 12.0741 15.5 -3.15 5.29904 7.77817 -37.5 7.77817 3.23524 -6.5 -12.0741 -9.52628 -37.5 -5.5 16.9706 -34 -21 -16.9722 -34 16.35 5.5 -39.5 9.52628 -12.0741 -2.98523 -3.23524 -4 -5.4 15.5 2.22045e-16 -37.5 11 -2.93522 -3.28525 12.1136 0 -6.5 12.5 4.61475 -2.83522 -11.5027 12.3529 0 -3.30995 -7.77817 -39.5 7.77817 -7.07107 -37.5 -7.07107 -9.65926 -6.5 2.58819 -14.0278 -34 -16.35 7.07107 -6.5 -7.07107 -6.25 -0.5 -10.8253 -10.6252 -39.5 2.84701 -6.25 -6.5 10.8253 -3.23524 -6.5 -12.0741 12.7887 0 -6.67494e-15 -15.5 -40 -13.8 15.5 -40 13.8 15.2295 -2.83522 3.38525 4.61475 -4.96478 -11.5027 4 -5.4 -15.5 -5 -37.5 -8.66025 -16.9722 -34 -16.35 -8.83883 -6.5 -8.83883 -8.83883 -0.5 8.83883 12.0119 -2.83522 3.38525 12.3529 0 3.30995 15.2295 -4.96478 3.38525 -14.0278 -34 -14.65 -17.2 -40 -15.5 17.2 -40 15.5 5 -6.5 -8.66025 -12.0119 -2.83522 -3.38525 -5.5 -39.5 9.52628 5.5 -37.5 9.52628 -16.9722 -34 -14.65 12.0119 -4.96478 3.38525 -13.8 -40 -15.5 13.8 -40 15.5 -11.0753 0 6.39434 -7.77817 -37.5 7.77817 -15.2295 -2.83522 -3.38525 9.77628 -40 5.64434 -9.77628 -40 -5.64434 -12.0119 -4.96478 -3.38525 -10.6252 -37.5 2.84701 15.5 -40 17.2 -15.5 -40 -17.2 -7.07107 -6.5 -7.07107 -4 -2.4 15.5 -4.61475 -2.83522 11.5027 -15.2295 -4.96478 -3.38525 -5 -6.5 -8.66025 10.8253 -6.5 6.25 -4.61475 -4.96478 11.5027 -5.5 -37.5 9.52628 11.0753 0 -6.39434 2.93522 -4.51475 -12.1136 4 -2.4 -15.5 12.0741 -4.81477 3.23524 8.85 -3 13.4234 8.83883 -0.5 -8.83883 21 -34 16.9706 -13.4234 -3 6.65 19.0919 -34 -19.0919 -12.4708 -3 8.3 -14.65 -40 16.9722 14.65 -40 -16.9722 11 -39.5 -6.89699e-15 -15.5 -4.65 -5.29904 6.65 -3 13.4234 -14.376 -3 8.3 6.25 -0.5 10.8253 -16.35 -40 16.9722 16.35 -40 -16.9722 15.5 -2.60096 4.75 -12.3529 0 -3.30995 -16.35 -40 -14.0278 16.35 -40 14.0278 2.58819 -37.5 9.65926 15.2295 -3.9 5.2295 -15.5 -5.4 -4 16.35 -34 16.9722 5.2295 -3.9 -11.248 -14.65 -40 -14.0278 14.65 -40 14.0278 2.93522 -3.28525 -12.1136 14.65 -34 16.9722 14.5234 -3 -7.75 8.66025 -37.5 -5 -7.75 -3 -14.5234 -12.7887 0 -3.12223e-15 -8.88178e-16 -37.5 -10 -6.79737 -3 -12.8734 21 -40 -16.9706 -21 -40 16.9706 11.248 -3.9 5.2295 12.3234 -3 -7.75 -8.70263 -3 -12.8734 -16.9706 -34 -21 -2.58819 -37.5 9.65926 3.23524 -0.5 -12.0741 -12.3529 0 3.30995 -9.77628 -40 5.64434 9.77628 -40 -5.64434 -15.5 -40 13.8 15.5 -40 -13.8 0 -0.5 12.5 11 -37.5 -6.89699e-15 5.06478 -4.51475 -15.2295 -4 -5.1295 11.7573 10 -37.5 -6.67494e-15 -12.8734 -3 6.79737 -6.25 -0.5 10.8253 2.93522 -4.51475 -15.2295 -13.9734 -3 6.79737 -19.0919 -40 -19.0919 19.0919 -40 19.0919 -3.23524 -0.5 -12.0741 15.5 -34 13.8 -13.8 -40 15.5 13.8 -40 -15.5 15.5 -2.60096 3.25 8.85 0 13.4234 15.2295 -4.51475 2.93522 -13.4234 0 6.65 -8.83883 -0.5 -8.83883 -12.4708 0 8.3 16.35 -34 -14.0278 2.58819 -6.5 9.65926 -10.8253 -6.5 6.25 6.65 0 13.4234 14.65 -34 -14.0278 -14.376 0 8.3 -3.25 -5.19904 15.5 5.06478 -3.28525 -15.2295 12.1136 -4.51475 2.93522 -17.2 -40 15.5 17.2 -40 -15.5 17.2 -34 15.5 -7.2 -3 -14.376 -11.0753 0 -6.39434 -4.75 -5.19904 15.5 8.66025 -6.5 -5 -1.22465e-15 -6.5 -10 -15.5 -2.4 -4 -8.3 -3 -14.376 2.93522 -3.28525 -15.2295 12.0741 -6.5 3.23524 -11 -39.5 -4.01041e-15 8.66025 -37.5 5 13.8 -34 15.5 14.5234 0 -7.75 15.2295 -3.28525 2.93522 -8.66025 -37.5 -5 -2.58819 -6.5 9.65926 -7.75 0 -14.5234 -6.79737 0 -12.8734 -3.23524 -2.98523 12.0741 -15.5 -3.15 -2.70096 4.75 -5.19904 -15.5 -15.5 -40 17.2 15.5 -40 -17.2 -2.22045e-15 0 -12.7887 12.3234 0 -7.75 12.5 -6.5 -7.11903e-15 3.25 -5.19904 -15.5 -8.70263 0 -12.8734 10.6629 -34 15.5 6.39434 0 -11.0753 12.1136 -3.28525 2.93522 15.5 -34 -10.6629 -11.5027 -2.83522 -4.61475 -4 -2.6705 11.7573 15.5 -34 17.2 10 -6.5 -6.73556e-15 15.5 -34 -17.2 -2.70096 -3.15 15.5 15.5 -34 10.6629 12.0741 -6.5 -3.23524 15.5 -3.9 5.5 -12.8734 0 6.79737 -11.5027 -4.96478 -4.61475 -15.2295 -2.83522 -4.61475 -12.0741 -4.81477 -3.23524 10.8253 -0.5 6.25 2.92172 -40 10.904 -2.92172 -40 -10.904 -5.29904 -3.15 15.5 -13.9734 0 6.79737 17.2 -34 -15.5 -4 -5.1295 15.2295 -10 -37.5 -4.23245e-15 -14.65 -40 14.0278 14.65 -40 -14.0278 5.29904 -3.15 -15.5 -11 -37.5 -4.01041e-15 -15.2295 -4.96478 -4.61475 -14.65 -34 16.9722 -16.35 -40 14.0278 16.35 -40 -14.0278 13.8 -34 -15.5 2.70096 -3.15 -15.5 5.5 -39.5 -9.52628 -16.35 -34 16.9722 16.35 -34 14.0278 -2.92172 -40 10.904 2.92172 -40 -10.904 -3.38525 -2.83522 15.2295 -19.0919 -34 -19.0919 15.2295 -5.1295 4 -7.2 0 -14.376 2.58819 -37.5 -9.65926 8.66025 -6.5 5 -8.66025 -6.5 -5 -2.7705 -3.9 15.2295 -4.61475 -2.83522 15.2295 -8.3 0 -14.376 14.65 -34 14.0278 10.6629 -34 -15.5 -6.39434 0 -11.0753 -12.8734 -3 8.70263 -2.22045e-16 -37.5 10 -8.66025 -37.5 5 15.5 -34 -13.8 11.7573 -5.1295 4 -3.38525 -4.96478 15.2295 -5.2295 -3.9 15.2295 -21 -34 16.9706 -13.9734 -3 8.70263 15.5 -3.15 2.70096 -4.61475 -4.96478 15.2295 -2.58819 -37.5 -9.65926 -3.38525 -2.83522 12.0119 -16.9706 -40 -21 16.9706 -40 21 10.6252 -39.5 -2.84701 -10.904 -40 -2.92172 10.904 -40 2.92172 7.77817 -39.5 -7.77817 21 -34 -16.9706 -12.0741 -6.5 3.23524 -15.5 -34 13.8 -4 -2.6705 15.2295 -3.38525 -4.96478 12.0119 15.5 -4.65 5.29904 -7.2 -3 -12.4708 -10.6629 -34 15.5 -5.5 -39.5 -9.52628 -14.65 -34 -14.0278 -10 -6.5 -4.28626e-15 -8.3 -3 -12.4708 5.5 -37.5 -9.52628 19.0919 -34 19.0919 -16.35 -34 -14.0278 16.35 -34 -16.9722 -12.1353 -3.9 -2.7705 -12.5 -6.5 -4.01041e-15 -13.8 -34 15.5 15.2295 -2.6705 4 14.65 -34 -16.9722 2.58819 -6.5 -9.65926 -15.5 -2.60096 -3.25 -19.0919 -40 19.0919 19.0919 -40 -19.0919 -10.8253 -0.5 6.25 -15.2295 -3.9 -2.7705 -12.4708 -3 7.2 7.75 -3 12.3234 8.70263 -3 13.9734 -17.2 -34 15.5 -12.0741 -6.5 -3.23524 0 -6.5 10 11.7573 -2.6705 4 -8.66025 -6.5 5 -14.376 -3 7.2 -13.4234 -3 8.85 10.6252 -37.5 -2.84701 -5.06478 -4.51475 11.3163 6.79737 -3 13.9734 12.0741 -0.5 3.23524 -2.7705 -3.9 12.1353 7.77817 -37.5 -7.77817 -12.8734 0 8.70263 10.8253 -6.5 -6.25 -15.5 -34 -10.6629 -2.58819 -6.5 -9.65926 15.5 -3.9 2.5 10.6629 0 15.5 -13.9734 0 8.70263 15.5 0 -10.6629 -15.5 -34 17.2 -1.33227e-15 -39.5 -11 -5.5 -37.5 -9.52628 -15.5 -34 -17.2 12.5 -0.5 -7.11903e-15 3.23524 -2.98523 -12.0741 -6.79737 -3 -13.9734 -15.5 -34 10.6629 -10.6629 -34 -15.5 9.52628 -39.5 5.5 13.4234 -3 -8.85 -7.77817 -39.5 -7.77817 14.376 -3 -7.2 15.5 0 10.6629 7.9823 -40 7.9823 -7.9823 -40 -7.9823 -8.70263 -3 -13.9734 -11.3163 -4.51475 -5.06478 -7.75 -3 -12.3234 -5.06478 -3.28525 11.3163 12.4708 -3 -7.2 9.04296 0 -9.04296 -13.8 -34 -15.5 -16.9722 -40 -14.65 16.9722 -40 14.65 -7.2 0 -12.4708 12.0741 -0.5 -3.23524 5 -37.5 8.66025 -2.5 -3.9 15.5 -10.6252 -39.5 -2.84701 -8.3 0 -12.4708 15.2295 -4.51475 5.06478 3.30995 0 -12.3529 -15.2295 -4.51475 -5.06478 -10.904 -40 2.92172 10.904 -40 -2.92172 -15.5 -2.60096 -4.75 -17.2 -34 -15.5 -14.0278 -40 -14.65 14.0278 -40 14.65 7.07107 -37.5 7.07107 8.3 -3 12.4708 -14.65 -34 14.0278 -5.5 -3.9 15.5 -11.3163 -3.28525 -5.06478 7.2 -3 12.4708 11.3163 -4.51475 5.06478 9.04296 0 9.04296 -16.35 -34 14.0278 -1.33227e-15 -37.5 -11 5.5 -3.9 -15.5 16.9722 -40 16.35 -16.9722 -40 -16.35 -12.4708 0 7.2 7.75 0 12.3234 10.6629 0 -15.5 8.70263 0 13.9734 -15.5 -34 -13.8 15.5 -5.19904 4.75 9.52628 -37.5 5.5 -3.30995 0 -12.3529 -7.77817 -37.5 -7.77817 -14.376 0 7.2 15.2295 -3.28525 5.06478 -13.4234 0 8.85 8.88178e-16 -40 11.2887 -1.77636e-15 -40 -11.2887 -15.2295 -3.28525 -5.06478 2.5 -3.9 -15.5 6.79737 0 13.9734 14.0278 -40 16.35 -14.0278 -40 -16.35 13.9734 -3 -8.70263 -5 -37.5 8.66025 5.06478 -4.51475 -11.3163 12.8734 -3 -8.70263 11.3163 -3.28525 5.06478 -10.6252 -37.5 -2.84701 -6.79737 0 -13.9734 -7.9823 -40 7.9823 7.9823 -40 -7.9823 -16.9706 -40 21 16.9706 -40 -21 13.4234 0 -8.85 14.376 0 -7.2 16.9706 -34 21 -3.23524 -4.81477 12.0741 3.30995 0 12.3529 -10.8253 -6.5 -6.25 -8.70263 0 -13.9734 -10.6629 0 15.5 -7.75 0 -12.3234 5.64434 -40 9.77628 -5.64434 -40 -9.77628 -9.52628 -39.5 5.5 5 -6.5 8.66025 12.4708 0 -7.2 -12.0741 -0.5 3.23524 -15.5 -3.9 -2.5 -14.65 -34 -16.9722 -9.04296 0 -9.04296 2.7705 -3.9 -12.1353 -7.07107 -37.5 7.07107 9.65926 -37.5 -2.58819 7.07107 -6.5 7.07107 -16.35 -34 -16.9722 5.06478 -3.28525 -11.3163 -11.7573 -5.1295 -4 -12.5 -0.5 -4.01041e-15 -3.30995 0 12.3529 15.2295 -3.9 2.7705 8.3 0 12.4708 15.5 -5.19904 3.25 7.2 0 12.4708 -15.2295 -5.1295 -4 -19.0919 -34 19.0919 -9.04296 0 9.04296 -21 -34 -16.9706 2.84701 -39.5 10.6252 12.1353 -3.9 2.7705 -12.0741 -0.5 -3.23524 -15.5 0 -10.6629 -5 -6.5 8.66025 </float_array>
          <technique_common>
            <accessor source="#_4582608_EAMM-A-V10000030_0-vertex-array" count="576" stride="3">
              <param name="X" type="float"/>
              <param name="Y" type="float"/>
              <param name="Z" type="float"/>
            </accessor>
          </technique_common>
        </source>
        <source id="_4582608_EAMM-A-V10000030_0-normal">
          <float_array id="_4582608_EAMM-A-V10000030_0-normal-array" count="552">0.965926 0 0 -0.965926 0 0 0.991445 0 0 -0.991445 0 0 -1 0 0 1 0 0 0 1 0 0 -1 0 -0.482963 -0.836516 0 0.482963 0.836516 0 0.745172 0.496782 -0.430225 -0.745172 -0.496782 0.430225 -0.482963 0.836516 0 0.482963 -0.836516 0 -0.745172 0.496782 -0.430225 0.745172 -0.496782 0.430225 0.991445 0 0.130526 -0.991445 0 -0.130526 0.347373 0.601668 0.694747 -0.347373 -0.601668 -0.694747 -0.347373 0.601668 0.694747 0.347373 -0.601668 -0.694747 0.957662 0 0.256605 -0.957662 0 -0.256605 -0.707107 -0.707107 0 0.707107 0.707107 0 0.957662 0 -0.256605 -0.957662 0 0.256605 -0.707107 0.707107 0 0.707107 -0.707107 0 0.831132 0.496782 -0.222701 -0.831132 -0.496782 0.222701 -0.831132 0.496782 -0.222701 0.831132 -0.496782 0.222701 0.92388 0 0.382683 -0.92388 0 -0.382683 0.836516 0 0.482963 -0.836516 0 -0.482963 -0.347373 -0.601668 0.694747 0.347373 0.601668 -0.694747 -0.858616 0 -0.495722 0.858616 0 0.495722 0.836516 0 -0.482963 -0.836516 0 0.482963 0.347373 -0.601668 0.694747 -0.347373 0.601668 -0.694747 0.858616 0 -0.495722 -0.858616 0 0.495722 0.860451 0.496782 0 -0.860451 -0.496782 0 -0.860451 0.496782 0 0.860451 -0.496782 0 0 -0.836516 -0.482963 0 0.836516 0.482963 -0.694747 -0.694747 0 0.694747 0.694747 0 0.743481 0 0.668757 -0.743481 0 -0.668757 -0.694747 0.694747 0 0.694747 -0.694747 0 -0.743481 0 0.668757 0.743481 0 -0.668757 0.694747 0 0.694747 -0.694747 0 -0.694747 -0.701057 0 -0.701057 0.701057 0 0.701057 0.706119 0 0.706119 -0.706119 0 -0.706119 0.707107 0 0.707107 -0.707107 0 -0.707107 -0.694747 0 0.694747 0.694747 0 -0.694747 0.701057 0 -0.701057 -0.701057 0 0.701057 -0.706119 0 0.706119 0.706119 0 -0.706119 -0.707107 0 0.707107 0.707107 0 -0.707107 0.668757 0 0.743481 -0.668757 0 -0.743481 0.831132 0.496782 0.222701 -0.831132 -0.496782 -0.222701 -0.668757 0 0.743481 0.668757 0 -0.743481 -0.831132 0.496782 0.222701 0.831132 -0.496782 -0.222701 -0.836516 -0.482963 0 0.836516 0.482963 0 -0.836516 0.482963 0 0.836516 -0.482963 0 -0.694747 -0.601668 0.347373 0.694747 0.601668 -0.347373 0.482963 0 0.836516 -0.482963 0 -0.836516 0.482963 0 -0.836516 -0.482963 0 0.836516 -0.694747 0.601668 -0.347373 0.694747 -0.601668 0.347373 -0.495722 0 -0.858616 0.495722 0 0.858616 0.495722 0 -0.858616 -0.495722 0 0.858616 -0.694747 -0.347373 -0.601668 0.694747 0.347373 0.601668 0.382683 0 -0.92388 -0.382683 0 0.92388 -0.694747 0.347373 0.601668 0.694747 -0.347373 -0.601668 0.745172 0.496782 0.430225 -0.745172 -0.496782 -0.430225 -0.256605 0 -0.957662 0.256605 0 0.957662 0.256605 0 -0.957662 -0.256605 0 0.957662 -0.745172 0.496782 0.430225 0.745172 -0.496782 -0.430225 0 0 0.965926 0 0 -0.965926 0 -0.707107 -0.707107 0 0.707107 0.707107 0 0 -0.991445 0 0 0.991445 0.130526 0 -0.991445 -0.130526 0 0.991445 0 0 1 0 0 -1 0.601668 0.347373 0.694747 -0.601668 -0.347373 -0.694747 -0.601668 0.347373 0.694747 0.601668 -0.347373 -0.694747 0.608431 0.496782 0.608431 -0.608431 -0.496782 -0.608431 -0.608431 0.496782 0.608431 0.608431 -0.496782 -0.608431 0 0.707107 -0.707107 0 -0.707107 0.707107 0 0.836516 -0.482963 0 -0.836516 0.482963 0.430225 0.496782 0.745172 -0.430225 -0.496782 -0.745172 -0.601668 -0.347373 0.694747 0.601668 0.347373 -0.694747 -0.430225 0.496782 0.745172 0.430225 -0.496782 -0.745172 0.601668 -0.347373 0.694747 -0.601668 0.347373 -0.694747 0 0.496782 -0.860451 0 -0.496782 0.860451 0.222701 0.496782 -0.831132 -0.222701 -0.496782 0.831132 -0.222701 0.496782 -0.831132 0.222701 -0.496782 0.831132 0.222701 0.496782 0.831132 -0.222701 -0.496782 -0.831132 0 0.694747 0.694747 0 -0.694747 -0.694747 -0.222701 0.496782 0.831132 0.222701 -0.496782 -0.831132 -0.694747 -0.347373 0.601668 0.694747 0.347373 -0.601668 -0.694747 0.347373 -0.601668 0.694747 -0.347373 0.601668 0 0.496782 0.860451 0 -0.496782 -0.860451 0.430225 0.496782 -0.745172 -0.430225 -0.496782 0.745172 -0.430225 0.496782 -0.745172 0.430225 -0.496782 0.745172 -0.694747 -0.601668 -0.347373 0.694747 0.601668 0.347373 -0.694747 0.601668 0.347373 0.694747 -0.601668 -0.347373 0.608431 0.496782 -0.608431 -0.608431 -0.496782 0.608431 -0.608431 0.496782 -0.608431 0.608431 -0.496782 0.608431 0 -0.965926 0 0 0.965926 0 0 0.482963 -0.836516 0 -0.482963 0.836516 0 -0.694747 0.694747 0 0.694747 -0.694747 0 -0.482963 -0.836516 0 0.482963 0.836516 </float_array>
          <technique_common>
            <accessor source="#_4582608_EAMM-A-V10000030_0-normal-array" count="184" stride="3">
              <param name="X" type="float"/>
              <param name="Y" type="float"/>
              <param name="Z" type="float"/>
            </accessor>
          </technique_common>
        </source>
        <vertices id="_4582608_EAMM-A-V10000030_0-vertex-obj">
          <input semantic="POSITION" source="#_4582608_EAMM-A-V10000030_0-vertex"/>
        </vertices>
        <triangles material="Nr10000030_0Mat0" count="1184">
          <input semantic="VERTEX" source="#_4582608_EAMM-A-V10000030_0-vertex-obj" offset="0"/>
          <input semantic="NORMAL" source="#_4582608_EAMM-A-V10000030_0-normal" offset="1"/>
          <p>279 7 397 7 426 7 426 7 397 7 192 7 426 7 192 7 300 7 300 7 192 7 477 7 300 7 477 7 29 7 29 7 477 7 240 7 29 7 240 7 362 7 362 7 240 7 179 7 362 7 179 7 268 7 268 7 179 7 247 7 268 7 247 7 356 7 356 7 247 7 492 7 356 7 492 7 16 7 16 7 492 7 200 7 16 7 200 7 283 7 283 7 200 7 400 7 283 7 400 7 45 7 44 7 282 7 199 7 199 7 282 7 15 7 199 7 15 7 491 7 491 7 15 7 355 7 491 7 355 7 246 7 246 7 355 7 267 7 246 7 267 7 178 7 178 7 267 7 361 7 178 7 361 7 239 7 239 7 361 7 28 7 239 7 28 7 476 7 476 7 28 7 299 7 476 7 299 7 191 7 191 7 299 7 425 7 191 7 425 7 278 7 278 7 425 7 257 7 278 7 257 7 126 7 209 7 139 7 396 7 396 7 139 7 505 7 396 7 505 7 278 7 278 7 505 7 191 7 396 7 535 7 324 7 396 7 324 7 229 7 396 7 229 7 39 7 396 7 39 7 283 7 396 7 283 7 1 7 396 7 1 7 369 7 396 7 369 7 519 7 396 7 519 7 349 7 396 7 349 7 546 7 396 7 546 7 468 7 396 7 468 7 524 7 396 7 524 7 148 7 396 7 148 7 209 7 199 7 524 7 205 7 199 7 205 7 399 7 199 7 399 7 44 7 283 7 45 7 488 7 283 7 488 7 266 7 283 7 266 7 533 7 283 7 533 7 1 7 535 7 426 7 300 7 535 7 300 7 50 7 535 7 50 7 236 7 535 7 236 7 324 7 49 7 235 7 534 7 49 7 534 7 425 7 49 7 425 7 299 7 534 7 235 7 323 7 534 7 323 7 228 7 534 7 228 7 38 7 534 7 38 7 532 7 534 7 532 7 0 7 534 7 0 7 368 7 534 7 368 7 518 7 534 7 518 7 348 7 534 7 348 7 545 7 534 7 545 7 200 7 534 7 200 7 523 7 534 7 523 7 147 7 534 7 147 7 208 7 534 7 208 7 397 7 532 7 38 7 265 7 265 7 38 7 282 7 265 7 282 7 487 7 487 7 282 7 44 7 200 7 545 7 467 7 200 7 467 7 204 7 200 7 204 7 400 7 397 7 208 7 138 7 397 7 138 7 504 7 397 7 504 7 192 7 256 7 125 7 279 7 256 7 279 7 426 7 524 7 468 7 205 7 495 6 460 6 404 6 404 6 460 6 416 6 404 6 416 6 501 6 501 6 416 6 197 6 501 6 197 6 136 6 136 6 197 6 490 6 136 6 490 6 432 6 432 6 490 6 371 6 432 6 371 6 568 6 568 6 371 6 570 6 568 6 570 6 390 6 128 6 420 6 409 6 128 6 409 6 460 6 128 6 460 6 495 6 447 6 461 6 190 6 447 6 190 6 411 6 447 6 411 6 510 6 447 6 510 6 416 6 447 6 416 6 460 6 456 6 552 6 261 6 261 6 552 6 171 6 261 6 171 6 461 6 461 6 171 6 475 6 461 6 475 6 190 6 453 6 366 6 79 6 79 6 366 6 159 6 79 6 159 6 568 6 568 6 159 6 432 6 79 6 538 6 336 6 79 6 336 6 249 6 79 6 249 6 61 6 79 6 61 6 313 6 79 6 313 6 330 6 79 6 330 6 409 6 79 6 409 6 151 6 79 6 151 6 360 6 79 6 360 6 453 6 538 6 415 6 301 6 538 6 301 6 53 6 538 6 53 6 244 6 538 6 244 6 336 6 226 6 158 6 415 6 415 6 158 6 352 6 415 6 352 6 301 6 301 6 352 6 96 6 301 6 96 6 31 6 31 6 96 6 290 6 31 6 290 6 367 6 367 6 290 6 386 6 367 6 386 6 333 6 333 6 386 6 294 6 333 6 294 6 381 6 381 6 294 6 104 6 381 6 104 6 363 6 184 6 558 6 261 6 184 6 261 6 371 6 184 6 371 6 490 6 261 6 461 6 381 6 261 6 381 6 363 6 261 6 363 6 84 6 261 6 84 6 422 6 261 6 422 6 338 6 261 6 338 6 158 6 158 6 338 6 417 6 158 6 417 6 76 6 158 6 76 6 352 6 224 6 402 6 226 6 224 6 226 6 415 6 313 6 42 6 330 6 330 6 42 6 380 6 330 6 380 6 340 6 340 6 380 6 281 6 340 6 281 6 367 6 367 6 333 6 340 6 456 6 261 6 558 6 151 6 409 6 420 6 125 5 256 5 402 5 125 5 402 5 224 5 426 75 535 83 158 83 426 75 158 83 226 75 256 61 426 75 226 75 256 61 226 75 402 61 278 67 126 57 570 57 278 67 570 57 371 67 396 79 278 67 371 67 396 79 371 67 261 79 535 125 396 125 261 125 535 125 261 125 158 125 398 27 230 3 270 3 398 27 270 3 439 27 398 31 488 31 45 49 398 31 45 49 230 49 273 3 337 3 24 27 273 3 24 27 556 27 57 47 398 27 439 27 57 47 439 27 100 47 57 11 266 11 488 31 57 11 488 31 398 31 305 47 251 47 556 27 305 47 556 27 24 27 100 47 444 73 401 73 100 47 401 73 57 47 401 173 533 173 266 11 401 173 266 11 57 11 236 95 50 43 76 43 236 95 76 43 417 95 50 43 300 1 352 1 50 43 352 1 76 43 268 117 356 94 294 94 268 117 294 94 386 117 356 94 16 42 104 42 356 94 104 42 294 94 300 1 29 37 96 37 300 1 96 37 352 1 29 37 362 93 290 93 29 37 290 93 96 37 362 93 268 117 386 117 362 93 386 117 290 93 251 47 305 47 172 73 251 47 172 73 122 73 365 101 401 73 444 73 365 101 444 73 414 101 1 165 533 173 401 173 1 165 401 173 365 165 324 116 236 95 417 95 324 116 417 95 338 116 283 0 39 36 84 36 283 0 84 36 363 0 39 36 229 92 422 92 39 36 422 92 84 36 229 92 324 116 338 116 229 92 338 116 422 92 16 42 283 0 363 0 16 42 363 0 104 42 122 73 172 73 193 101 122 73 193 101 150 101 10 113 365 101 414 101 10 113 414 101 51 113 369 149 1 165 365 165 369 149 365 165 10 149 423 113 374 113 150 101 423 113 150 101 193 101 454 121 10 113 51 113 454 121 51 113 502 121 519 147 369 149 10 149 519 147 10 149 454 147 374 113 423 113 306 121 374 113 306 121 254 121 502 121 71 111 32 111 502 121 32 111 454 121 519 147 454 147 32 151 519 147 32 151 349 151 254 121 306 121 448 111 254 121 448 111 394 111 410 99 32 111 71 111 410 99 71 111 455 99 349 151 32 151 410 167 349 151 410 167 546 167 214 99 183 99 394 111 214 99 394 111 448 111 464 65 410 99 455 99 464 65 455 99 514 65 464 175 468 175 546 167 464 175 546 167 410 167 209 116 148 95 552 95 209 116 552 95 456 116 148 95 524 43 171 43 148 95 171 43 552 95 524 43 199 1 475 1 524 43 475 1 171 43 505 36 139 92 558 92 505 36 558 92 184 36 139 92 209 116 456 116 139 92 456 116 558 92 199 1 491 37 190 37 199 1 190 37 475 1 411 93 190 37 491 37 411 93 491 37 246 93 183 99 214 99 210 65 183 99 210 65 169 65 117 41 464 65 514 65 117 41 514 65 157 41 464 175 117 15 205 15 464 175 205 15 468 175 191 0 505 36 184 36 191 0 184 36 490 0 178 117 239 94 416 94 178 117 416 94 510 117 239 94 476 42 197 42 239 94 197 42 416 94 476 42 191 0 490 0 476 42 490 0 197 42 246 93 178 117 510 117 246 93 510 117 411 93 210 65 376 41 316 41 210 65 316 41 169 65 155 64 512 40 462 40 155 64 462 40 116 64 204 109 467 131 116 131 204 109 116 131 462 109 312 40 493 64 557 64 312 40 557 64 375 40 530 7 157 7 43 7 530 7 43 7 354 7 530 7 354 7 207 7 530 7 207 7 358 7 374 7 254 7 502 7 502 7 254 7 394 7 502 7 394 7 71 7 71 7 394 7 183 7 71 7 183 7 455 7 455 7 183 7 169 7 455 7 169 7 514 7 514 7 169 7 316 7 514 7 316 7 157 7 157 7 316 7 43 7 273 7 556 7 100 7 100 7 556 7 251 7 100 7 251 7 444 7 444 7 251 7 122 7 444 7 122 7 414 7 414 7 122 7 150 7 414 7 150 7 51 7 51 7 150 7 374 7 51 7 374 7 502 7 439 7 270 7 141 7 439 7 141 7 512 7 439 7 512 7 273 7 439 7 273 7 100 7 262 7 54 7 526 7 526 7 54 7 217 7 526 7 217 7 555 7 555 7 217 7 202 7 555 7 202 7 385 7 385 7 202 7 2 7 385 7 2 7 121 7 121 7 2 7 207 7 121 7 207 7 354 7 66 7 512 7 312 7 312 7 512 7 155 7 312 7 155 7 493 7 493 7 155 7 196 7 493 7 196 7 480 7 480 7 196 7 33 7 480 7 33 7 241 7 241 7 33 7 163 7 241 7 163 7 384 7 384 7 163 7 54 7 384 7 54 7 262 7 273 7 512 7 66 7 512 40 141 23 105 23 512 40 105 23 462 40 462 109 105 81 400 81 462 109 400 81 204 109 108 23 66 23 312 40 108 23 312 40 375 40 141 23 270 3 230 3 141 23 230 3 105 23 230 49 45 49 400 81 230 49 400 81 105 81 66 23 108 23 337 3 66 23 337 3 273 3 279 66 125 56 224 56 279 66 224 56 415 66 257 60 425 74 568 74 257 60 568 74 390 60 126 4 257 4 390 4 126 4 390 4 570 4 482 22 117 41 157 41 482 22 157 41 530 22 399 33 205 15 117 15 399 33 117 15 482 33 316 41 376 41 90 22 316 41 90 22 43 22 530 22 358 2 311 2 530 22 311 2 482 22 44 51 399 33 482 33 44 51 482 33 311 51 412 2 354 2 43 22 412 2 43 22 90 22 174 26 311 2 358 2 174 26 358 2 207 26 44 51 311 51 174 85 44 51 174 85 487 85 170 26 121 26 354 2 170 26 354 2 412 2 547 46 174 26 207 26 547 46 207 26 2 46 487 85 174 85 547 115 487 85 547 115 265 115 121 26 170 26 436 46 121 26 436 46 385 46 2 46 202 72 168 72 2 46 168 72 547 46 532 133 265 115 547 115 532 133 547 115 168 133 267 116 355 95 495 95 267 116 495 95 404 116 355 95 15 43 128 43 355 95 128 43 495 95 299 0 28 36 136 36 299 0 136 36 432 0 28 36 361 92 501 92 28 36 501 92 136 36 361 92 267 116 404 116 361 92 404 116 501 92 235 94 49 42 159 42 235 94 159 42 366 94 49 42 299 0 432 0 49 42 432 0 159 42 22 72 555 72 385 46 22 72 385 46 436 46 195 100 168 72 202 72 195 100 202 72 217 100 0 143 532 133 168 133 0 143 168 133 195 143 15 43 282 1 420 1 15 43 420 1 128 43 323 117 235 94 366 94 323 117 366 94 453 117 282 1 38 37 151 37 282 1 151 37 420 1 38 37 228 93 360 93 38 37 360 93 151 37 228 93 323 117 453 117 228 93 453 117 360 93 575 100 526 100 555 72 575 100 555 72 22 72 13 112 195 100 217 100 13 112 217 100 54 112 195 143 13 157 368 157 195 143 368 157 0 143 526 100 575 100 317 112 526 100 317 112 262 112 127 120 13 112 54 112 127 120 54 112 163 120 13 157 127 163 518 163 13 157 518 163 368 157 434 120 384 120 262 112 434 120 262 112 317 112 163 120 33 110 571 110 163 120 571 110 127 120 571 153 348 153 518 163 571 153 518 163 127 163 291 110 241 110 384 120 291 110 384 120 434 120 33 110 196 98 160 98 33 110 160 98 571 110 160 139 545 139 348 153 160 139 348 153 571 153 241 110 291 110 548 98 241 110 548 98 480 98 116 64 160 98 196 98 116 64 196 98 155 64 467 131 545 139 160 139 467 131 160 139 116 131 200 0 492 36 42 36 200 0 42 36 313 0 380 92 42 36 492 36 380 92 492 36 247 92 208 117 147 94 249 94 208 117 249 94 336 117 147 94 523 42 61 42 147 94 61 42 249 94 523 42 200 0 313 0 523 42 313 0 61 42 504 37 138 93 244 93 504 37 244 93 53 37 138 93 208 117 336 117 138 93 336 117 244 93 480 98 548 98 557 64 480 98 557 64 493 64 179 116 240 95 367 95 179 116 367 95 281 116 240 95 477 43 31 43 240 95 31 43 367 95 477 43 192 1 301 1 477 43 301 1 31 43 247 92 179 116 281 116 247 92 281 116 380 92 192 1 504 37 53 37 192 1 53 37 301 1 397 78 279 66 415 66 397 78 415 66 538 78 534 124 397 124 538 124 534 124 538 124 79 124 425 74 534 82 79 82 425 74 79 82 568 74 331 6 474 6 508 6 508 6 474 6 218 6 508 6 218 6 326 6 326 6 218 6 167 6 326 6 167 6 549 6 549 6 167 6 177 6 549 6 177 6 103 6 103 6 177 6 143 6 75 6 540 6 293 6 75 6 293 6 118 6 75 6 118 6 566 6 75 6 566 6 507 6 75 6 507 6 564 6 75 6 564 6 500 6 564 6 111 6 500 6 500 6 111 6 285 6 500 6 285 6 450 6 450 6 285 6 509 6 450 6 509 6 77 6 553 6 382 6 319 6 553 6 319 6 478 6 553 6 478 6 544 6 553 6 544 6 483 6 553 6 483 6 329 6 553 6 329 6 145 6 553 6 145 6 9 6 553 6 9 6 303 6 373 6 531 6 513 6 513 6 531 6 135 6 513 6 135 6 382 6 382 6 135 6 319 6 351 6 287 6 574 6 574 6 287 6 343 6 574 6 343 6 253 6 253 6 343 6 506 6 253 6 506 6 264 6 264 6 506 6 113 6 264 6 113 6 201 6 201 6 113 6 289 6 201 6 289 6 543 6 543 6 289 6 445 6 543 6 445 6 7 6 7 6 445 6 517 6 7 6 517 6 451 6 451 6 295 6 7 6 7 6 295 6 120 6 7 6 120 6 574 6 574 6 120 6 515 6 574 6 515 6 351 6 543 6 450 6 119 6 543 6 119 6 81 6 543 6 81 6 522 6 543 6 522 6 293 6 543 6 293 6 540 6 543 6 540 6 114 6 543 6 114 6 562 6 543 6 562 6 110 6 543 6 110 6 569 6 543 6 569 6 201 6 450 6 466 6 314 6 450 6 314 6 537 6 450 6 537 6 98 6 450 6 98 6 188 6 450 6 188 6 130 6 450 6 130 6 500 6 177 6 188 6 98 6 177 6 98 6 143 6 574 6 253 6 238 6 574 6 238 6 303 6 574 6 303 6 9 6 9 6 145 6 542 6 9 6 542 6 379 6 9 6 379 6 318 6 9 6 318 6 373 6 9 6 373 6 325 6 9 6 325 6 485 6 9 6 485 6 508 6 508 6 326 6 142 6 508 6 142 6 11 6 508 6 11 6 536 6 508 6 536 6 8 6 508 6 8 6 134 6 508 6 134 6 452 6 314 6 466 6 452 6 314 6 452 6 134 6 331 6 508 6 485 6 325 6 373 6 513 6 450 6 77 6 119 6 340 5 333 5 85 5 340 5 85 5 565 5 340 5 565 5 95 5 340 5 95 5 511 5 340 5 511 5 407 5 340 5 407 5 342 5 340 5 342 5 466 5 237 5 146 5 466 5 466 5 146 5 284 5 466 5 284 5 452 5 452 5 284 5 392 5 452 5 392 5 333 5 333 5 392 5 449 5 333 5 449 5 85 5 154 5 237 5 466 5 154 5 466 5 342 5 574 69 9 69 461 69 574 69 461 69 447 69 9 125 508 125 220 125 9 125 220 125 102 125 9 125 102 125 364 125 9 125 364 125 521 125 9 125 521 125 67 125 9 125 67 125 328 125 9 125 328 125 381 125 9 125 381 125 461 125 508 125 381 125 322 125 508 125 322 125 56 125 508 125 56 125 503 125 508 125 503 125 357 125 508 125 357 125 97 125 508 125 97 125 220 125 381 125 328 125 182 125 381 125 182 125 322 125 452 77 333 77 381 77 452 77 381 77 508 77 327 3 457 3 479 27 327 3 479 27 341 27 177 50 167 84 479 84 177 50 479 84 457 50 446 47 341 27 479 27 446 47 479 27 6 47 167 84 218 114 6 114 167 84 6 114 479 84 473 6 47 6 92 6 473 6 92 6 40 6 473 6 40 6 465 6 473 6 465 6 250 6 473 6 250 6 87 6 473 6 87 6 525 6 473 6 525 6 463 6 473 6 463 6 528 6 473 6 528 6 91 6 473 6 91 6 259 6 40 93 92 117 143 117 40 93 143 117 98 93 92 117 47 94 103 94 92 117 103 94 143 117 47 94 473 42 549 42 47 94 549 42 103 94 465 37 40 93 98 93 465 37 98 93 537 37 250 1 465 37 537 37 250 1 537 37 314 1 87 43 250 1 314 1 87 43 314 1 134 43 123 73 446 47 6 47 123 73 6 47 223 73 218 114 474 132 223 132 218 114 223 132 6 114 473 42 259 0 326 0 473 42 326 0 549 42 259 0 91 36 142 36 259 0 142 36 326 0 91 36 528 92 11 92 91 36 11 92 142 36 528 92 463 116 536 116 528 92 536 116 11 92 463 116 525 95 8 95 463 116 8 95 536 116 525 95 87 43 134 43 525 95 134 43 8 95 20 101 123 73 223 73 20 101 223 73 131 101 131 142 223 132 474 132 131 142 474 132 331 142 156 113 20 101 527 105 156 113 527 105 181 105 156 113 181 105 72 105 156 113 72 105 18 105 156 113 18 105 86 113 131 101 263 113 112 105 131 101 112 105 166 105 131 101 166 105 559 105 131 101 559 105 245 105 131 101 245 105 527 105 131 101 527 105 20 101 263 113 458 113 4 105 263 113 4 105 112 105 263 156 131 142 331 142 263 156 331 142 485 156 72 177 5 177 37 9 72 177 37 9 18 9 37 9 276 87 219 87 37 9 219 87 86 25 37 9 86 25 18 9 27 13 4 13 458 29 27 13 458 29 248 89 27 13 248 89 309 89 4 13 27 13 55 176 4 13 55 176 112 176 21 19 55 155 220 155 21 19 220 155 97 19 55 176 21 8 166 8 55 176 166 8 112 176 97 19 357 127 297 127 97 19 297 127 21 19 166 8 21 8 297 86 166 8 297 86 559 86 503 63 25 63 297 127 503 63 297 127 357 127 559 86 297 86 25 1 559 86 25 1 245 1 503 63 56 145 271 145 503 63 271 145 25 63 245 1 25 1 271 88 245 1 271 88 527 88 271 145 56 145 322 45 271 145 322 45 34 45 527 88 271 88 34 12 527 88 34 12 181 12 5 181 34 45 322 45 5 181 322 45 182 181 34 12 5 177 72 177 34 12 72 177 181 12 140 121 30 121 219 123 140 121 219 123 554 123 140 121 554 123 248 123 140 121 248 123 458 113 140 121 458 113 263 113 30 121 156 113 86 113 30 121 86 113 219 123 140 162 263 156 485 156 140 162 485 156 325 162 37 39 5 181 182 181 37 39 182 181 328 39 276 141 37 39 328 39 276 141 328 39 67 141 276 141 67 141 521 71 276 141 521 71 35 71 219 87 276 87 35 0 219 87 35 0 554 0 35 71 521 71 364 129 35 71 364 129 309 129 554 0 35 0 309 89 554 0 309 89 248 89 102 21 27 21 309 129 102 21 309 129 364 129 220 155 55 155 27 21 220 155 27 21 102 21 30 121 140 121 280 111 30 121 280 111 176 111 140 162 325 162 513 152 140 162 513 152 280 152 65 99 176 111 280 111 65 99 280 111 173 99 513 152 382 138 173 138 513 152 173 138 280 152 408 6 255 6 88 6 408 6 88 6 459 6 408 6 459 6 302 6 408 6 302 6 252 6 408 6 252 6 308 6 408 6 308 6 469 6 408 6 469 6 94 6 408 6 94 6 260 6 408 6 260 6 413 6 408 6 413 6 471 6 255 37 408 93 478 93 255 37 478 93 319 37 308 92 252 116 318 116 308 92 318 116 379 92 252 116 302 95 373 95 252 116 373 95 318 116 88 1 255 37 319 37 88 1 319 37 135 1 302 95 459 43 531 43 302 95 531 43 373 95 459 43 88 1 135 1 459 43 135 1 531 43 185 65 65 99 173 99 185 65 173 99 288 65 288 130 173 138 382 138 288 130 382 138 553 130 471 117 413 94 483 94 471 117 483 94 544 117 408 93 471 117 544 117 408 93 544 117 478 93 413 94 260 42 329 42 413 94 329 42 483 94 260 42 94 0 145 0 260 42 145 0 329 42 94 0 469 36 542 36 94 0 542 36 145 0 469 36 308 92 379 92 469 36 379 92 542 36 288 65 82 41 541 41 288 65 541 41 185 65 553 130 303 108 82 108 553 130 82 108 288 130 215 40 12 64 124 64 215 40 124 64 347 40 500 174 130 14 347 14 500 174 347 14 124 174 419 6 403 6 433 6 433 6 403 6 292 6 433 6 292 6 541 6 541 6 292 6 412 6 541 6 412 6 90 6 22 6 436 6 73 6 73 6 436 6 170 6 73 6 170 6 292 6 292 6 170 6 412 6 291 6 434 6 165 6 165 6 434 6 317 6 165 6 317 6 41 6 41 6 317 6 575 6 41 6 575 6 175 6 175 6 575 6 22 6 175 6 22 6 73 6 375 6 557 6 133 6 133 6 557 6 548 6 133 6 548 6 17 6 17 6 548 6 291 6 17 6 291 6 165 6 12 6 215 6 337 6 12 6 337 6 108 6 12 6 108 6 375 6 12 6 375 6 133 6 185 6 541 6 90 6 185 6 90 6 376 6 185 6 376 6 210 6 185 6 210 6 65 6 306 6 30 6 448 6 448 6 30 6 176 6 448 6 176 6 214 6 214 6 176 6 65 6 214 6 65 6 210 6 172 6 20 6 193 6 193 6 20 6 156 6 193 6 156 6 423 6 423 6 156 6 30 6 423 6 30 6 306 6 305 6 24 6 123 6 305 6 123 6 20 6 305 6 20 6 172 6 327 6 341 6 310 6 310 6 341 6 446 6 310 6 446 6 215 6 215 6 446 6 123 6 215 6 123 6 337 6 337 6 123 6 24 6 347 40 442 23 187 35 347 40 187 35 435 35 347 40 435 35 60 35 347 40 60 35 529 35 347 40 529 35 258 35 347 40 258 35 215 40 215 40 258 35 499 35 215 40 499 35 74 35 215 40 74 35 387 35 215 40 387 35 198 35 215 40 198 35 310 23 310 23 198 35 221 23 187 35 442 23 58 23 442 32 347 14 130 14 442 32 130 14 188 32 387 177 372 177 189 53 387 177 189 53 198 53 286 183 298 183 221 119 286 183 221 119 198 53 286 183 198 53 189 53 180 137 187 137 58 135 180 137 58 135 332 179 180 137 332 179 315 179 421 176 435 176 187 137 421 176 187 137 180 137 48 171 421 59 146 59 48 171 146 59 237 171 421 176 48 52 60 52 421 176 60 52 435 176 516 107 48 171 237 171 516 107 237 171 154 107 60 52 48 52 516 182 60 52 516 182 529 182 342 71 242 71 516 107 342 71 516 107 154 107 529 182 516 182 242 117 529 182 242 117 258 117 342 71 407 159 484 159 342 71 484 159 242 71 258 117 242 117 484 178 258 117 484 178 499 178 511 91 59 91 484 159 511 91 484 159 407 159 499 178 484 178 59 136 499 178 59 136 74 136 372 55 59 91 511 91 372 55 511 91 95 55 372 177 387 177 74 136 372 177 74 136 59 136 327 3 310 23 457 3 457 3 310 23 572 17 457 3 572 17 442 23 442 23 572 17 332 17 442 23 332 17 58 23 298 17 572 17 310 23 298 17 310 23 221 23 457 50 442 32 188 32 457 50 188 32 177 50 95 55 565 169 189 169 95 55 189 169 372 55 565 169 85 103 286 103 565 169 286 103 189 169 286 103 85 103 449 62 286 103 449 62 563 62 298 183 286 183 563 116 298 183 563 116 572 116 563 62 449 62 392 161 563 62 392 161 315 161 572 116 563 116 315 179 572 116 315 179 332 179 315 161 392 161 284 97 315 161 284 97 180 97 180 97 284 97 146 59 180 97 146 59 421 59 330 68 340 68 466 68 330 68 466 68 450 68 450 124 543 124 211 124 450 124 211 124 80 124 450 124 80 124 339 124 450 124 339 124 481 124 450 124 481 124 46 124 450 124 46 124 296 124 450 124 296 124 409 124 450 124 409 124 330 124 543 124 409 124 304 124 543 124 304 124 52 124 543 124 52 124 496 124 543 124 496 124 350 124 543 124 350 124 83 124 543 124 83 124 211 124 409 124 296 124 162 124 409 124 162 124 304 124 7 76 460 76 409 76 7 76 409 76 543 76 460 4 7 4 551 4 460 4 551 4 23 4 460 4 23 4 107 4 460 4 107 4 243 4 460 4 243 4 152 4 460 4 152 4 231 4 460 4 231 4 574 4 460 4 574 4 447 4 7 4 574 4 307 4 7 4 307 4 424 4 7 4 424 4 321 4 7 4 321 4 551 4 574 4 231 4 64 4 574 4 64 4 3 4 574 4 3 4 489 4 574 4 489 4 307 4 433 22 541 41 470 34 433 22 470 34 344 34 433 22 344 34 560 34 433 22 560 34 206 34 433 22 206 34 346 22 541 41 82 41 497 34 541 41 497 34 132 34 541 41 132 34 470 34 573 22 161 22 194 34 573 22 194 34 26 34 573 22 26 34 334 34 573 22 334 34 497 34 573 22 497 34 82 41 573 80 82 108 303 108 573 80 303 108 238 80 213 136 206 136 560 177 213 136 560 177 567 177 89 178 78 178 346 134 89 178 346 134 206 136 89 178 206 136 213 136 203 52 194 52 161 118 203 52 161 118 99 182 203 52 99 182 106 182 36 176 26 176 194 52 36 176 194 52 203 52 307 54 489 90 345 90 307 54 345 90 36 54 26 176 36 176 345 137 26 176 345 137 334 137 489 90 3 158 520 158 489 90 520 158 345 90 520 179 497 179 334 137 520 179 334 137 345 137 64 70 149 70 520 158 64 70 520 158 3 158 149 116 132 116 497 179 149 116 497 179 520 179 64 70 231 106 486 106 64 70 486 106 149 70 470 183 132 116 149 116 470 183 149 116 486 183 486 106 231 106 152 170 486 106 152 170 359 170 344 53 470 183 486 183 344 53 486 183 359 53 567 58 359 170 152 170 567 58 152 170 243 58 359 53 567 177 560 177 359 53 560 177 344 53 433 22 78 16 419 2 419 2 78 16 418 16 419 2 418 16 561 2 561 2 418 16 99 16 561 2 99 16 161 22 561 2 161 22 573 22 78 16 433 22 346 22 561 48 573 80 238 80 561 48 238 80 253 48 567 58 243 58 107 96 567 58 107 96 213 96 89 160 213 96 107 96 89 160 107 96 23 160 89 160 23 160 551 63 89 160 551 63 428 63 418 117 78 178 89 178 418 117 89 178 428 117 428 63 551 63 321 102 428 63 321 102 106 102 106 182 99 182 418 117 106 182 418 117 428 117 424 168 203 168 106 102 424 168 106 102 321 102 307 54 36 54 203 168 307 54 203 168 424 168 419 2 561 2 550 26 419 2 550 26 403 26 550 30 561 48 253 48 550 30 253 48 264 30 292 46 403 26 550 26 292 46 550 26 427 46 264 30 201 10 427 10 264 30 427 10 550 30 429 6 274 6 225 6 429 6 225 6 277 6 429 6 277 6 437 6 429 6 437 6 70 6 429 6 70 6 233 6 429 6 233 6 391 6 429 6 391 6 438 6 429 6 438 6 383 6 429 6 383 6 227 6 429 6 227 6 63 6 233 42 70 0 120 0 233 42 120 0 295 42 70 0 437 36 515 36 70 0 515 36 120 0 437 36 277 92 351 92 437 36 351 92 515 36 277 92 225 116 287 116 277 92 287 116 351 92 225 116 274 95 343 95 225 116 343 95 287 116 274 95 429 43 506 43 274 95 506 43 343 95 73 72 292 46 427 46 73 72 427 46 186 72 186 172 427 10 201 10 186 172 201 10 569 172 383 93 438 117 517 117 383 93 517 117 445 93 438 117 391 94 451 94 438 117 451 94 517 117 391 94 233 42 295 42 391 94 295 42 451 94 227 37 383 93 445 93 227 37 445 93 289 37 63 1 227 37 289 37 63 1 289 37 113 1 429 43 63 1 113 1 429 43 113 1 506 43 175 100 73 72 186 72 175 100 186 72 275 100 275 164 186 172 569 172 275 164 569 172 110 164 41 112 175 100 440 104 41 112 440 104 216 104 41 112 216 104 272 104 41 112 272 104 406 104 41 112 406 104 539 112 275 100 153 112 335 104 275 100 335 104 212 104 275 100 212 104 472 104 275 100 472 104 144 104 275 100 144 104 440 104 275 100 440 104 175 100 153 112 320 112 395 104 153 112 395 104 335 104 153 148 275 164 110 164 153 148 110 164 562 148 272 177 353 177 388 12 272 177 388 12 406 12 388 12 93 88 137 88 388 12 137 88 539 28 388 12 539 28 406 12 370 8 395 8 320 24 370 8 320 24 164 86 370 8 164 86 109 86 395 8 370 8 405 176 395 8 405 176 335 176 211 180 83 44 378 44 211 180 378 44 405 180 335 176 405 176 378 13 335 176 378 13 212 13 115 144 378 44 83 44 115 144 83 44 350 144 115 89 472 89 212 13 115 89 212 13 378 13 496 62 389 62 115 144 496 62 115 144 350 144 389 0 144 0 472 89 389 0 472 89 115 89 496 62 52 126 101 126 496 62 101 126 389 62 440 87 144 0 389 0 440 87 389 0 101 87 304 18 393 18 101 126 304 18 101 126 52 126 216 9 440 87 101 87 216 9 101 87 393 9 304 18 162 154 353 154 304 18 353 154 393 18 353 177 272 177 216 9 353 177 216 9 393 9 269 120 165 120 137 122 269 120 137 122 443 122 269 120 443 122 164 122 269 120 164 122 320 112 269 120 320 112 153 112 165 120 41 112 539 112 165 120 539 112 137 122 269 146 153 148 562 148 269 146 562 148 114 146 162 154 296 20 388 20 162 154 388 20 353 154 296 20 46 128 93 128 296 20 93 128 388 20 93 128 46 128 481 70 93 128 481 70 377 70 443 1 137 88 93 88 443 1 93 88 377 1 377 70 481 70 339 140 377 70 339 140 109 140 109 86 164 86 443 1 109 86 443 1 377 1 109 140 339 140 80 38 109 140 80 38 370 38 370 38 80 38 211 180 370 38 211 180 405 180 165 120 269 120 129 110 165 120 129 110 17 110 114 146 540 150 129 150 114 146 129 150 269 146 133 98 17 110 129 110 133 98 129 110 234 98 540 150 75 166 234 166 540 150 234 166 129 150 498 6 68 6 232 6 498 6 232 6 441 6 498 6 441 6 19 6 498 6 19 6 69 6 498 6 69 6 14 6 498 6 14 6 431 6 498 6 431 6 222 6 498 6 222 6 62 6 498 6 62 6 494 6 498 6 494 6 430 6 14 93 69 117 119 117 14 93 119 117 77 93 69 117 19 94 81 94 69 117 81 94 119 117 19 94 441 42 522 42 19 94 522 42 81 94 441 42 232 0 293 0 441 42 293 0 522 42 232 0 68 36 118 36 232 0 118 36 293 0 68 36 498 92 566 92 68 36 566 92 118 36 12 64 133 98 234 98 12 64 234 98 124 64 75 166 500 174 124 174 75 166 124 174 234 166 431 37 14 93 77 93 431 37 77 93 509 37 498 92 430 116 507 116 498 92 507 116 566 92 430 116 494 95 564 95 430 116 564 95 507 116 222 1 431 37 509 37 222 1 509 37 285 1 494 95 62 43 111 43 494 95 111 43 564 95 62 43 222 1 285 1 62 43 285 1 111 43 </p>
        </triangles>
      </mesh>
    </geometry>
    <geometry id="_4582608_EAMM-A-V10000030_0-con">
      <convex_mesh convex_hull_of="#_4582608_EAMM-A-V10000030_0-obj"/>
    </geometry>
    <geometry id="_ISO-4762_M3x1010000031_0-obj" name="_ISO-4762_M3x10">
      <mesh>
        <source id="_ISO-4762_M3x1010000031_0-vertex">
          <float_array id="_ISO-4762_M3x1010000031_0-vertex-array" count="831">-15.5 -33.0217 15.5 -15.8235 -32.3 14.2926 -14.2325 -34 17.6954 -16.7675 -34 13.3046 -16.5607 -43.6935 14.4393 -13.1335 -31 16.1341 -14.75 -43.6935 16.799 -14.275 -31 13.3782 -14.7882 -31.3 12.8437 -17.9486 -34 14.8439 -13.0514 -34 16.1561 -14.6561 -44 16.3439 -14.7882 -33.785 12.8437 -16.2118 -33.785 18.1563 -14.25 -31.1309 15.8349 -17.8665 -31 14.8659 -16.2118 -31.3 18.1563 -16.725 -31 17.6218 -14.6561 -44 14.6561 -16.5607 -34.51 14.4393 -15.8089 -44 14.3472 -14.4393 -34.51 16.5607 -14.4924 -31 14.4924 -15.5 -34 17.3 -15.5 -34 13.7 -16.75 -31.1309 15.1651 -16.6528 -44 15.1911 -14.9032 -44 14.4664 -14.8659 -31 13.1335 -16.5076 -31 16.5076 -16.9489 -43.6935 15.1118 -14.4393 -43.6935 16.5607 -16.1341 -31 17.8665 -13.1184 -31.3 14.125 -15.1651 -31.1309 14.25 -16.9489 -34.51 15.1118 -13.1184 -33.785 14.125 -14.0511 -34.51 15.8882 -17.8816 -33.785 16.875 -15.1911 -44 16.6528 -14.2912 -31 14.7545 -17.8816 -31.3 16.875 -14.1236 -31 15.1312 -17.6954 -34 14.2325 -13.3046 -34 16.7675 -14.7875 -31 14.2659 -15.8349 -31.1309 16.75 -13.3782 -31 14.275 -14.3472 -44 15.8089 -14.8659 -31 17.8665 -16.7088 -31 16.2455 -16.8764 -31 15.8688 -14.0511 -43.6935 15.8882 -16.2125 -31 16.7341 -17.6218 -31 16.725 -14.5849 -31.1309 16.4151 -14.25 -31.175 15.5 -16.1341 -31 13.1335 -14.25 -32.3 15.5 -14.2912 -31 16.2455 -16.75 -32.3 15.5 -16.4151 -31.1309 14.5849 -16.75 -31.175 15.5 -13.7075 -34 17.2925 -17.2925 -34 13.7075 -16.5607 -43.6935 16.5607 -15.1312 -31 14.1236 -16.7088 -31 14.7545 -14.125 -31.3 13.1184 -15.4588 -31 14.0804 -15.8688 -31 16.8764 -15.0341 -34 17.2387 -15.9659 -34 13.7613 -14.125 -33.785 13.1184 -16.875 -33.785 17.8816 -16.5607 -34.51 16.5607 -14.4393 -34.51 14.4393 -16.5336 -44 16.0968 -14.5849 -31.1309 14.5849 -16.875 -31.3 17.8816 -14.6161 -32.3 16.3839 -15.5412 -31 16.9196 -17.2387 -34 15.9659 -13.7613 -34 15.0341 -16.3839 -32.3 14.6161 -16.4151 -31.1309 16.4151 -14.4175 -32.3 14.875 -14.4393 -43.6935 14.4393 -14.125 -31.3 17.8816 -14.275 -31 17.6218 -16.7728 -34 16.7728 -14.2272 -34 14.2272 -16.5825 -32.3 16.125 -14.125 -33.785 17.8816 -14.875 -31.175 16.5825 -16.875 -33.785 13.1184 -15.1765 -32.3 14.2926 -14.875 -32.3 16.5825 -14.6161 -32.3 14.6161 -15.5 -31 13.05 -14.25 -31.1309 15.1651 -13.5555 -31.3 17.4445 -16.875 -31.3 13.1184 -14.2926 -32.3 15.8235 -16.6528 -44 15.8089 -16.725 -31 13.3782 -17 -43.6935 15.5 -15.8235 -32.3 16.7074 -15.9659 -34 17.2387 -15.0341 -34 13.7613 -15.8089 -44 16.6528 -16.125 -32.3 14.4175 -13.5555 -33.785 17.4445 -16.3839 -32.3 16.3839 -17.4445 -33.785 13.5555 -17.2925 -34 17.2925 -13.7075 -34 13.7075 -16.125 -31.175 14.4175 -13.1184 -31.3 16.875 -16.7074 -32.3 15.1765 -16.25 -43.6935 16.799 -14.4664 -44 14.9032 -15.5 -31 17.95 -17.4445 -31.3 13.5555 -16.75 -31.1309 15.8349 -13.05 -31 15.5 -13.1184 -33.785 16.875 -15.8882 -43.6935 16.9489 -17.8816 -33.785 14.125 -17.8816 -31.3 14.125 -16.1561 -34 17.9486 -14.8439 -34 13.0514 -12.8437 -31.3 14.7882 -15.5 -34 18.035 -15.5 -34 12.965 -17 -34.51 15.5 -14.8439 -34 17.9486 -16.1561 -34 13.0514 -17.95 -31 15.5 -14 -34.51 15.5 -12.8437 -33.785 14.7882 -18.1563 -33.785 16.2118 -16.25 -34.51 16.799 -14.75 -34.51 14.201 -15.8882 -34.51 16.9489 -18.1563 -31.3 16.2118 -15.1118 -34.51 14.0511 -17.0588 -34 14.6 -13.9412 -34 16.4 -16.9489 -43.6935 15.8882 -14 -43.6935 15.5 -14.3472 -44 15.1911 -15.1911 -44 14.3472 -14.75 -43.6935 14.201 -15.4588 -31 16.9196 -15.1118 -43.6935 14.0511 -15.1312 -31 16.8764 -16.5336 -44 14.9032 -15.5 -31.3 12.75 -13.7676 -31 17.2324 -15.1651 -31.1309 16.75 -16.9489 -34.51 15.8882 -15.5 -44 16.6935 -15.5412 -31 14.0804 -14.0511 -34.51 15.1118 -12.8437 -31.3 16.2118 -15.5 -33.785 12.75 -15.5 -33.785 18.25 -14.4175 -32.3 16.125 -16.799 -43.6935 16.25 -14.25 -31 14.8259 -15.8688 -31 14.1236 -12.8437 -33.785 16.2118 -17.0588 -34 16.4 -13.9412 -34 14.6 -18.1563 -33.785 14.7882 -15.5 -31.3 18.25 -15.8349 -31.1309 14.25 -17.2324 -31 13.7676 -16.5825 -32.3 14.875 -16.7675 -34 17.6954 -14.2325 -34 13.3046 -18.1563 -31.3 14.7882 -14.7875 -31 16.7341 -14.25 -31 14.7783 -16.75 -31 16.1741 -14.25 -32.3 14.7783 -18.035 -34 15.5 -12.965 -34 15.5 -14.0511 -43.6935 15.1118 -16.0968 -44 14.4664 -13.3782 -31 16.725 -16.799 -34.51 16.25 -16.75 -32.3 16.2217 -14.201 -34.51 14.75 -15.8882 -43.6935 14.0511 -15.5 -32.3 14.25 -16.2125 -31 14.2659 -16.75 -31 16.2217 -14.1236 -31 15.8688 -17.6954 -34 16.7675 -13.3046 -34 14.2325 -16.799 -43.6935 14.75 -17.6218 -31 14.275 -15.5 -32.3 16.75 -13.7676 -31 13.7676 -14.4664 -44 16.0968 -16.6935 -44 15.5 -15.5 -44 14.3065 -14.875 -31.175 14.4175 -14.875 -32.3 14.4175 -14.201 -43.6935 14.75 -14.7882 -31.3 18.1563 -16.8764 -31 15.1312 -15.8882 -34.51 14.0511 -13.1335 -31 14.8659 -17.2324 -31 17.2324 -15.1118 -34.51 16.9489 -16.125 -32.3 16.5825 -14.7882 -33.785 18.1563 -16.2118 -33.785 12.8437 -16.125 -31.175 16.5825 -16.799 -34.51 14.75 -12.75 -31.3 15.5 -14.201 -34.51 16.25 -14.25 -31 16.2217 -17.2387 -34 15.0341 -13.7613 -34 15.9659 -16.2118 -31.3 12.8437 -14.25 -32.3 16.2217 -12.75 -33.785 15.5 -17.8665 -31 16.1341 -18.25 -33.785 15.5 -17.9486 -34 16.1561 -13.0514 -34 14.8439 -14.9032 -44 16.5336 -13.5555 -31.3 13.5555 -15.5 -43.6935 17 -15.5 -31 14.0566 -18.25 -31.3 15.5 -17.3 -34 15.5 -13.7 -34 15.5 -16.75 -32.3 14.7783 -14.25 -31 16.1741 -14.4924 -31 16.5076 -15.1118 -43.6935 16.9489 -15.5 -32.3 14.0566 -13.5555 -33.785 13.5555 -16.75 -31 14.7783 -17.4445 -33.785 17.4445 -14.2926 -32.3 15.1765 -16.4 -34 17.0588 -14.6 -34 13.9412 -14.201 -43.6935 16.25 -17.4445 -31.3 17.4445 -15.5 -32.3 16.9434 -15.5 -31 16.9434 -16.75 -31 14.8259 -16.7074 -32.3 15.8235 -16.5076 -31 14.4924 -14.3065 -44 15.5 -16.7728 -34 14.2272 -14.2272 -34 16.7728 -15.5 -34.51 17 -15.5 -34.51 14 -16.25 -43.6935 14.201 -16.3439 -44 14.6561 -14.075 -31 15.5 -16.3439 -44 16.3439 -15.5 -43.6935 14 -14.6 -34 17.0588 -16.4 -34 13.9412 -16.25 -34.51 14.201 -14.75 -34.51 16.799 -16.0968 -44 16.5336 -16.925 -31 15.5 -15.1765 -32.3 16.7074 </float_array>
          <technique_common>
            <accessor source="#_ISO-4762_M3x1010000031_0-vertex-array" count="277" stride="3">
              <param name="X" type="float"/>
              <param name="Y" type="float"/>
              <param name="Z" type="float"/>
            </accessor>
          </technique_common>
        </source>
        <source id="_ISO-4762_M3x1010000031_0-normal">
          <float_array id="_ISO-4762_M3x1010000031_0-normal-array" count="423">0.609736 -0.704063 0.352031 -0.609736 0.704063 -0.352031 -0.741697 -0.503787 -0.428219 3.72529e-09 0.864155 -1.24176e-09 0 -1 0 0 1 0 0.741697 -0.503787 0.428219 -0.221662 -0.503787 -0.827255 0.221662 -0.503787 0.827255 -0.221662 -0.503787 0.827255 1 0 0 -1 0 0 0.221662 -0.503787 -0.827255 0.5 0 -0.866025 -0.5 0 0.866025 0.256605 0 0.957662 -0.256605 0 -0.957662 0.497847 0.704063 0.497847 -0.497847 -0.704063 -0.497847 0.0926916 0.704063 -0.704063 0.497847 -0.704063 0.497847 -0.497847 0.704063 -0.497847 -0.0926916 0.704063 0.704063 0.858616 0 0.495722 -0.858616 0 -0.495722 0.352031 0.704063 0.609736 -0.352031 -0.704063 -0.609736 0.352031 -0.704063 0.609736 -0.352031 0.704063 -0.609736 0.56339 0.704063 0.432305 -0.56339 0.704063 -0.432305 0.12913 0.864155 -0.48192 -0.12913 0.864155 0.48192 0.656082 0.704063 -0.271758 -0.656082 0.704063 0.271758 0.432078 0.864155 0.24946 -0.701057 0 0.701057 0.701057 0 -0.701057 0.0926916 0.704063 0.704063 -0.432078 0.864155 -0.24946 -0.0926916 0.704063 -0.704063 -0.256605 0 0.957662 0.256605 0 -0.957662 -0.856438 -0.503787 0 0.856438 -0.503787 0 0.957662 0 0.256605 -0.957662 0 -0.256605 0 0.864155 -0.49892 0 0.864155 0.49892 0.35279 0.864155 0.35279 -0.35279 0.864155 -0.35279 -0.605593 -0.503787 0.605593 0.48192 0.864155 0.12913 0.605593 -0.503787 -0.605593 -0.48192 0.864155 -0.12913 -0.827255 -0.503787 -0.221662 0.827255 -0.503787 0.221662 0.701057 0 0.701057 -0.701057 0 -0.701057 0.680072 0.704063 0.182225 -0.680072 -0.704063 -0.182225 0.680072 -0.704063 0.182225 -0.680072 0.704063 -0.182225 0 -0.704063 0.704063 0 0.704063 -0.704063 -0.609736 -0.704063 0.352031 0.609736 0.704063 -0.352031 0 0.704063 0.704063 0 -0.704063 -0.704063 -0.609736 0.704063 0.352031 0.609736 -0.704063 -0.352031 0.49892 0.864155 0 -0.49892 0.864155 0 0.24946 0.864155 -0.432078 0.48192 0.864155 -0.12913 -0.24946 0.864155 0.432078 -0.48192 0.864155 0.12913 0.991445 0 0 -0.991445 0 0 0.432078 0.864155 -0.24946 0 -0.503787 0.856438 0 -0.503787 -0.856438 -0.741697 -0.503787 0.428219 -0.432078 0.864155 0.24946 -0.182225 -0.704063 0.680072 0.182225 0.704063 -0.680072 0.741697 -0.503787 -0.428219 -0.182225 0.704063 0.680072 0.182225 -0.704063 -0.680072 0.12913 0.864155 0.48192 -0.428219 -0.503787 0.741697 -0.605593 -0.503787 -0.605593 0.428219 -0.503787 -0.741697 -0.12913 0.864155 -0.48192 0.605593 -0.503787 0.605593 0 0 0.991445 0 0 -0.991445 -0.957662 0 0.256605 0.957662 0 -0.256605 -0.680072 -0.704063 0.182225 0.680072 0.704063 -0.182225 -0.680072 0.704063 0.182225 0.680072 -0.704063 -0.182225 -0.827255 -0.503787 0.221662 0.827255 -0.503787 -0.221662 0.56339 0.704063 -0.432305 -0.56339 0.704063 0.432305 -0.428219 -0.503787 -0.741697 -0.497847 -0.704063 0.497847 0.497847 0.704063 -0.497847 0.428219 -0.503787 0.741697 -0.497847 0.704063 0.497847 0.497847 -0.704063 -0.497847 0.182225 0.704063 0.680072 -0.182225 -0.704063 -0.680072 -0.858616 0 0.495722 0.858616 0 -0.495722 0.182225 -0.704063 0.680072 -0.182225 0.704063 -0.680072 0.495722 0 0.858616 -0.495722 0 -0.858616 0.35279 0.864155 -0.35279 -0.35279 0.864155 0.35279 -0.495722 0 0.858616 0.495722 0 -0.858616 -0.352031 -0.704063 0.609736 0.352031 0.704063 -0.609736 -0.352031 0.704063 0.609736 0.352031 -0.704063 -0.609736 0.656082 0.704063 0.271758 -0.656082 0.704063 -0.271758 0.24946 0.864155 0.432078 -0.24946 0.864155 -0.432078 0.704063 0.704063 0 -0.704063 -0.704063 0 0.704063 -0.704063 0 -0.704063 0.704063 0 -0.5 0 -0.866025 0.5 0 0.866025 0.609736 0.704063 0.352031 -0.609736 -0.704063 -0.352031 </float_array>
          <technique_common>
            <accessor source="#_ISO-4762_M3x1010000031_0-normal-array" count="141" stride="3">
              <param name="X" type="float"/>
              <param name="Y" type="float"/>
              <param name="Z" type="float"/>
            </accessor>
          </technique_common>
        </source>
        <vertices id="_ISO-4762_M3x1010000031_0-vertex-obj">
          <input semantic="POSITION" source="#_ISO-4762_M3x1010000031_0-vertex"/>
        </vertices>
        <triangles material="Nr10000031_0Mat0" count="550">
          <input semantic="VERTEX" source="#_ISO-4762_M3x1010000031_0-vertex-obj" offset="0"/>
          <input semantic="NORMAL" source="#_ISO-4762_M3x1010000031_0-normal" offset="1"/>
          <p>99 5 57 5 28 5 28 5 57 5 105 5 28 5 105 5 7 5 7 5 105 5 178 5 7 5 178 5 205 5 205 5 178 5 238 5 205 5 238 5 69 5 178 5 203 5 197 5 178 5 197 5 171 5 178 5 171 5 163 5 178 5 163 5 238 5 203 5 15 5 257 5 203 5 257 5 248 5 203 5 248 5 67 5 203 5 67 5 259 5 203 5 259 5 197 5 198 5 185 5 231 5 231 5 185 5 51 5 231 5 51 5 138 5 138 5 51 5 275 5 138 5 275 5 15 5 15 5 275 5 213 5 15 5 213 5 257 5 70 5 53 5 54 5 54 5 53 5 29 5 54 5 29 5 231 5 231 5 29 5 50 5 231 5 50 5 198 5 159 5 191 5 216 5 216 5 191 5 256 5 216 5 256 5 54 5 54 5 256 5 81 5 54 5 81 5 70 5 69 5 66 5 205 5 205 5 66 5 45 5 205 5 45 5 47 5 47 5 45 5 22 5 47 5 22 5 40 5 40 5 184 5 47 5 47 5 184 5 170 5 47 5 170 5 215 5 215 5 170 5 42 5 215 5 42 5 125 5 125 5 42 5 267 5 125 5 267 5 199 5 5 5 125 5 199 5 5 5 199 5 243 5 5 5 243 5 225 5 5 5 225 5 59 5 5 5 59 5 244 5 5 5 244 5 191 5 191 5 244 5 183 5 191 5 183 5 156 5 191 5 156 5 154 5 191 5 154 5 256 5 122 5 49 5 32 5 32 5 49 5 89 5 32 5 89 5 17 5 17 5 89 5 159 5 17 5 159 5 216 5 39 4 162 4 110 4 39 4 110 4 274 4 39 4 274 4 268 4 39 4 268 4 77 4 39 4 77 4 104 4 39 4 104 4 207 4 39 4 207 4 26 4 39 4 26 4 157 4 39 4 157 4 266 4 39 4 266 4 190 4 39 4 190 4 20 4 39 4 20 4 208 4 39 4 208 4 152 4 39 4 152 4 27 4 39 4 27 4 18 4 39 4 18 4 121 4 39 4 121 4 151 4 39 4 151 4 260 4 39 4 260 4 48 4 39 4 48 4 206 4 39 4 206 4 11 4 39 4 11 4 235 4 134 4 131 4 137 4 137 4 131 4 181 4 137 4 181 4 3 4 3 4 181 4 24 4 3 4 24 4 64 4 64 4 24 4 72 4 64 4 72 4 271 4 116 4 201 4 91 4 116 4 91 4 252 4 116 4 252 4 109 4 116 4 109 4 24 4 116 4 24 4 181 4 227 4 241 4 188 4 188 4 241 4 83 4 188 4 83 4 234 4 234 4 83 4 174 4 234 4 174 4 201 4 201 4 174 4 91 4 270 4 262 4 44 4 44 4 262 4 148 4 44 4 148 4 10 4 10 4 148 4 227 4 10 4 227 4 188 4 180 4 115 4 2 4 2 4 115 4 23 4 2 4 23 4 63 4 63 4 23 4 71 4 63 4 71 4 44 4 44 4 71 4 270 4 226 4 9 4 147 4 147 4 9 4 43 4 147 4 43 4 261 4 261 4 43 4 64 4 261 4 64 4 271 4 90 4 200 4 173 4 173 4 200 4 233 4 173 4 233 4 82 4 82 4 233 4 187 4 82 4 187 4 240 4 240 4 187 4 9 4 240 4 9 4 226 4 23 4 115 4 108 4 108 4 115 4 200 4 108 4 200 4 251 4 251 4 200 4 90 4 136 4 133 4 130 4 136 4 130 4 180 4 136 4 180 4 2 4 232 78 239 78 182 46 232 78 182 46 175 46 187 134 232 134 175 60 187 134 175 60 9 60 182 62 239 136 138 136 182 62 138 136 15 62 213 59 275 133 62 133 213 59 62 133 25 59 242 5 60 5 119 5 242 5 119 5 179 5 242 5 179 5 84 5 242 5 84 5 111 5 119 52 60 71 0 3 106 78 135 78 35 46 106 78 35 46 30 46 207 134 106 134 30 60 207 134 30 60 26 60 35 55 135 43 240 43 35 55 240 43 226 55 175 46 182 46 129 24 175 46 129 24 128 24 43 140 9 60 175 60 43 140 175 60 128 140 182 62 15 62 203 1 182 62 203 1 129 1 213 59 25 59 257 129 119 52 0 3 179 35 30 46 35 46 222 24 30 46 222 24 202 24 157 140 26 60 30 60 157 140 30 60 202 140 222 2 35 55 226 55 222 2 226 55 147 2 128 24 129 24 123 58 128 24 123 58 114 58 64 18 43 140 128 140 64 18 128 140 114 18 129 1 203 1 178 21 129 1 178 21 123 21 259 17 67 29 61 17 111 138 246 138 238 138 111 138 238 138 163 138 111 138 163 138 177 138 111 138 177 138 117 138 111 138 117 138 61 138 111 138 61 138 67 138 111 138 67 138 248 138 111 138 248 138 242 138 179 35 0 3 84 49 202 24 222 24 19 58 202 24 19 58 4 58 266 18 157 140 202 140 266 18 202 140 4 18 222 2 147 2 261 91 222 2 261 91 19 91 114 58 123 58 102 120 114 58 102 120 95 120 64 18 114 18 95 26 64 18 95 26 3 26 102 28 123 21 178 21 102 28 178 21 105 28 197 25 259 17 61 17 197 25 61 17 117 25 111 131 84 49 0 3 4 58 19 58 272 120 4 58 272 120 265 120 266 18 4 18 265 26 266 18 265 26 190 26 19 91 261 91 271 107 19 91 271 107 272 107 95 120 102 120 228 16 95 120 228 16 220 16 3 26 95 26 220 114 3 26 220 114 137 114 228 118 102 28 105 28 228 118 105 28 57 118 171 113 197 25 117 25 171 113 117 25 177 113 246 5 111 5 1 5 246 5 1 5 196 5 246 5 196 5 96 5 246 5 96 5 210 5 1 89 111 131 0 3 265 120 272 120 214 16 265 120 214 16 195 16 190 26 265 26 195 114 190 26 195 114 20 114 272 107 271 107 72 7 272 107 72 7 214 7 220 16 228 16 158 96 220 16 158 96 166 96 137 114 220 114 166 68 137 114 166 68 134 68 158 64 228 118 57 118 158 64 57 118 99 64 163 38 171 113 177 113 196 48 1 89 0 3 195 16 214 16 264 96 195 16 264 96 269 96 20 114 195 114 269 68 20 114 269 68 208 68 214 7 72 7 24 81 214 7 24 81 264 81 166 96 158 96 8 42 166 96 8 42 12 42 134 68 166 68 12 88 134 68 12 88 131 88 8 85 158 64 99 64 8 85 99 64 28 85 66 87 69 22 34 87 186 14 184 14 40 14 186 14 40 14 78 14 186 14 78 14 209 14 186 14 209 14 210 14 210 14 209 14 34 14 210 14 34 14 69 14 210 14 69 14 238 14 210 14 238 14 246 14 196 48 0 3 96 32 269 96 264 96 146 42 269 96 146 42 155 42 208 68 269 68 155 88 208 68 155 88 152 88 146 12 264 81 24 81 146 12 24 81 109 12 12 42 8 42 68 124 12 42 68 124 73 124 181 128 131 88 12 88 181 128 12 88 73 128 8 85 28 85 7 126 8 85 7 126 68 126 66 87 34 87 209 127 66 87 209 127 45 127 96 32 0 3 210 75 155 42 146 42 143 124 155 42 143 124 153 124 27 128 152 88 155 88 27 128 155 88 153 128 143 92 146 12 109 12 143 92 109 12 252 92 73 124 68 124 236 37 73 124 236 37 247 37 116 112 181 128 73 128 116 112 73 128 247 112 68 126 7 126 205 109 68 126 205 109 236 109 45 127 209 127 78 111 45 127 78 111 22 111 186 5 210 5 98 5 186 5 98 5 86 5 186 5 86 5 250 5 186 5 250 5 58 5 210 75 0 3 98 122 153 124 143 124 76 37 153 124 76 37 87 37 18 112 27 128 153 128 18 112 153 128 87 112 143 92 252 92 91 53 143 92 91 53 76 53 247 37 236 37 33 116 247 37 33 116 36 116 36 70 201 70 116 112 36 70 116 112 247 112 205 109 47 66 33 66 205 109 33 66 236 109 78 111 40 106 22 111 98 122 0 3 86 83 87 37 76 37 194 116 87 37 194 116 211 116 211 70 121 70 18 112 211 70 18 112 87 112 76 53 91 53 174 86 76 53 174 86 194 86 36 116 33 116 132 98 36 116 132 98 140 98 140 102 234 102 201 70 140 102 201 70 36 70 47 66 215 100 132 100 47 66 132 100 33 66 170 34 100 101 42 101 58 11 229 11 225 11 58 11 225 11 243 11 58 11 243 11 14 11 58 11 14 11 56 11 58 11 56 11 100 11 58 11 100 11 170 11 58 11 170 11 184 11 58 11 184 11 186 11 86 83 0 3 250 76 211 116 194 116 164 98 211 116 164 98 189 98 189 102 151 102 121 70 189 102 121 70 211 70 83 104 164 104 194 86 83 104 194 86 174 86 140 98 132 98 223 77 140 98 223 77 230 77 230 135 188 135 234 102 230 135 234 102 140 102 125 133 223 133 132 100 125 133 132 100 215 100 100 101 56 136 267 136 100 101 267 136 42 101 250 76 0 3 58 72 189 98 164 98 139 77 189 98 139 77 150 77 189 102 150 135 260 135 189 102 260 135 151 102 241 44 139 44 164 104 241 44 164 104 83 104 230 77 223 77 165 45 230 77 165 45 172 45 230 135 172 61 10 61 230 135 10 61 188 135 5 59 165 59 223 133 5 59 223 133 125 133 14 62 199 62 267 136 14 62 267 136 56 136 229 5 58 5 103 5 229 5 103 5 168 5 229 5 168 5 80 5 229 5 80 5 97 5 0 3 103 54 58 72 150 77 139 77 37 45 150 77 37 45 52 45 150 135 52 61 48 61 150 135 48 61 260 135 241 44 227 56 37 56 241 44 37 56 139 44 172 45 165 45 118 23 172 45 118 23 126 23 172 61 126 0 44 0 172 61 44 0 10 61 191 139 118 139 165 59 191 139 165 59 5 59 14 62 243 130 199 62 0 3 168 39 103 54 52 45 37 45 224 23 52 45 224 23 253 23 52 61 253 0 206 0 52 61 206 0 48 61 227 56 148 6 224 6 227 56 224 6 37 56 126 23 118 23 101 57 126 23 101 57 112 57 126 0 112 20 63 20 126 0 63 20 44 0 159 17 101 17 118 139 159 17 118 139 191 139 55 21 244 21 59 30 97 137 255 137 256 137 97 137 256 137 154 137 97 137 154 137 160 137 97 137 160 137 94 137 97 137 94 137 55 137 97 137 55 137 59 137 97 137 59 137 225 137 97 137 225 137 229 137 0 3 80 50 168 39 253 23 224 23 21 57 253 23 21 57 31 57 253 0 31 20 11 20 253 0 11 20 206 0 224 6 148 6 262 94 224 6 262 94 21 94 112 57 101 57 88 119 112 57 88 119 93 119 93 27 2 27 63 20 93 27 63 20 112 20 159 17 89 25 88 25 159 17 88 25 101 17 55 21 94 28 183 28 55 21 183 28 244 21 80 50 0 3 97 132 31 57 21 57 273 119 31 57 273 119 6 119 6 27 235 27 11 20 6 27 11 20 31 20 21 94 262 94 270 110 21 94 270 110 273 110 93 119 88 119 212 15 93 119 212 15 219 15 219 117 136 117 2 27 219 117 2 27 93 27 89 25 49 113 212 113 89 25 212 113 88 25 94 28 160 118 156 118 94 28 156 118 183 28 255 5 97 5 276 5 255 5 276 5 204 5 255 5 204 5 107 5 255 5 107 5 218 5 97 132 0 3 276 93 6 119 273 119 217 15 6 119 217 15 245 15 245 117 39 117 235 27 245 117 235 27 6 27 71 8 217 8 273 110 71 8 273 110 270 110 219 15 212 15 176 95 219 15 176 95 167 95 167 63 133 63 136 117 167 63 136 117 219 117 49 113 122 67 176 67 49 113 176 67 212 113 160 118 154 40 156 118 276 93 0 3 204 47 245 15 217 15 263 95 245 15 263 95 237 95 237 63 162 63 39 117 237 63 39 117 245 117 23 80 263 80 217 8 23 80 217 8 71 8 167 95 176 95 16 41 167 95 16 41 13 41 167 63 13 84 130 84 167 63 130 84 133 63 32 87 16 87 176 67 32 87 176 67 122 67 46 85 70 85 81 19 85 13 221 13 218 13 218 13 221 13 46 13 218 13 46 13 255 13 255 13 46 13 81 13 255 13 81 13 256 13 50 13 85 13 218 13 50 13 218 13 193 13 50 13 193 13 198 13 0 3 107 31 204 47 237 95 263 95 144 41 237 95 144 41 127 41 237 63 127 84 110 84 237 63 110 84 162 63 23 80 108 9 144 9 23 80 144 9 263 80 13 41 16 41 79 123 13 41 79 123 74 123 13 84 74 125 180 125 13 84 180 125 130 84 17 127 79 127 16 87 17 127 16 87 32 87 221 126 53 126 70 85 221 126 70 85 46 85 0 3 218 73 107 31 127 41 144 41 142 123 127 41 142 123 120 123 127 84 120 125 274 125 127 84 274 125 110 84 108 9 251 90 142 90 108 9 142 90 144 9 74 123 79 123 254 36 74 123 254 36 249 36 74 125 249 108 115 108 74 125 115 108 180 125 216 111 254 111 79 127 216 111 79 127 17 127 85 109 29 109 53 126 85 109 53 126 221 126 193 5 218 5 113 5 193 5 113 5 92 5 193 5 92 5 258 5 193 5 258 5 60 5 0 3 113 121 218 73 120 123 142 123 75 36 120 123 75 36 65 36 120 125 65 108 268 108 120 125 268 108 274 125 251 90 90 51 75 51 251 90 75 51 142 90 249 36 254 36 41 115 249 36 41 115 38 115 115 108 249 108 38 65 115 108 38 65 200 65 41 69 254 111 216 111 41 69 216 111 54 69 50 105 29 109 85 109 92 79 113 121 0 3 65 36 75 36 192 115 65 36 192 115 169 115 268 108 65 108 169 65 268 108 169 65 77 65 75 51 90 51 173 82 75 51 173 82 192 82 38 115 41 115 145 97 38 115 145 97 141 97 200 65 38 65 141 99 200 65 141 99 233 99 145 101 41 69 54 69 145 101 54 69 231 101 51 100 185 33 124 100 193 10 60 10 62 10 62 10 60 10 242 10 62 10 242 10 25 10 25 10 242 10 248 10 25 10 248 10 257 10 193 10 62 10 124 10 193 10 124 10 185 10 193 10 185 10 198 10 258 74 92 79 0 3 169 115 192 115 161 97 169 115 161 97 149 97 77 65 169 65 149 99 77 65 149 99 104 99 192 82 173 82 82 103 192 82 82 103 161 103 141 97 145 97 239 78 141 97 239 78 232 78 233 99 141 99 232 134 233 99 232 134 187 134 239 136 145 101 231 101 239 136 231 101 138 136 275 133 51 100 124 100 275 133 124 100 62 133 60 71 258 74 0 3 149 97 161 97 135 78 149 97 135 78 106 78 104 99 149 99 106 134 104 99 106 134 207 134 161 103 82 103 240 43 161 103 240 43 135 43 </p>
        </triangles>
      </mesh>
    </geometry>
    <geometry id="_ISO-4762_M3x1010000031_0-con">
      <convex_mesh convex_hull_of="#_ISO-4762_M3x1010000031_0-obj"/>
    </geometry>
    <geometry id="_ISO-4762_M3x1010000031_1-obj" name="_ISO-4762_M3x10">
      <mesh>
        <source id="_ISO-4762_M3x1010000031_1-vertex">
          <float_array id="_ISO-4762_M3x1010000031_1-vertex-array" count="831">15.5 -33.0217 15.5 15.1765 -32.3 14.2926 16.7675 -34 17.6954 14.2325 -34 13.3046 14.4393 -43.6935 14.4393 17.8665 -31 16.1341 16.25 -43.6935 16.799 16.725 -31 13.3782 16.2118 -31.3 12.8437 13.0514 -34 14.8439 17.9486 -34 16.1561 16.3439 -44 16.3439 16.2118 -33.785 12.8437 14.7882 -33.785 18.1563 16.75 -31.1309 15.8349 13.1335 -31 14.8659 14.7882 -31.3 18.1563 14.275 -31 17.6218 16.3439 -44 14.6561 14.4393 -34.51 14.4393 15.1911 -44 14.3472 16.5607 -34.51 16.5607 16.5076 -31 14.4924 15.5 -34 17.3 15.5 -34 13.7 14.25 -31.1309 15.1651 14.3472 -44 15.1911 16.0968 -44 14.4664 16.1341 -31 13.1335 14.4924 -31 16.5076 14.0511 -43.6935 15.1118 16.5607 -43.6935 16.5607 14.8659 -31 17.8665 17.8816 -31.3 14.125 15.8349 -31.1309 14.25 14.0511 -34.51 15.1118 17.8816 -33.785 14.125 16.9489 -34.51 15.8882 13.1184 -33.785 16.875 15.8089 -44 16.6528 16.7088 -31 14.7545 13.1184 -31.3 16.875 16.8764 -31 15.1312 13.3046 -34 14.2325 17.6954 -34 16.7675 16.2125 -31 14.2659 15.1651 -31.1309 16.75 17.6218 -31 14.275 16.6528 -44 15.8089 16.1341 -31 17.8665 14.2912 -31 16.2455 14.1236 -31 15.8688 16.9489 -43.6935 15.8882 14.7875 -31 16.7341 13.3782 -31 16.725 16.4151 -31.1309 16.4151 16.75 -31.175 15.5 14.8659 -31 13.1335 16.75 -32.3 15.5 16.7088 -31 16.2455 14.25 -32.3 15.5 14.5849 -31.1309 14.5849 14.25 -31.175 15.5 17.2925 -34 17.2925 13.7075 -34 13.7075 14.4393 -43.6935 16.5607 15.8688 -31 14.1236 14.2912 -31 14.7545 16.875 -31.3 13.1184 15.5412 -31 14.0804 15.1312 -31 16.8764 15.9659 -34 17.2387 15.0341 -34 13.7613 16.875 -33.785 13.1184 14.125 -33.785 17.8816 14.4393 -34.51 16.5607 16.5607 -34.51 14.4393 14.4664 -44 16.0968 16.4151 -31.1309 14.5849 14.125 -31.3 17.8816 16.3839 -32.3 16.3839 15.4588 -31 16.9196 13.7613 -34 15.9659 17.2387 -34 15.0341 14.6161 -32.3 14.6161 14.5849 -31.1309 16.4151 16.5825 -32.3 14.875 16.5607 -43.6935 14.4393 16.875 -31.3 17.8816 16.725 -31 17.6218 14.2272 -34 16.7728 16.7728 -34 14.2272 14.4175 -32.3 16.125 16.875 -33.785 17.8816 16.125 -31.175 16.5825 14.125 -33.785 13.1184 15.8235 -32.3 14.2926 16.125 -32.3 16.5825 16.3839 -32.3 14.6161 15.5 -31 13.05 16.75 -31.1309 15.1651 17.4445 -31.3 17.4445 14.125 -31.3 13.1184 16.7074 -32.3 15.8235 14.3472 -44 15.8089 14.275 -31 13.3782 14 -43.6935 15.5 15.1765 -32.3 16.7074 15.0341 -34 17.2387 15.9659 -34 13.7613 15.1911 -44 16.6528 14.875 -32.3 14.4175 17.4445 -33.785 17.4445 14.6161 -32.3 16.3839 13.5555 -33.785 13.5555 13.7075 -34 17.2925 17.2925 -34 13.7075 14.875 -31.175 14.4175 17.8816 -31.3 16.875 14.2926 -32.3 15.1765 14.75 -43.6935 16.799 16.5336 -44 14.9032 15.5 -31 17.95 13.5555 -31.3 13.5555 14.25 -31.1309 15.8349 17.95 -31 15.5 17.8816 -33.785 16.875 15.1118 -43.6935 16.9489 13.1184 -33.785 14.125 13.1184 -31.3 14.125 14.8439 -34 17.9486 16.1561 -34 13.0514 18.1563 -31.3 14.7882 15.5 -34 18.035 15.5 -34 12.965 14 -34.51 15.5 16.1561 -34 17.9486 14.8439 -34 13.0514 13.05 -31 15.5 17 -34.51 15.5 18.1563 -33.785 14.7882 12.8437 -33.785 16.2118 14.75 -34.51 16.799 16.25 -34.51 14.201 15.1118 -34.51 16.9489 12.8437 -31.3 16.2118 15.8882 -34.51 14.0511 13.9412 -34 14.6 17.0588 -34 16.4 14.0511 -43.6935 15.8882 17 -43.6935 15.5 16.6528 -44 15.1911 15.8089 -44 14.3472 16.25 -43.6935 14.201 15.5412 -31 16.9196 15.8882 -43.6935 14.0511 15.8688 -31 16.8764 14.4664 -44 14.9032 15.5 -31.3 12.75 17.2324 -31 17.2324 15.8349 -31.1309 16.75 14.0511 -34.51 15.8882 15.5 -44 16.6935 15.4588 -31 14.0804 16.9489 -34.51 15.1118 18.1563 -31.3 16.2118 15.5 -33.785 12.75 15.5 -33.785 18.25 16.5825 -32.3 16.125 14.201 -43.6935 16.25 16.75 -31 14.8259 15.1312 -31 14.1236 18.1563 -33.785 16.2118 13.9412 -34 16.4 17.0588 -34 14.6 12.8437 -33.785 14.7882 15.5 -31.3 18.25 15.1651 -31.1309 14.25 13.7676 -31 13.7676 14.4175 -32.3 14.875 14.2325 -34 17.6954 16.7675 -34 13.3046 12.8437 -31.3 14.7882 16.2125 -31 16.7341 16.75 -31 14.7783 14.25 -31 16.1741 16.75 -32.3 14.7783 12.965 -34 15.5 18.035 -34 15.5 16.9489 -43.6935 15.1118 14.9032 -44 14.4664 17.6218 -31 16.725 14.201 -34.51 16.25 14.25 -32.3 16.2217 16.799 -34.51 14.75 15.1118 -43.6935 14.0511 15.5 -32.3 14.25 14.7875 -31 14.2659 14.25 -31 16.2217 16.8764 -31 15.8688 13.3046 -34 16.7675 17.6954 -34 14.2325 14.201 -43.6935 14.75 13.3782 -31 14.275 15.5 -32.3 16.75 17.2324 -31 13.7676 16.5336 -44 16.0968 14.3065 -44 15.5 15.5 -44 14.3065 16.125 -31.175 14.4175 16.125 -32.3 14.4175 16.799 -43.6935 14.75 16.2118 -31.3 18.1563 14.1236 -31 15.1312 15.1118 -34.51 14.0511 17.8665 -31 14.8659 13.7676 -31 17.2324 15.8882 -34.51 16.9489 14.875 -32.3 16.5825 16.2118 -33.785 18.1563 14.7882 -33.785 12.8437 14.875 -31.175 16.5825 14.201 -34.51 14.75 18.25 -31.3 15.5 16.799 -34.51 16.25 16.75 -31 16.2217 13.7613 -34 15.0341 17.2387 -34 15.9659 14.7882 -31.3 12.8437 16.75 -32.3 16.2217 18.25 -33.785 15.5 13.1335 -31 16.1341 12.75 -33.785 15.5 13.0514 -34 16.1561 17.9486 -34 14.8439 16.0968 -44 16.5336 17.4445 -31.3 13.5555 15.5 -43.6935 17 15.5 -31 14.0566 12.75 -31.3 15.5 13.7 -34 15.5 17.3 -34 15.5 14.25 -32.3 14.7783 16.75 -31 16.1741 16.5076 -31 16.5076 15.8882 -43.6935 16.9489 15.5 -32.3 14.0566 17.4445 -33.785 13.5555 14.25 -31 14.7783 13.5555 -33.785 17.4445 16.7074 -32.3 15.1765 14.6 -34 17.0588 16.4 -34 13.9412 16.799 -43.6935 16.25 13.5555 -31.3 17.4445 15.5 -32.3 16.9434 15.5 -31 16.9434 14.25 -31 14.8259 14.2926 -32.3 15.8235 14.4924 -31 14.4924 16.6935 -44 15.5 14.2272 -34 14.2272 16.7728 -34 16.7728 15.5 -34.51 17 15.5 -34.51 14 14.75 -43.6935 14.201 14.6561 -44 14.6561 16.925 -31 15.5 14.6561 -44 16.3439 15.5 -43.6935 14 16.4 -34 17.0588 14.6 -34 13.9412 14.75 -34.51 14.201 16.25 -34.51 16.799 14.9032 -44 16.5336 14.075 -31 15.5 15.8235 -32.3 16.7074 </float_array>
          <technique_common>
            <accessor source="#_ISO-4762_M3x1010000031_1-vertex-array" count="277" stride="3">
              <param name="X" type="float"/>
              <param name="Y" type="float"/>
              <param name="Z" type="float"/>
            </accessor>
          </technique_common>
        </source>
        <source id="_ISO-4762_M3x1010000031_1-normal">
          <float_array id="_ISO-4762_M3x1010000031_1-normal-array" count="423">0.609736 -0.704063 0.352031 -0.609736 0.704063 -0.352031 -0.741697 -0.503787 -0.428219 3.72529e-09 0.864155 -1.24176e-09 0 -1 0 0 1 0 0.741697 -0.503787 0.428219 -0.221662 -0.503787 -0.827255 0.221662 -0.503787 0.827255 -0.221662 -0.503787 0.827255 1 0 0 -1 0 0 0.221662 -0.503787 -0.827255 0.5 0 -0.866025 -0.5 0 0.866025 0.256605 0 0.957662 -0.256605 0 -0.957662 0.497847 0.704063 0.497847 -0.497847 -0.704063 -0.497847 0.0926916 0.704063 -0.704063 0.497847 -0.704063 0.497847 -0.497847 0.704063 -0.497847 -0.0926916 0.704063 0.704063 0.858616 0 0.495722 -0.858616 0 -0.495722 0.352031 0.704063 0.609736 -0.352031 -0.704063 -0.609736 0.352031 -0.704063 0.609736 -0.352031 0.704063 -0.609736 0.56339 0.704063 0.432305 -0.56339 0.704063 -0.432305 0.12913 0.864155 -0.48192 -0.12913 0.864155 0.48192 0.656082 0.704063 -0.271758 -0.656082 0.704063 0.271758 0.432078 0.864155 0.24946 -0.701057 0 0.701057 0.701057 0 -0.701057 0.0926916 0.704063 0.704063 -0.432078 0.864155 -0.24946 -0.0926916 0.704063 -0.704063 -0.256605 0 0.957662 0.256605 0 -0.957662 -0.856438 -0.503787 0 0.856438 -0.503787 0 0.957662 0 0.256605 -0.957662 0 -0.256605 0 0.864155 -0.49892 0 0.864155 0.49892 0.35279 0.864155 0.35279 -0.35279 0.864155 -0.35279 -0.605593 -0.503787 0.605593 0.48192 0.864155 0.12913 0.605593 -0.503787 -0.605593 -0.48192 0.864155 -0.12913 -0.827255 -0.503787 -0.221662 0.827255 -0.503787 0.221662 0.701057 0 0.701057 -0.701057 0 -0.701057 0.680072 0.704063 0.182225 -0.680072 -0.704063 -0.182225 0.680072 -0.704063 0.182225 -0.680072 0.704063 -0.182225 0 -0.704063 0.704063 0 0.704063 -0.704063 -0.609736 -0.704063 0.352031 0.609736 0.704063 -0.352031 0 0.704063 0.704063 0 -0.704063 -0.704063 -0.609736 0.704063 0.352031 0.609736 -0.704063 -0.352031 0.49892 0.864155 0 -0.49892 0.864155 0 0.24946 0.864155 -0.432078 0.48192 0.864155 -0.12913 -0.24946 0.864155 0.432078 -0.48192 0.864155 0.12913 0.991445 0 0 -0.991445 0 0 0.432078 0.864155 -0.24946 0 -0.503787 0.856438 0 -0.503787 -0.856438 -0.741697 -0.503787 0.428219 -0.432078 0.864155 0.24946 -0.182225 -0.704063 0.680072 0.182225 0.704063 -0.680072 0.741697 -0.503787 -0.428219 -0.182225 0.704063 0.680072 0.182225 -0.704063 -0.680072 0.12913 0.864155 0.48192 -0.428219 -0.503787 0.741697 -0.605593 -0.503787 -0.605593 0.428219 -0.503787 -0.741697 -0.12913 0.864155 -0.48192 0.605593 -0.503787 0.605593 0 0 0.991445 0 0 -0.991445 -0.957662 0 0.256605 0.957662 0 -0.256605 -0.680072 -0.704063 0.182225 0.680072 0.704063 -0.182225 -0.680072 0.704063 0.182225 0.680072 -0.704063 -0.182225 -0.827255 -0.503787 0.221662 0.827255 -0.503787 -0.221662 0.56339 0.704063 -0.432305 -0.56339 0.704063 0.432305 -0.428219 -0.503787 -0.741697 -0.497847 -0.704063 0.497847 0.497847 0.704063 -0.497847 0.428219 -0.503787 0.741697 -0.497847 0.704063 0.497847 0.497847 -0.704063 -0.497847 0.182225 0.704063 0.680072 -0.182225 -0.704063 -0.680072 -0.858616 0 0.495722 0.858616 0 -0.495722 0.182225 -0.704063 0.680072 -0.182225 0.704063 -0.680072 0.495722 0 0.858616 -0.495722 0 -0.858616 0.35279 0.864155 -0.35279 -0.35279 0.864155 0.35279 -0.495722 0 0.858616 0.495722 0 -0.858616 -0.352031 -0.704063 0.609736 0.352031 0.704063 -0.609736 -0.352031 0.704063 0.609736 0.352031 -0.704063 -0.609736 0.656082 0.704063 0.271758 -0.656082 0.704063 -0.271758 0.24946 0.864155 0.432078 -0.24946 0.864155 -0.432078 0.704063 0.704063 0 -0.704063 -0.704063 0 0.704063 -0.704063 0 -0.704063 0.704063 0 -0.5 0 -0.866025 0.5 0 0.866025 0.609736 0.704063 0.352031 -0.609736 -0.704063 -0.352031 </float_array>
          <technique_common>
            <accessor source="#_ISO-4762_M3x1010000031_1-normal-array" count="141" stride="3">
              <param name="X" type="float"/>
              <param name="Y" type="float"/>
              <param name="Z" type="float"/>
            </accessor>
          </technique_common>
        </source>
        <vertices id="_ISO-4762_M3x1010000031_1-vertex-obj">
          <input semantic="POSITION" source="#_ISO-4762_M3x1010000031_1-vertex"/>
        </vertices>
        <triangles material="Nr10000031_1Mat0" count="550">
          <input semantic="VERTEX" source="#_ISO-4762_M3x1010000031_1-vertex-obj" offset="0"/>
          <input semantic="NORMAL" source="#_ISO-4762_M3x1010000031_1-normal" offset="1"/>
          <p>99 5 57 5 28 5 28 5 57 5 105 5 28 5 105 5 7 5 7 5 105 5 178 5 7 5 178 5 205 5 205 5 178 5 238 5 205 5 238 5 69 5 178 5 203 5 197 5 178 5 197 5 171 5 178 5 171 5 163 5 178 5 163 5 238 5 203 5 15 5 257 5 203 5 257 5 248 5 203 5 248 5 67 5 203 5 67 5 259 5 203 5 259 5 197 5 198 5 185 5 231 5 231 5 185 5 51 5 231 5 51 5 138 5 138 5 51 5 275 5 138 5 275 5 15 5 15 5 275 5 213 5 15 5 213 5 257 5 70 5 53 5 54 5 54 5 53 5 29 5 54 5 29 5 231 5 231 5 29 5 50 5 231 5 50 5 198 5 159 5 191 5 216 5 216 5 191 5 256 5 216 5 256 5 54 5 54 5 256 5 81 5 54 5 81 5 70 5 69 5 66 5 205 5 205 5 66 5 45 5 205 5 45 5 47 5 47 5 45 5 22 5 47 5 22 5 40 5 40 5 184 5 47 5 47 5 184 5 170 5 47 5 170 5 215 5 215 5 170 5 42 5 215 5 42 5 125 5 125 5 42 5 267 5 125 5 267 5 199 5 5 5 125 5 199 5 5 5 199 5 243 5 5 5 243 5 225 5 5 5 225 5 59 5 5 5 59 5 244 5 5 5 244 5 191 5 191 5 244 5 183 5 191 5 183 5 156 5 191 5 156 5 154 5 191 5 154 5 256 5 122 5 49 5 32 5 32 5 49 5 89 5 32 5 89 5 17 5 17 5 89 5 159 5 17 5 159 5 216 5 39 4 162 4 110 4 39 4 110 4 274 4 39 4 274 4 268 4 39 4 268 4 77 4 39 4 77 4 104 4 39 4 104 4 207 4 39 4 207 4 26 4 39 4 26 4 157 4 39 4 157 4 266 4 39 4 266 4 190 4 39 4 190 4 20 4 39 4 20 4 208 4 39 4 208 4 152 4 39 4 152 4 27 4 39 4 27 4 18 4 39 4 18 4 121 4 39 4 121 4 151 4 39 4 151 4 260 4 39 4 260 4 48 4 39 4 48 4 206 4 39 4 206 4 11 4 39 4 11 4 235 4 134 4 131 4 137 4 137 4 131 4 181 4 137 4 181 4 3 4 3 4 181 4 24 4 3 4 24 4 64 4 64 4 24 4 72 4 64 4 72 4 271 4 116 4 201 4 91 4 116 4 91 4 252 4 116 4 252 4 109 4 116 4 109 4 24 4 116 4 24 4 181 4 227 4 241 4 188 4 188 4 241 4 83 4 188 4 83 4 234 4 234 4 83 4 174 4 234 4 174 4 201 4 201 4 174 4 91 4 270 4 262 4 44 4 44 4 262 4 148 4 44 4 148 4 10 4 10 4 148 4 227 4 10 4 227 4 188 4 180 4 115 4 2 4 2 4 115 4 23 4 2 4 23 4 63 4 63 4 23 4 71 4 63 4 71 4 44 4 44 4 71 4 270 4 226 4 9 4 147 4 147 4 9 4 43 4 147 4 43 4 261 4 261 4 43 4 64 4 261 4 64 4 271 4 90 4 200 4 173 4 173 4 200 4 233 4 173 4 233 4 82 4 82 4 233 4 187 4 82 4 187 4 240 4 240 4 187 4 9 4 240 4 9 4 226 4 23 4 115 4 108 4 108 4 115 4 200 4 108 4 200 4 251 4 251 4 200 4 90 4 136 4 133 4 130 4 136 4 130 4 180 4 136 4 180 4 2 4 232 78 239 78 182 46 232 78 182 46 175 46 187 134 232 134 175 60 187 134 175 60 9 60 182 62 239 136 138 136 182 62 138 136 15 62 213 59 275 133 62 133 213 59 62 133 25 59 242 5 60 5 119 5 242 5 119 5 179 5 242 5 179 5 84 5 242 5 84 5 111 5 119 52 60 71 0 3 106 78 135 78 35 46 106 78 35 46 30 46 207 134 106 134 30 60 207 134 30 60 26 60 35 55 135 43 240 43 35 55 240 43 226 55 175 46 182 46 129 24 175 46 129 24 128 24 43 140 9 60 175 60 43 140 175 60 128 140 182 62 15 62 203 1 182 62 203 1 129 1 213 59 25 59 257 129 119 52 0 3 179 35 30 46 35 46 222 24 30 46 222 24 202 24 157 140 26 60 30 60 157 140 30 60 202 140 222 2 35 55 226 55 222 2 226 55 147 2 128 24 129 24 123 58 128 24 123 58 114 58 64 18 43 140 128 140 64 18 128 140 114 18 129 1 203 1 178 21 129 1 178 21 123 21 259 17 67 29 61 17 111 138 246 138 238 138 111 138 238 138 163 138 111 138 163 138 177 138 111 138 177 138 117 138 111 138 117 138 61 138 111 138 61 138 67 138 111 138 67 138 248 138 111 138 248 138 242 138 179 35 0 3 84 49 202 24 222 24 19 58 202 24 19 58 4 58 266 18 157 140 202 140 266 18 202 140 4 18 222 2 147 2 261 91 222 2 261 91 19 91 114 58 123 58 102 120 114 58 102 120 95 120 64 18 114 18 95 26 64 18 95 26 3 26 102 28 123 21 178 21 102 28 178 21 105 28 197 25 259 17 61 17 197 25 61 17 117 25 111 131 84 49 0 3 4 58 19 58 272 120 4 58 272 120 265 120 266 18 4 18 265 26 266 18 265 26 190 26 19 91 261 91 271 107 19 91 271 107 272 107 95 120 102 120 228 16 95 120 228 16 220 16 3 26 95 26 220 114 3 26 220 114 137 114 228 118 102 28 105 28 228 118 105 28 57 118 171 113 197 25 117 25 171 113 117 25 177 113 246 5 111 5 1 5 246 5 1 5 196 5 246 5 196 5 96 5 246 5 96 5 210 5 1 89 111 131 0 3 265 120 272 120 214 16 265 120 214 16 195 16 190 26 265 26 195 114 190 26 195 114 20 114 272 107 271 107 72 7 272 107 72 7 214 7 220 16 228 16 158 96 220 16 158 96 166 96 137 114 220 114 166 68 137 114 166 68 134 68 158 64 228 118 57 118 158 64 57 118 99 64 163 38 171 113 177 113 196 48 1 89 0 3 195 16 214 16 264 96 195 16 264 96 269 96 20 114 195 114 269 68 20 114 269 68 208 68 214 7 72 7 24 81 214 7 24 81 264 81 166 96 158 96 8 42 166 96 8 42 12 42 134 68 166 68 12 88 134 68 12 88 131 88 8 85 158 64 99 64 8 85 99 64 28 85 66 87 69 22 34 87 186 14 184 14 40 14 186 14 40 14 78 14 186 14 78 14 209 14 186 14 209 14 210 14 210 14 209 14 34 14 210 14 34 14 69 14 210 14 69 14 238 14 210 14 238 14 246 14 196 48 0 3 96 32 269 96 264 96 146 42 269 96 146 42 155 42 208 68 269 68 155 88 208 68 155 88 152 88 146 12 264 81 24 81 146 12 24 81 109 12 12 42 8 42 68 124 12 42 68 124 73 124 181 128 131 88 12 88 181 128 12 88 73 128 8 85 28 85 7 126 8 85 7 126 68 126 66 87 34 87 209 127 66 87 209 127 45 127 96 32 0 3 210 75 155 42 146 42 143 124 155 42 143 124 153 124 27 128 152 88 155 88 27 128 155 88 153 128 143 92 146 12 109 12 143 92 109 12 252 92 73 124 68 124 236 37 73 124 236 37 247 37 116 112 181 128 73 128 116 112 73 128 247 112 68 126 7 126 205 109 68 126 205 109 236 109 45 127 209 127 78 111 45 127 78 111 22 111 186 5 210 5 98 5 186 5 98 5 86 5 186 5 86 5 250 5 186 5 250 5 58 5 210 75 0 3 98 122 153 124 143 124 76 37 153 124 76 37 87 37 18 112 27 128 153 128 18 112 153 128 87 112 143 92 252 92 91 53 143 92 91 53 76 53 247 37 236 37 33 116 247 37 33 116 36 116 36 70 201 70 116 112 36 70 116 112 247 112 205 109 47 66 33 66 205 109 33 66 236 109 78 111 40 106 22 111 98 122 0 3 86 83 87 37 76 37 194 116 87 37 194 116 211 116 211 70 121 70 18 112 211 70 18 112 87 112 76 53 91 53 174 86 76 53 174 86 194 86 36 116 33 116 132 98 36 116 132 98 140 98 140 102 234 102 201 70 140 102 201 70 36 70 47 66 215 100 132 100 47 66 132 100 33 66 170 34 100 101 42 101 58 11 229 11 225 11 58 11 225 11 243 11 58 11 243 11 14 11 58 11 14 11 56 11 58 11 56 11 100 11 58 11 100 11 170 11 58 11 170 11 184 11 58 11 184 11 186 11 86 83 0 3 250 76 211 116 194 116 164 98 211 116 164 98 189 98 189 102 151 102 121 70 189 102 121 70 211 70 83 104 164 104 194 86 83 104 194 86 174 86 140 98 132 98 223 77 140 98 223 77 230 77 230 135 188 135 234 102 230 135 234 102 140 102 125 133 223 133 132 100 125 133 132 100 215 100 100 101 56 136 267 136 100 101 267 136 42 101 250 76 0 3 58 72 189 98 164 98 139 77 189 98 139 77 150 77 189 102 150 135 260 135 189 102 260 135 151 102 241 44 139 44 164 104 241 44 164 104 83 104 230 77 223 77 165 45 230 77 165 45 172 45 230 135 172 61 10 61 230 135 10 61 188 135 5 59 165 59 223 133 5 59 223 133 125 133 14 62 199 62 267 136 14 62 267 136 56 136 229 5 58 5 103 5 229 5 103 5 168 5 229 5 168 5 80 5 229 5 80 5 97 5 0 3 103 54 58 72 150 77 139 77 37 45 150 77 37 45 52 45 150 135 52 61 48 61 150 135 48 61 260 135 241 44 227 56 37 56 241 44 37 56 139 44 172 45 165 45 118 23 172 45 118 23 126 23 172 61 126 0 44 0 172 61 44 0 10 61 191 139 118 139 165 59 191 139 165 59 5 59 14 62 243 130 199 62 0 3 168 39 103 54 52 45 37 45 224 23 52 45 224 23 253 23 52 61 253 0 206 0 52 61 206 0 48 61 227 56 148 6 224 6 227 56 224 6 37 56 126 23 118 23 101 57 126 23 101 57 112 57 126 0 112 20 63 20 126 0 63 20 44 0 159 17 101 17 118 139 159 17 118 139 191 139 55 21 244 21 59 30 97 137 255 137 256 137 97 137 256 137 154 137 97 137 154 137 160 137 97 137 160 137 94 137 97 137 94 137 55 137 97 137 55 137 59 137 97 137 59 137 225 137 97 137 225 137 229 137 0 3 80 50 168 39 253 23 224 23 21 57 253 23 21 57 31 57 253 0 31 20 11 20 253 0 11 20 206 0 224 6 148 6 262 94 224 6 262 94 21 94 112 57 101 57 88 119 112 57 88 119 93 119 93 27 2 27 63 20 93 27 63 20 112 20 159 17 89 25 88 25 159 17 88 25 101 17 55 21 94 28 183 28 55 21 183 28 244 21 80 50 0 3 97 132 31 57 21 57 273 119 31 57 273 119 6 119 6 27 235 27 11 20 6 27 11 20 31 20 21 94 262 94 270 110 21 94 270 110 273 110 93 119 88 119 212 15 93 119 212 15 219 15 219 117 136 117 2 27 219 117 2 27 93 27 89 25 49 113 212 113 89 25 212 113 88 25 94 28 160 118 156 118 94 28 156 118 183 28 255 5 97 5 276 5 255 5 276 5 204 5 255 5 204 5 107 5 255 5 107 5 218 5 97 132 0 3 276 93 6 119 273 119 217 15 6 119 217 15 245 15 245 117 39 117 235 27 245 117 235 27 6 27 71 8 217 8 273 110 71 8 273 110 270 110 219 15 212 15 176 95 219 15 176 95 167 95 167 63 133 63 136 117 167 63 136 117 219 117 49 113 122 67 176 67 49 113 176 67 212 113 160 118 154 40 156 118 276 93 0 3 204 47 245 15 217 15 263 95 245 15 263 95 237 95 237 63 162 63 39 117 237 63 39 117 245 117 23 80 263 80 217 8 23 80 217 8 71 8 167 95 176 95 16 41 167 95 16 41 13 41 167 63 13 84 130 84 167 63 130 84 133 63 32 87 16 87 176 67 32 87 176 67 122 67 46 85 70 85 81 19 85 13 221 13 218 13 218 13 221 13 46 13 218 13 46 13 255 13 255 13 46 13 81 13 255 13 81 13 256 13 50 13 85 13 218 13 50 13 218 13 193 13 50 13 193 13 198 13 0 3 107 31 204 47 237 95 263 95 144 41 237 95 144 41 127 41 237 63 127 84 110 84 237 63 110 84 162 63 23 80 108 9 144 9 23 80 144 9 263 80 13 41 16 41 79 123 13 41 79 123 74 123 13 84 74 125 180 125 13 84 180 125 130 84 17 127 79 127 16 87 17 127 16 87 32 87 221 126 53 126 70 85 221 126 70 85 46 85 0 3 218 73 107 31 127 41 144 41 142 123 127 41 142 123 120 123 127 84 120 125 274 125 127 84 274 125 110 84 108 9 251 90 142 90 108 9 142 90 144 9 74 123 79 123 254 36 74 123 254 36 249 36 74 125 249 108 115 108 74 125 115 108 180 125 216 111 254 111 79 127 216 111 79 127 17 127 85 109 29 109 53 126 85 109 53 126 221 126 193 5 218 5 113 5 193 5 113 5 92 5 193 5 92 5 258 5 193 5 258 5 60 5 0 3 113 121 218 73 120 123 142 123 75 36 120 123 75 36 65 36 120 125 65 108 268 108 120 125 268 108 274 125 251 90 90 51 75 51 251 90 75 51 142 90 249 36 254 36 41 115 249 36 41 115 38 115 115 108 249 108 38 65 115 108 38 65 200 65 41 69 254 111 216 111 41 69 216 111 54 69 50 105 29 109 85 109 92 79 113 121 0 3 65 36 75 36 192 115 65 36 192 115 169 115 268 108 65 108 169 65 268 108 169 65 77 65 75 51 90 51 173 82 75 51 173 82 192 82 38 115 41 115 145 97 38 115 145 97 141 97 200 65 38 65 141 99 200 65 141 99 233 99 145 101 41 69 54 69 145 101 54 69 231 101 51 100 185 33 124 100 193 10 60 10 62 10 62 10 60 10 242 10 62 10 242 10 25 10 25 10 242 10 248 10 25 10 248 10 257 10 193 10 62 10 124 10 193 10 124 10 185 10 193 10 185 10 198 10 258 74 92 79 0 3 169 115 192 115 161 97 169 115 161 97 149 97 77 65 169 65 149 99 77 65 149 99 104 99 192 82 173 82 82 103 192 82 82 103 161 103 141 97 145 97 239 78 141 97 239 78 232 78 233 99 141 99 232 134 233 99 232 134 187 134 239 136 145 101 231 101 239 136 231 101 138 136 275 133 51 100 124 100 275 133 124 100 62 133 60 71 258 74 0 3 149 97 161 97 135 78 149 97 135 78 106 78 104 99 149 99 106 134 104 99 106 134 207 134 161 103 82 103 240 43 161 103 240 43 135 43 </p>
        </triangles>
      </mesh>
    </geometry>
    <geometry id="_ISO-4762_M3x1010000031_1-con">
      <convex_mesh convex_hull_of="#_ISO-4762_M3x1010000031_1-obj"/>
    </geometry>
    <geometry id="_ISO-4762_M3x1010000031_2-obj" name="_ISO-4762_M3x10">
      <mesh>
        <source id="_ISO-4762_M3x1010000031_2-vertex">
          <float_array id="_ISO-4762_M3x1010000031_2-vertex-array" count="831">15.5 -33.0217 -15.5 15.1765 -32.3 -16.7074 16.7675 -34 -13.3046 14.2325 -34 -17.6954 14.4393 -43.6935 -16.5607 17.8665 -31 -14.8659 16.25 -43.6935 -14.201 16.725 -31 -17.6218 16.2118 -31.3 -18.1563 13.0514 -34 -16.1561 17.9486 -34 -14.8439 16.3439 -44 -14.6561 16.2118 -33.785 -18.1563 14.7882 -33.785 -12.8437 16.75 -31.1309 -15.1651 13.1335 -31 -16.1341 14.7882 -31.3 -12.8437 14.275 -31 -13.3782 16.3439 -44 -16.3439 14.4393 -34.51 -16.5607 15.1911 -44 -16.6528 16.5607 -34.51 -14.4393 16.5076 -31 -16.5076 15.5 -34 -13.7 15.5 -34 -17.3 14.25 -31.1309 -15.8349 14.3472 -44 -15.8089 16.0968 -44 -16.5336 16.1341 -31 -17.8665 14.4924 -31 -14.4924 14.0511 -43.6935 -15.8882 16.5607 -43.6935 -14.4393 14.8659 -31 -13.1335 17.8816 -31.3 -16.875 15.8349 -31.1309 -16.75 14.0511 -34.51 -15.8882 17.8816 -33.785 -16.875 16.9489 -34.51 -15.1118 13.1184 -33.785 -14.125 15.8089 -44 -14.3472 16.7088 -31 -16.2455 13.1184 -31.3 -14.125 16.8764 -31 -15.8688 13.3046 -34 -16.7675 17.6954 -34 -14.2325 16.2125 -31 -16.7341 15.1651 -31.1309 -14.25 17.6218 -31 -16.725 16.6528 -44 -15.1911 16.1341 -31 -13.1335 14.2912 -31 -14.7545 14.1236 -31 -15.1312 16.9489 -43.6935 -15.1118 14.7875 -31 -14.2659 13.3782 -31 -14.275 16.4151 -31.1309 -14.5849 16.75 -31.175 -15.5 14.8659 -31 -17.8665 16.75 -32.3 -15.5 16.7088 -31 -14.7545 14.25 -32.3 -15.5 14.5849 -31.1309 -16.4151 14.25 -31.175 -15.5 17.2925 -34 -13.7075 13.7075 -34 -17.2925 14.4393 -43.6935 -14.4393 15.8688 -31 -16.8764 14.2912 -31 -16.2455 16.875 -31.3 -17.8816 15.5412 -31 -16.9196 15.1312 -31 -14.1236 15.9659 -34 -13.7613 15.0341 -34 -17.2387 16.875 -33.785 -17.8816 14.125 -33.785 -13.1184 14.4393 -34.51 -14.4393 16.5607 -34.51 -16.5607 14.4664 -44 -14.9032 16.4151 -31.1309 -16.4151 14.125 -31.3 -13.1184 16.3839 -32.3 -14.6161 15.4588 -31 -14.0804 13.7613 -34 -15.0341 17.2387 -34 -15.9659 14.6161 -32.3 -16.3839 14.5849 -31.1309 -14.5849 16.5825 -32.3 -16.125 16.5607 -43.6935 -16.5607 16.875 -31.3 -13.1184 16.725 -31 -13.3782 14.2272 -34 -14.2272 16.7728 -34 -16.7728 14.4175 -32.3 -14.875 16.875 -33.785 -13.1184 16.125 -31.175 -14.4175 14.125 -33.785 -17.8816 15.8235 -32.3 -16.7074 16.125 -32.3 -14.4175 16.3839 -32.3 -16.3839 15.5 -31 -17.95 16.75 -31.1309 -15.8349 17.4445 -31.3 -13.5555 14.125 -31.3 -17.8816 16.7074 -32.3 -15.1765 14.3472 -44 -15.1911 14.275 -31 -17.6218 14 -43.6935 -15.5 15.1765 -32.3 -14.2926 15.0341 -34 -13.7613 15.9659 -34 -17.2387 15.1911 -44 -14.3472 14.875 -32.3 -16.5825 17.4445 -33.785 -13.5555 14.6161 -32.3 -14.6161 13.5555 -33.785 -17.4445 13.7075 -34 -13.7075 17.2925 -34 -17.2925 14.875 -31.175 -16.5825 17.8816 -31.3 -14.125 14.2926 -32.3 -15.8235 14.75 -43.6935 -14.201 16.5336 -44 -16.0968 15.5 -31 -13.05 13.5555 -31.3 -17.4445 14.25 -31.1309 -15.1651 17.95 -31 -15.5 17.8816 -33.785 -14.125 15.1118 -43.6935 -14.0511 13.1184 -33.785 -16.875 13.1184 -31.3 -16.875 14.8439 -34 -13.0514 16.1561 -34 -17.9486 18.1563 -31.3 -16.2118 15.5 -34 -12.965 15.5 -34 -18.035 14 -34.51 -15.5 16.1561 -34 -13.0514 14.8439 -34 -17.9486 13.05 -31 -15.5 17 -34.51 -15.5 18.1563 -33.785 -16.2118 12.8437 -33.785 -14.7882 14.75 -34.51 -14.201 16.25 -34.51 -16.799 15.1118 -34.51 -14.0511 12.8437 -31.3 -14.7882 15.8882 -34.51 -16.9489 13.9412 -34 -16.4 17.0588 -34 -14.6 14.0511 -43.6935 -15.1118 17 -43.6935 -15.5 16.6528 -44 -15.8089 15.8089 -44 -16.6528 16.25 -43.6935 -16.799 15.5412 -31 -14.0804 15.8882 -43.6935 -16.9489 15.8688 -31 -14.1236 14.4664 -44 -16.0968 15.5 -31.3 -18.25 17.2324 -31 -13.7676 15.8349 -31.1309 -14.25 14.0511 -34.51 -15.1118 15.5 -44 -14.3065 15.4588 -31 -16.9196 16.9489 -34.51 -15.8882 18.1563 -31.3 -14.7882 15.5 -33.785 -18.25 15.5 -33.785 -12.75 16.5825 -32.3 -14.875 14.201 -43.6935 -14.75 16.75 -31 -16.1741 15.1312 -31 -16.8764 18.1563 -33.785 -14.7882 13.9412 -34 -14.6 17.0588 -34 -16.4 12.8437 -33.785 -16.2118 15.5 -31.3 -12.75 15.1651 -31.1309 -16.75 13.7676 -31 -17.2324 14.4175 -32.3 -16.125 14.2325 -34 -13.3046 16.7675 -34 -17.6954 12.8437 -31.3 -16.2118 16.2125 -31 -14.2659 16.75 -31 -16.2217 14.25 -31 -14.8259 16.75 -32.3 -16.2217 12.965 -34 -15.5 18.035 -34 -15.5 16.9489 -43.6935 -15.8882 14.9032 -44 -16.5336 17.6218 -31 -14.275 14.201 -34.51 -14.75 14.25 -32.3 -14.7783 16.799 -34.51 -16.25 15.1118 -43.6935 -16.9489 15.5 -32.3 -16.75 14.7875 -31 -16.7341 14.25 -31 -14.7783 16.8764 -31 -15.1312 13.3046 -34 -14.2325 17.6954 -34 -16.7675 14.201 -43.6935 -16.25 13.3782 -31 -16.725 15.5 -32.3 -14.25 17.2324 -31 -17.2324 16.5336 -44 -14.9032 14.3065 -44 -15.5 15.5 -44 -16.6935 16.125 -31.175 -16.5825 16.125 -32.3 -16.5825 16.799 -43.6935 -16.25 16.2118 -31.3 -12.8437 14.1236 -31 -15.8688 15.1118 -34.51 -16.9489 17.8665 -31 -16.1341 13.7676 -31 -13.7676 15.8882 -34.51 -14.0511 14.875 -32.3 -14.4175 16.2118 -33.785 -12.8437 14.7882 -33.785 -18.1563 14.875 -31.175 -14.4175 14.201 -34.51 -16.25 18.25 -31.3 -15.5 16.799 -34.51 -14.75 16.75 -31 -14.7783 13.7613 -34 -15.9659 17.2387 -34 -15.0341 14.7882 -31.3 -18.1563 16.75 -32.3 -14.7783 18.25 -33.785 -15.5 13.1335 -31 -14.8659 12.75 -33.785 -15.5 13.0514 -34 -14.8439 17.9486 -34 -16.1561 16.0968 -44 -14.4664 17.4445 -31.3 -17.4445 15.5 -43.6935 -14 15.5 -31 -16.9434 12.75 -31.3 -15.5 13.7 -34 -15.5 17.3 -34 -15.5 14.25 -32.3 -16.2217 16.75 -31 -14.8259 16.5076 -31 -14.4924 15.8882 -43.6935 -14.0511 15.5 -32.3 -16.9434 17.4445 -33.785 -17.4445 14.25 -31 -16.2217 13.5555 -33.785 -13.5555 16.7074 -32.3 -15.8235 14.6 -34 -13.9412 16.4 -34 -17.0588 16.799 -43.6935 -14.75 13.5555 -31.3 -13.5555 15.5 -32.3 -14.0566 15.5 -31 -14.0566 14.25 -31 -16.1741 14.2926 -32.3 -15.1765 14.4924 -31 -16.5076 16.6935 -44 -15.5 14.2272 -34 -16.7728 16.7728 -34 -14.2272 15.5 -34.51 -14 15.5 -34.51 -17 14.75 -43.6935 -16.799 14.6561 -44 -16.3439 16.925 -31 -15.5 14.6561 -44 -14.6561 15.5 -43.6935 -17 16.4 -34 -13.9412 14.6 -34 -17.0588 14.75 -34.51 -16.799 16.25 -34.51 -14.201 14.9032 -44 -14.4664 14.075 -31 -15.5 15.8235 -32.3 -14.2926 </float_array>
          <technique_common>
            <accessor source="#_ISO-4762_M3x1010000031_2-vertex-array" count="277" stride="3">
              <param name="X" type="float"/>
              <param name="Y" type="float"/>
              <param name="Z" type="float"/>
            </accessor>
          </technique_common>
        </source>
        <source id="_ISO-4762_M3x1010000031_2-normal">
          <float_array id="_ISO-4762_M3x1010000031_2-normal-array" count="423">0.609736 -0.704063 0.352031 -0.609736 0.704063 -0.352031 -0.741697 -0.503787 -0.428219 3.72529e-09 0.864155 -1.24176e-09 0 -1 0 0 1 0 0.741697 -0.503787 0.428219 -0.221662 -0.503787 -0.827255 0.221662 -0.503787 0.827255 -0.221662 -0.503787 0.827255 1 0 0 -1 0 0 0.221662 -0.503787 -0.827255 0.5 0 -0.866025 -0.5 0 0.866025 0.256605 0 0.957662 -0.256605 0 -0.957662 0.497847 0.704063 0.497847 -0.497847 -0.704063 -0.497847 0.0926916 0.704063 -0.704063 0.497847 -0.704063 0.497847 -0.497847 0.704063 -0.497847 -0.0926916 0.704063 0.704063 0.858616 0 0.495722 -0.858616 0 -0.495722 0.352031 0.704063 0.609736 -0.352031 -0.704063 -0.609736 0.352031 -0.704063 0.609736 -0.352031 0.704063 -0.609736 0.56339 0.704063 0.432305 -0.56339 0.704063 -0.432305 0.12913 0.864155 -0.48192 -0.12913 0.864155 0.48192 0.656082 0.704063 -0.271758 -0.656082 0.704063 0.271758 0.432078 0.864155 0.24946 -0.701057 0 0.701057 0.701057 0 -0.701057 0.0926916 0.704063 0.704063 -0.432078 0.864155 -0.24946 -0.0926916 0.704063 -0.704063 -0.256605 0 0.957662 0.256605 0 -0.957662 -0.856438 -0.503787 0 0.856438 -0.503787 0 0.957662 0 0.256605 -0.957662 0 -0.256605 0 0.864155 -0.49892 0 0.864155 0.49892 0.35279 0.864155 0.35279 -0.35279 0.864155 -0.35279 -0.605593 -0.503787 0.605593 0.48192 0.864155 0.12913 0.605593 -0.503787 -0.605593 -0.48192 0.864155 -0.12913 -0.827255 -0.503787 -0.221662 0.827255 -0.503787 0.221662 0.701057 0 0.701057 -0.701057 0 -0.701057 0.680072 0.704063 0.182225 -0.680072 -0.704063 -0.182225 0.680072 -0.704063 0.182225 -0.680072 0.704063 -0.182225 0 -0.704063 0.704063 0 0.704063 -0.704063 -0.609736 -0.704063 0.352031 0.609736 0.704063 -0.352031 0 0.704063 0.704063 0 -0.704063 -0.704063 -0.609736 0.704063 0.352031 0.609736 -0.704063 -0.352031 0.49892 0.864155 0 -0.49892 0.864155 0 0.24946 0.864155 -0.432078 0.48192 0.864155 -0.12913 -0.24946 0.864155 0.432078 -0.48192 0.864155 0.12913 0.991445 0 0 -0.991445 0 0 0.432078 0.864155 -0.24946 0 -0.503787 0.856438 0 -0.503787 -0.856438 -0.741697 -0.503787 0.428219 -0.432078 0.864155 0.24946 -0.182225 -0.704063 0.680072 0.182225 0.704063 -0.680072 0.741697 -0.503787 -0.428219 -0.182225 0.704063 0.680072 0.182225 -0.704063 -0.680072 0.12913 0.864155 0.48192 -0.428219 -0.503787 0.741697 -0.605593 -0.503787 -0.605593 0.428219 -0.503787 -0.741697 -0.12913 0.864155 -0.48192 0.605593 -0.503787 0.605593 0 0 0.991445 0 0 -0.991445 -0.957662 0 0.256605 0.957662 0 -0.256605 -0.680072 -0.704063 0.182225 0.680072 0.704063 -0.182225 -0.680072 0.704063 0.182225 0.680072 -0.704063 -0.182225 -0.827255 -0.503787 0.221662 0.827255 -0.503787 -0.221662 0.56339 0.704063 -0.432305 -0.56339 0.704063 0.432305 -0.428219 -0.503787 -0.741697 -0.497847 -0.704063 0.497847 0.497847 0.704063 -0.497847 0.428219 -0.503787 0.741697 -0.497847 0.704063 0.497847 0.497847 -0.704063 -0.497847 0.182225 0.704063 0.680072 -0.182225 -0.704063 -0.680072 -0.858616 0 0.495722 0.858616 0 -0.495722 0.182225 -0.704063 0.680072 -0.182225 0.704063 -0.680072 0.495722 0 0.858616 -0.495722 0 -0.858616 0.35279 0.864155 -0.35279 -0.35279 0.864155 0.35279 -0.495722 0 0.858616 0.495722 0 -0.858616 -0.352031 -0.704063 0.609736 0.352031 0.704063 -0.609736 -0.352031 0.704063 0.609736 0.352031 -0.704063 -0.609736 0.656082 0.704063 0.271758 -0.656082 0.704063 -0.271758 0.24946 0.864155 0.432078 -0.24946 0.864155 -0.432078 0.704063 0.704063 0 -0.704063 -0.704063 0 0.704063 -0.704063 0 -0.704063 0.704063 0 -0.5 0 -0.866025 0.5 0 0.866025 0.609736 0.704063 0.352031 -0.609736 -0.704063 -0.352031 </float_array>
          <technique_common>
            <accessor source="#_ISO-4762_M3x1010000031_2-normal-array" count="141" stride="3">
              <param name="X" type="float"/>
              <param name="Y" type="float"/>
              <param name="Z" type="float"/>
            </accessor>
          </technique_common>
        </source>
        <vertices id="_ISO-4762_M3x1010000031_2-vertex-obj">
          <input semantic="POSITION" source="#_ISO-4762_M3x1010000031_2-vertex"/>
        </vertices>
        <triangles material="Nr10000031_2Mat0" count="550">
          <input semantic="VERTEX" source="#_ISO-4762_M3x1010000031_2-vertex-obj" offset="0"/>
          <input semantic="NORMAL" source="#_ISO-4762_M3x1010000031_2-normal" offset="1"/>
          <p>99 5 57 5 28 5 28 5 57 5 105 5 28 5 105 5 7 5 7 5 105 5 178 5 7 5 178 5 205 5 205 5 178 5 238 5 205 5 238 5 69 5 178 5 203 5 197 5 178 5 197 5 171 5 178 5 171 5 163 5 178 5 163 5 238 5 203 5 15 5 257 5 203 5 257 5 248 5 203 5 248 5 67 5 203 5 67 5 259 5 203 5 259 5 197 5 198 5 185 5 231 5 231 5 185 5 51 5 231 5 51 5 138 5 138 5 51 5 275 5 138 5 275 5 15 5 15 5 275 5 213 5 15 5 213 5 257 5 70 5 53 5 54 5 54 5 53 5 29 5 54 5 29 5 231 5 231 5 29 5 50 5 231 5 50 5 198 5 159 5 191 5 216 5 216 5 191 5 256 5 216 5 256 5 54 5 54 5 256 5 81 5 54 5 81 5 70 5 69 5 66 5 205 5 205 5 66 5 45 5 205 5 45 5 47 5 47 5 45 5 22 5 47 5 22 5 40 5 40 5 184 5 47 5 47 5 184 5 170 5 47 5 170 5 215 5 215 5 170 5 42 5 215 5 42 5 125 5 125 5 42 5 267 5 125 5 267 5 199 5 5 5 125 5 199 5 5 5 199 5 243 5 5 5 243 5 225 5 5 5 225 5 59 5 5 5 59 5 244 5 5 5 244 5 191 5 191 5 244 5 183 5 191 5 183 5 156 5 191 5 156 5 154 5 191 5 154 5 256 5 122 5 49 5 32 5 32 5 49 5 89 5 32 5 89 5 17 5 17 5 89 5 159 5 17 5 159 5 216 5 39 4 162 4 110 4 39 4 110 4 274 4 39 4 274 4 268 4 39 4 268 4 77 4 39 4 77 4 104 4 39 4 104 4 207 4 39 4 207 4 26 4 39 4 26 4 157 4 39 4 157 4 266 4 39 4 266 4 190 4 39 4 190 4 20 4 39 4 20 4 208 4 39 4 208 4 152 4 39 4 152 4 27 4 39 4 27 4 18 4 39 4 18 4 121 4 39 4 121 4 151 4 39 4 151 4 260 4 39 4 260 4 48 4 39 4 48 4 206 4 39 4 206 4 11 4 39 4 11 4 235 4 134 4 131 4 137 4 137 4 131 4 181 4 137 4 181 4 3 4 3 4 181 4 24 4 3 4 24 4 64 4 64 4 24 4 72 4 64 4 72 4 271 4 116 4 201 4 91 4 116 4 91 4 252 4 116 4 252 4 109 4 116 4 109 4 24 4 116 4 24 4 181 4 227 4 241 4 188 4 188 4 241 4 83 4 188 4 83 4 234 4 234 4 83 4 174 4 234 4 174 4 201 4 201 4 174 4 91 4 270 4 262 4 44 4 44 4 262 4 148 4 44 4 148 4 10 4 10 4 148 4 227 4 10 4 227 4 188 4 180 4 115 4 2 4 2 4 115 4 23 4 2 4 23 4 63 4 63 4 23 4 71 4 63 4 71 4 44 4 44 4 71 4 270 4 226 4 9 4 147 4 147 4 9 4 43 4 147 4 43 4 261 4 261 4 43 4 64 4 261 4 64 4 271 4 90 4 200 4 173 4 173 4 200 4 233 4 173 4 233 4 82 4 82 4 233 4 187 4 82 4 187 4 240 4 240 4 187 4 9 4 240 4 9 4 226 4 23 4 115 4 108 4 108 4 115 4 200 4 108 4 200 4 251 4 251 4 200 4 90 4 136 4 133 4 130 4 136 4 130 4 180 4 136 4 180 4 2 4 232 78 239 78 182 46 232 78 182 46 175 46 187 134 232 134 175 60 187 134 175 60 9 60 182 62 239 136 138 136 182 62 138 136 15 62 213 59 275 133 62 133 213 59 62 133 25 59 242 5 60 5 119 5 242 5 119 5 179 5 242 5 179 5 84 5 242 5 84 5 111 5 119 52 60 71 0 3 106 78 135 78 35 46 106 78 35 46 30 46 207 134 106 134 30 60 207 134 30 60 26 60 35 55 135 43 240 43 35 55 240 43 226 55 175 46 182 46 129 24 175 46 129 24 128 24 43 140 9 60 175 60 43 140 175 60 128 140 182 62 15 62 203 1 182 62 203 1 129 1 213 59 25 59 257 129 119 52 0 3 179 35 30 46 35 46 222 24 30 46 222 24 202 24 157 140 26 60 30 60 157 140 30 60 202 140 222 2 35 55 226 55 222 2 226 55 147 2 128 24 129 24 123 58 128 24 123 58 114 58 64 18 43 140 128 140 64 18 128 140 114 18 129 1 203 1 178 21 129 1 178 21 123 21 259 17 67 29 61 17 111 138 246 138 238 138 111 138 238 138 163 138 111 138 163 138 177 138 111 138 177 138 117 138 111 138 117 138 61 138 111 138 61 138 67 138 111 138 67 138 248 138 111 138 248 138 242 138 179 35 0 3 84 49 202 24 222 24 19 58 202 24 19 58 4 58 266 18 157 140 202 140 266 18 202 140 4 18 222 2 147 2 261 91 222 2 261 91 19 91 114 58 123 58 102 120 114 58 102 120 95 120 64 18 114 18 95 26 64 18 95 26 3 26 102 28 123 21 178 21 102 28 178 21 105 28 197 25 259 17 61 17 197 25 61 17 117 25 111 131 84 49 0 3 4 58 19 58 272 120 4 58 272 120 265 120 266 18 4 18 265 26 266 18 265 26 190 26 19 91 261 91 271 107 19 91 271 107 272 107 95 120 102 120 228 16 95 120 228 16 220 16 3 26 95 26 220 114 3 26 220 114 137 114 228 118 102 28 105 28 228 118 105 28 57 118 171 113 197 25 117 25 171 113 117 25 177 113 246 5 111 5 1 5 246 5 1 5 196 5 246 5 196 5 96 5 246 5 96 5 210 5 1 89 111 131 0 3 265 120 272 120 214 16 265 120 214 16 195 16 190 26 265 26 195 114 190 26 195 114 20 114 272 107 271 107 72 7 272 107 72 7 214 7 220 16 228 16 158 96 220 16 158 96 166 96 137 114 220 114 166 68 137 114 166 68 134 68 158 64 228 118 57 118 158 64 57 118 99 64 163 38 171 113 177 113 196 48 1 89 0 3 195 16 214 16 264 96 195 16 264 96 269 96 20 114 195 114 269 68 20 114 269 68 208 68 214 7 72 7 24 81 214 7 24 81 264 81 166 96 158 96 8 42 166 96 8 42 12 42 134 68 166 68 12 88 134 68 12 88 131 88 8 85 158 64 99 64 8 85 99 64 28 85 66 87 69 22 34 87 186 14 184 14 40 14 186 14 40 14 78 14 186 14 78 14 209 14 186 14 209 14 210 14 210 14 209 14 34 14 210 14 34 14 69 14 210 14 69 14 238 14 210 14 238 14 246 14 196 48 0 3 96 32 269 96 264 96 146 42 269 96 146 42 155 42 208 68 269 68 155 88 208 68 155 88 152 88 146 12 264 81 24 81 146 12 24 81 109 12 12 42 8 42 68 124 12 42 68 124 73 124 181 128 131 88 12 88 181 128 12 88 73 128 8 85 28 85 7 126 8 85 7 126 68 126 66 87 34 87 209 127 66 87 209 127 45 127 96 32 0 3 210 75 155 42 146 42 143 124 155 42 143 124 153 124 27 128 152 88 155 88 27 128 155 88 153 128 143 92 146 12 109 12 143 92 109 12 252 92 73 124 68 124 236 37 73 124 236 37 247 37 116 112 181 128 73 128 116 112 73 128 247 112 68 126 7 126 205 109 68 126 205 109 236 109 45 127 209 127 78 111 45 127 78 111 22 111 186 5 210 5 98 5 186 5 98 5 86 5 186 5 86 5 250 5 186 5 250 5 58 5 210 75 0 3 98 122 153 124 143 124 76 37 153 124 76 37 87 37 18 112 27 128 153 128 18 112 153 128 87 112 143 92 252 92 91 53 143 92 91 53 76 53 247 37 236 37 33 116 247 37 33 116 36 116 36 70 201 70 116 112 36 70 116 112 247 112 205 109 47 66 33 66 205 109 33 66 236 109 78 111 40 106 22 111 98 122 0 3 86 83 87 37 76 37 194 116 87 37 194 116 211 116 211 70 121 70 18 112 211 70 18 112 87 112 76 53 91 53 174 86 76 53 174 86 194 86 36 116 33 116 132 98 36 116 132 98 140 98 140 102 234 102 201 70 140 102 201 70 36 70 47 66 215 100 132 100 47 66 132 100 33 66 170 34 100 101 42 101 58 11 229 11 225 11 58 11 225 11 243 11 58 11 243 11 14 11 58 11 14 11 56 11 58 11 56 11 100 11 58 11 100 11 170 11 58 11 170 11 184 11 58 11 184 11 186 11 86 83 0 3 250 76 211 116 194 116 164 98 211 116 164 98 189 98 189 102 151 102 121 70 189 102 121 70 211 70 83 104 164 104 194 86 83 104 194 86 174 86 140 98 132 98 223 77 140 98 223 77 230 77 230 135 188 135 234 102 230 135 234 102 140 102 125 133 223 133 132 100 125 133 132 100 215 100 100 101 56 136 267 136 100 101 267 136 42 101 250 76 0 3 58 72 189 98 164 98 139 77 189 98 139 77 150 77 189 102 150 135 260 135 189 102 260 135 151 102 241 44 139 44 164 104 241 44 164 104 83 104 230 77 223 77 165 45 230 77 165 45 172 45 230 135 172 61 10 61 230 135 10 61 188 135 5 59 165 59 223 133 5 59 223 133 125 133 14 62 199 62 267 136 14 62 267 136 56 136 229 5 58 5 103 5 229 5 103 5 168 5 229 5 168 5 80 5 229 5 80 5 97 5 0 3 103 54 58 72 150 77 139 77 37 45 150 77 37 45 52 45 150 135 52 61 48 61 150 135 48 61 260 135 241 44 227 56 37 56 241 44 37 56 139 44 172 45 165 45 118 23 172 45 118 23 126 23 172 61 126 0 44 0 172 61 44 0 10 61 191 139 118 139 165 59 191 139 165 59 5 59 14 62 243 130 199 62 0 3 168 39 103 54 52 45 37 45 224 23 52 45 224 23 253 23 52 61 253 0 206 0 52 61 206 0 48 61 227 56 148 6 224 6 227 56 224 6 37 56 126 23 118 23 101 57 126 23 101 57 112 57 126 0 112 20 63 20 126 0 63 20 44 0 159 17 101 17 118 139 159 17 118 139 191 139 55 21 244 21 59 30 97 137 255 137 256 137 97 137 256 137 154 137 97 137 154 137 160 137 97 137 160 137 94 137 97 137 94 137 55 137 97 137 55 137 59 137 97 137 59 137 225 137 97 137 225 137 229 137 0 3 80 50 168 39 253 23 224 23 21 57 253 23 21 57 31 57 253 0 31 20 11 20 253 0 11 20 206 0 224 6 148 6 262 94 224 6 262 94 21 94 112 57 101 57 88 119 112 57 88 119 93 119 93 27 2 27 63 20 93 27 63 20 112 20 159 17 89 25 88 25 159 17 88 25 101 17 55 21 94 28 183 28 55 21 183 28 244 21 80 50 0 3 97 132 31 57 21 57 273 119 31 57 273 119 6 119 6 27 235 27 11 20 6 27 11 20 31 20 21 94 262 94 270 110 21 94 270 110 273 110 93 119 88 119 212 15 93 119 212 15 219 15 219 117 136 117 2 27 219 117 2 27 93 27 89 25 49 113 212 113 89 25 212 113 88 25 94 28 160 118 156 118 94 28 156 118 183 28 255 5 97 5 276 5 255 5 276 5 204 5 255 5 204 5 107 5 255 5 107 5 218 5 97 132 0 3 276 93 6 119 273 119 217 15 6 119 217 15 245 15 245 117 39 117 235 27 245 117 235 27 6 27 71 8 217 8 273 110 71 8 273 110 270 110 219 15 212 15 176 95 219 15 176 95 167 95 167 63 133 63 136 117 167 63 136 117 219 117 49 113 122 67 176 67 49 113 176 67 212 113 160 118 154 40 156 118 276 93 0 3 204 47 245 15 217 15 263 95 245 15 263 95 237 95 237 63 162 63 39 117 237 63 39 117 245 117 23 80 263 80 217 8 23 80 217 8 71 8 167 95 176 95 16 41 167 95 16 41 13 41 167 63 13 84 130 84 167 63 130 84 133 63 32 87 16 87 176 67 32 87 176 67 122 67 46 85 70 85 81 19 85 13 221 13 218 13 218 13 221 13 46 13 218 13 46 13 255 13 255 13 46 13 81 13 255 13 81 13 256 13 50 13 85 13 218 13 50 13 218 13 193 13 50 13 193 13 198 13 0 3 107 31 204 47 237 95 263 95 144 41 237 95 144 41 127 41 237 63 127 84 110 84 237 63 110 84 162 63 23 80 108 9 144 9 23 80 144 9 263 80 13 41 16 41 79 123 13 41 79 123 74 123 13 84 74 125 180 125 13 84 180 125 130 84 17 127 79 127 16 87 17 127 16 87 32 87 221 126 53 126 70 85 221 126 70 85 46 85 0 3 218 73 107 31 127 41 144 41 142 123 127 41 142 123 120 123 127 84 120 125 274 125 127 84 274 125 110 84 108 9 251 90 142 90 108 9 142 90 144 9 74 123 79 123 254 36 74 123 254 36 249 36 74 125 249 108 115 108 74 125 115 108 180 125 216 111 254 111 79 127 216 111 79 127 17 127 85 109 29 109 53 126 85 109 53 126 221 126 193 5 218 5 113 5 193 5 113 5 92 5 193 5 92 5 258 5 193 5 258 5 60 5 0 3 113 121 218 73 120 123 142 123 75 36 120 123 75 36 65 36 120 125 65 108 268 108 120 125 268 108 274 125 251 90 90 51 75 51 251 90 75 51 142 90 249 36 254 36 41 115 249 36 41 115 38 115 115 108 249 108 38 65 115 108 38 65 200 65 41 69 254 111 216 111 41 69 216 111 54 69 50 105 29 109 85 109 92 79 113 121 0 3 65 36 75 36 192 115 65 36 192 115 169 115 268 108 65 108 169 65 268 108 169 65 77 65 75 51 90 51 173 82 75 51 173 82 192 82 38 115 41 115 145 97 38 115 145 97 141 97 200 65 38 65 141 99 200 65 141 99 233 99 145 101 41 69 54 69 145 101 54 69 231 101 51 100 185 33 124 100 193 10 60 10 62 10 62 10 60 10 242 10 62 10 242 10 25 10 25 10 242 10 248 10 25 10 248 10 257 10 193 10 62 10 124 10 193 10 124 10 185 10 193 10 185 10 198 10 258 74 92 79 0 3 169 115 192 115 161 97 169 115 161 97 149 97 77 65 169 65 149 99 77 65 149 99 104 99 192 82 173 82 82 103 192 82 82 103 161 103 141 97 145 97 239 78 141 97 239 78 232 78 233 99 141 99 232 134 233 99 232 134 187 134 239 136 145 101 231 101 239 136 231 101 138 136 275 133 51 100 124 100 275 133 124 100 62 133 60 71 258 74 0 3 149 97 161 97 135 78 149 97 135 78 106 78 104 99 149 99 106 134 104 99 106 134 207 134 161 103 82 103 240 43 161 103 240 43 135 43 </p>
        </triangles>
      </mesh>
    </geometry>
    <geometry id="_ISO-4762_M3x1010000031_2-con">
      <convex_mesh convex_hull_of="#_ISO-4762_M3x1010000031_2-obj"/>
    </geometry>
    <geometry id="_ISO-4762_M3x1010000031_3-obj" name="_ISO-4762_M3x10">
      <mesh>
        <source id="_ISO-4762_M3x1010000031_3-vertex">
          <float_array id="_ISO-4762_M3x1010000031_3-vertex-array" count="831">-15.5 -33.0217 -15.5 -15.8235 -32.3 -16.7074 -14.2325 -34 -13.3046 -16.7675 -34 -17.6954 -16.5607 -43.6935 -16.5607 -13.1335 -31 -14.8659 -14.75 -43.6935 -14.201 -14.275 -31 -17.6218 -14.7882 -31.3 -18.1563 -17.9486 -34 -16.1561 -13.0514 -34 -14.8439 -14.6561 -44 -14.6561 -14.7882 -33.785 -18.1563 -16.2118 -33.785 -12.8437 -14.25 -31.1309 -15.1651 -17.8665 -31 -16.1341 -16.2118 -31.3 -12.8437 -16.725 -31 -13.3782 -14.6561 -44 -16.3439 -16.5607 -34.51 -16.5607 -15.8089 -44 -16.6528 -14.4393 -34.51 -14.4393 -14.4924 -31 -16.5076 -15.5 -34 -13.7 -15.5 -34 -17.3 -16.75 -31.1309 -15.8349 -16.6528 -44 -15.8089 -14.9032 -44 -16.5336 -14.8659 -31 -17.8665 -16.5076 -31 -14.4924 -16.9489 -43.6935 -15.8882 -14.4393 -43.6935 -14.4393 -16.1341 -31 -13.1335 -13.1184 -31.3 -16.875 -15.1651 -31.1309 -16.75 -16.9489 -34.51 -15.8882 -13.1184 -33.785 -16.875 -14.0511 -34.51 -15.1118 -17.8816 -33.785 -14.125 -15.1911 -44 -14.3472 -14.2912 -31 -16.2455 -17.8816 -31.3 -14.125 -14.1236 -31 -15.8688 -17.6954 -34 -16.7675 -13.3046 -34 -14.2325 -14.7875 -31 -16.7341 -15.8349 -31.1309 -14.25 -13.3782 -31 -16.725 -14.3472 -44 -15.1911 -14.8659 -31 -13.1335 -16.7088 -31 -14.7545 -16.8764 -31 -15.1312 -14.0511 -43.6935 -15.1118 -16.2125 -31 -14.2659 -17.6218 -31 -14.275 -14.5849 -31.1309 -14.5849 -14.25 -31.175 -15.5 -16.1341 -31 -17.8665 -14.25 -32.3 -15.5 -14.2912 -31 -14.7545 -16.75 -32.3 -15.5 -16.4151 -31.1309 -16.4151 -16.75 -31.175 -15.5 -13.7075 -34 -13.7075 -17.2925 -34 -17.2925 -16.5607 -43.6935 -14.4393 -15.1312 -31 -16.8764 -16.7088 -31 -16.2455 -14.125 -31.3 -17.8816 -15.4588 -31 -16.9196 -15.8688 -31 -14.1236 -15.0341 -34 -13.7613 -15.9659 -34 -17.2387 -14.125 -33.785 -17.8816 -16.875 -33.785 -13.1184 -16.5607 -34.51 -14.4393 -14.4393 -34.51 -16.5607 -16.5336 -44 -14.9032 -14.5849 -31.1309 -16.4151 -16.875 -31.3 -13.1184 -14.6161 -32.3 -14.6161 -15.5412 -31 -14.0804 -17.2387 -34 -15.0341 -13.7613 -34 -15.9659 -16.3839 -32.3 -16.3839 -16.4151 -31.1309 -14.5849 -14.4175 -32.3 -16.125 -14.4393 -43.6935 -16.5607 -14.125 -31.3 -13.1184 -14.275 -31 -13.3782 -16.7728 -34 -14.2272 -14.2272 -34 -16.7728 -16.5825 -32.3 -14.875 -14.125 -33.785 -13.1184 -14.875 -31.175 -14.4175 -16.875 -33.785 -17.8816 -15.1765 -32.3 -16.7074 -14.875 -32.3 -14.4175 -14.6161 -32.3 -16.3839 -15.5 -31 -17.95 -14.25 -31.1309 -15.8349 -13.5555 -31.3 -13.5555 -16.875 -31.3 -17.8816 -14.2926 -32.3 -15.1765 -16.6528 -44 -15.1911 -16.725 -31 -17.6218 -17 -43.6935 -15.5 -15.8235 -32.3 -14.2926 -15.9659 -34 -13.7613 -15.0341 -34 -17.2387 -15.8089 -44 -14.3472 -16.125 -32.3 -16.5825 -13.5555 -33.785 -13.5555 -16.3839 -32.3 -14.6161 -17.4445 -33.785 -17.4445 -17.2925 -34 -13.7075 -13.7075 -34 -17.2925 -16.125 -31.175 -16.5825 -13.1184 -31.3 -14.125 -16.7074 -32.3 -15.8235 -16.25 -43.6935 -14.201 -14.4664 -44 -16.0968 -15.5 -31 -13.05 -17.4445 -31.3 -17.4445 -16.75 -31.1309 -15.1651 -13.05 -31 -15.5 -13.1184 -33.785 -14.125 -15.8882 -43.6935 -14.0511 -17.8816 -33.785 -16.875 -17.8816 -31.3 -16.875 -16.1561 -34 -13.0514 -14.8439 -34 -17.9486 -12.8437 -31.3 -16.2118 -15.5 -34 -12.965 -15.5 -34 -18.035 -17 -34.51 -15.5 -14.8439 -34 -13.0514 -16.1561 -34 -17.9486 -17.95 -31 -15.5 -14 -34.51 -15.5 -12.8437 -33.785 -16.2118 -18.1563 -33.785 -14.7882 -16.25 -34.51 -14.201 -14.75 -34.51 -16.799 -15.8882 -34.51 -14.0511 -18.1563 -31.3 -14.7882 -15.1118 -34.51 -16.9489 -17.0588 -34 -16.4 -13.9412 -34 -14.6 -16.9489 -43.6935 -15.1118 -14 -43.6935 -15.5 -14.3472 -44 -15.8089 -15.1911 -44 -16.6528 -14.75 -43.6935 -16.799 -15.4588 -31 -14.0804 -15.1118 -43.6935 -16.9489 -15.1312 -31 -14.1236 -16.5336 -44 -16.0968 -15.5 -31.3 -18.25 -13.7676 -31 -13.7676 -15.1651 -31.1309 -14.25 -16.9489 -34.51 -15.1118 -15.5 -44 -14.3065 -15.5412 -31 -16.9196 -14.0511 -34.51 -15.8882 -12.8437 -31.3 -14.7882 -15.5 -33.785 -18.25 -15.5 -33.785 -12.75 -14.4175 -32.3 -14.875 -16.799 -43.6935 -14.75 -14.25 -31 -16.1741 -15.8688 -31 -16.8764 -12.8437 -33.785 -14.7882 -17.0588 -34 -14.6 -13.9412 -34 -16.4 -18.1563 -33.785 -16.2118 -15.5 -31.3 -12.75 -15.8349 -31.1309 -16.75 -17.2324 -31 -17.2324 -16.5825 -32.3 -16.125 -16.7675 -34 -13.3046 -14.2325 -34 -17.6954 -18.1563 -31.3 -16.2118 -14.7875 -31 -14.2659 -14.25 -31 -16.2217 -16.75 -31 -14.8259 -14.25 -32.3 -16.2217 -18.035 -34 -15.5 -12.965 -34 -15.5 -14.0511 -43.6935 -15.8882 -16.0968 -44 -16.5336 -13.3782 -31 -14.275 -16.799 -34.51 -14.75 -16.75 -32.3 -14.7783 -14.201 -34.51 -16.25 -15.8882 -43.6935 -16.9489 -15.5 -32.3 -16.75 -16.2125 -31 -16.7341 -16.75 -31 -14.7783 -14.1236 -31 -15.1312 -17.6954 -34 -14.2325 -13.3046 -34 -16.7675 -16.799 -43.6935 -16.25 -17.6218 -31 -16.725 -15.5 -32.3 -14.25 -13.7676 -31 -17.2324 -14.4664 -44 -14.9032 -16.6935 -44 -15.5 -15.5 -44 -16.6935 -14.875 -31.175 -16.5825 -14.875 -32.3 -16.5825 -14.201 -43.6935 -16.25 -14.7882 -31.3 -12.8437 -16.8764 -31 -15.8688 -15.8882 -34.51 -16.9489 -13.1335 -31 -16.1341 -17.2324 -31 -13.7676 -15.1118 -34.51 -14.0511 -16.125 -32.3 -14.4175 -14.7882 -33.785 -12.8437 -16.2118 -33.785 -18.1563 -16.125 -31.175 -14.4175 -16.799 -34.51 -16.25 -12.75 -31.3 -15.5 -14.201 -34.51 -14.75 -14.25 -31 -14.7783 -17.2387 -34 -15.9659 -13.7613 -34 -15.0341 -16.2118 -31.3 -18.1563 -14.25 -32.3 -14.7783 -12.75 -33.785 -15.5 -17.8665 -31 -14.8659 -18.25 -33.785 -15.5 -17.9486 -34 -14.8439 -13.0514 -34 -16.1561 -14.9032 -44 -14.4664 -13.5555 -31.3 -17.4445 -15.5 -43.6935 -14 -15.5 -31 -16.9434 -18.25 -31.3 -15.5 -17.3 -34 -15.5 -13.7 -34 -15.5 -16.75 -32.3 -16.2217 -14.25 -31 -14.8259 -14.4924 -31 -14.4924 -15.1118 -43.6935 -14.0511 -15.5 -32.3 -16.9434 -13.5555 -33.785 -17.4445 -16.75 -31 -16.2217 -17.4445 -33.785 -13.5555 -14.2926 -32.3 -15.8235 -16.4 -34 -13.9412 -14.6 -34 -17.0588 -14.201 -43.6935 -14.75 -17.4445 -31.3 -13.5555 -15.5 -32.3 -14.0566 -15.5 -31 -14.0566 -16.75 -31 -16.1741 -16.7074 -32.3 -15.1765 -16.5076 -31 -16.5076 -14.3065 -44 -15.5 -16.7728 -34 -16.7728 -14.2272 -34 -14.2272 -15.5 -34.51 -14 -15.5 -34.51 -17 -16.25 -43.6935 -16.799 -16.3439 -44 -16.3439 -14.075 -31 -15.5 -16.3439 -44 -14.6561 -15.5 -43.6935 -17 -14.6 -34 -13.9412 -16.4 -34 -17.0588 -16.25 -34.51 -16.799 -14.75 -34.51 -14.201 -16.0968 -44 -14.4664 -16.925 -31 -15.5 -15.1765 -32.3 -14.2926 </float_array>
          <technique_common>
            <accessor source="#_ISO-4762_M3x1010000031_3-vertex-array" count="277" stride="3">
              <param name="X" type="float"/>
              <param name="Y" type="float"/>
              <param name="Z" type="float"/>
            </accessor>
          </technique_common>
        </source>
        <source id="_ISO-4762_M3x1010000031_3-normal">
          <float_array id="_ISO-4762_M3x1010000031_3-normal-array" count="423">0.609736 -0.704063 0.352031 -0.609736 0.704063 -0.352031 -0.741697 -0.503787 -0.428219 3.72529e-09 0.864155 -1.24176e-09 0 -1 0 0 1 0 0.741697 -0.503787 0.428219 -0.221662 -0.503787 -0.827255 0.221662 -0.503787 0.827255 -0.221662 -0.503787 0.827255 1 0 0 -1 0 0 0.221662 -0.503787 -0.827255 0.5 0 -0.866025 -0.5 0 0.866025 0.256605 0 0.957662 -0.256605 0 -0.957662 0.497847 0.704063 0.497847 -0.497847 -0.704063 -0.497847 0.0926916 0.704063 -0.704063 0.497847 -0.704063 0.497847 -0.497847 0.704063 -0.497847 -0.0926916 0.704063 0.704063 0.858616 0 0.495722 -0.858616 0 -0.495722 0.352031 0.704063 0.609736 -0.352031 -0.704063 -0.609736 0.352031 -0.704063 0.609736 -0.352031 0.704063 -0.609736 0.56339 0.704063 0.432305 -0.56339 0.704063 -0.432305 0.12913 0.864155 -0.48192 -0.12913 0.864155 0.48192 0.656082 0.704063 -0.271758 -0.656082 0.704063 0.271758 0.432078 0.864155 0.24946 -0.701057 0 0.701057 0.701057 0 -0.701057 0.0926916 0.704063 0.704063 -0.432078 0.864155 -0.24946 -0.0926916 0.704063 -0.704063 -0.256605 0 0.957662 0.256605 0 -0.957662 -0.856438 -0.503787 0 0.856438 -0.503787 0 0.957662 0 0.256605 -0.957662 0 -0.256605 0 0.864155 -0.49892 0 0.864155 0.49892 0.35279 0.864155 0.35279 -0.35279 0.864155 -0.35279 -0.605593 -0.503787 0.605593 0.48192 0.864155 0.12913 0.605593 -0.503787 -0.605593 -0.48192 0.864155 -0.12913 -0.827255 -0.503787 -0.221662 0.827255 -0.503787 0.221662 0.701057 0 0.701057 -0.701057 0 -0.701057 0.680072 0.704063 0.182225 -0.680072 -0.704063 -0.182225 0.680072 -0.704063 0.182225 -0.680072 0.704063 -0.182225 0 -0.704063 0.704063 0 0.704063 -0.704063 -0.609736 -0.704063 0.352031 0.609736 0.704063 -0.352031 0 0.704063 0.704063 0 -0.704063 -0.704063 -0.609736 0.704063 0.352031 0.609736 -0.704063 -0.352031 0.49892 0.864155 0 -0.49892 0.864155 0 0.24946 0.864155 -0.432078 0.48192 0.864155 -0.12913 -0.24946 0.864155 0.432078 -0.48192 0.864155 0.12913 0.991445 0 0 -0.991445 0 0 0.432078 0.864155 -0.24946 0 -0.503787 0.856438 0 -0.503787 -0.856438 -0.741697 -0.503787 0.428219 -0.432078 0.864155 0.24946 -0.182225 -0.704063 0.680072 0.182225 0.704063 -0.680072 0.741697 -0.503787 -0.428219 -0.182225 0.704063 0.680072 0.182225 -0.704063 -0.680072 0.12913 0.864155 0.48192 -0.428219 -0.503787 0.741697 -0.605593 -0.503787 -0.605593 0.428219 -0.503787 -0.741697 -0.12913 0.864155 -0.48192 0.605593 -0.503787 0.605593 0 0 0.991445 0 0 -0.991445 -0.957662 0 0.256605 0.957662 0 -0.256605 -0.680072 -0.704063 0.182225 0.680072 0.704063 -0.182225 -0.680072 0.704063 0.182225 0.680072 -0.704063 -0.182225 -0.827255 -0.503787 0.221662 0.827255 -0.503787 -0.221662 0.56339 0.704063 -0.432305 -0.56339 0.704063 0.432305 -0.428219 -0.503787 -0.741697 -0.497847 -0.704063 0.497847 0.497847 0.704063 -0.497847 0.428219 -0.503787 0.741697 -0.497847 0.704063 0.497847 0.497847 -0.704063 -0.497847 0.182225 0.704063 0.680072 -0.182225 -0.704063 -0.680072 -0.858616 0 0.495722 0.858616 0 -0.495722 0.182225 -0.704063 0.680072 -0.182225 0.704063 -0.680072 0.495722 0 0.858616 -0.495722 0 -0.858616 0.35279 0.864155 -0.35279 -0.35279 0.864155 0.35279 -0.495722 0 0.858616 0.495722 0 -0.858616 -0.352031 -0.704063 0.609736 0.352031 0.704063 -0.609736 -0.352031 0.704063 0.609736 0.352031 -0.704063 -0.609736 0.656082 0.704063 0.271758 -0.656082 0.704063 -0.271758 0.24946 0.864155 0.432078 -0.24946 0.864155 -0.432078 0.704063 0.704063 0 -0.704063 -0.704063 0 0.704063 -0.704063 0 -0.704063 0.704063 0 -0.5 0 -0.866025 0.5 0 0.866025 0.609736 0.704063 0.352031 -0.609736 -0.704063 -0.352031 </float_array>
          <technique_common>
            <accessor source="#_ISO-4762_M3x1010000031_3-normal-array" count="141" stride="3">
              <param name="X" type="float"/>
              <param name="Y" type="float"/>
              <param name="Z" type="float"/>
            </accessor>
          </technique_common>
        </source>
        <vertices id="_ISO-4762_M3x1010000031_3-vertex-obj">
          <input semantic="POSITION" source="#_ISO-4762_M3x1010000031_3-vertex"/>
        </vertices>
        <triangles material="Nr10000031_3Mat0" count="550">
          <input semantic="VERTEX" source="#_ISO-4762_M3x1010000031_3-vertex-obj" offset="0"/>
          <input semantic="NORMAL" source="#_ISO-4762_M3x1010000031_3-normal" offset="1"/>
          <p>99 5 57 5 28 5 28 5 57 5 105 5 28 5 105 5 7 5 7 5 105 5 178 5 7 5 178 5 205 5 205 5 178 5 238 5 205 5 238 5 69 5 178 5 203 5 197 5 178 5 197 5 171 5 178 5 171 5 163 5 178 5 163 5 238 5 203 5 15 5 257 5 203 5 257 5 248 5 203 5 248 5 67 5 203 5 67 5 259 5 203 5 259 5 197 5 198 5 185 5 231 5 231 5 185 5 51 5 231 5 51 5 138 5 138 5 51 5 275 5 138 5 275 5 15 5 15 5 275 5 213 5 15 5 213 5 257 5 70 5 53 5 54 5 54 5 53 5 29 5 54 5 29 5 231 5 231 5 29 5 50 5 231 5 50 5 198 5 159 5 191 5 216 5 216 5 191 5 256 5 216 5 256 5 54 5 54 5 256 5 81 5 54 5 81 5 70 5 69 5 66 5 205 5 205 5 66 5 45 5 205 5 45 5 47 5 47 5 45 5 22 5 47 5 22 5 40 5 40 5 184 5 47 5 47 5 184 5 170 5 47 5 170 5 215 5 215 5 170 5 42 5 215 5 42 5 125 5 125 5 42 5 267 5 125 5 267 5 199 5 5 5 125 5 199 5 5 5 199 5 243 5 5 5 243 5 225 5 5 5 225 5 59 5 5 5 59 5 244 5 5 5 244 5 191 5 191 5 244 5 183 5 191 5 183 5 156 5 191 5 156 5 154 5 191 5 154 5 256 5 122 5 49 5 32 5 32 5 49 5 89 5 32 5 89 5 17 5 17 5 89 5 159 5 17 5 159 5 216 5 39 4 162 4 110 4 39 4 110 4 274 4 39 4 274 4 268 4 39 4 268 4 77 4 39 4 77 4 104 4 39 4 104 4 207 4 39 4 207 4 26 4 39 4 26 4 157 4 39 4 157 4 266 4 39 4 266 4 190 4 39 4 190 4 20 4 39 4 20 4 208 4 39 4 208 4 152 4 39 4 152 4 27 4 39 4 27 4 18 4 39 4 18 4 121 4 39 4 121 4 151 4 39 4 151 4 260 4 39 4 260 4 48 4 39 4 48 4 206 4 39 4 206 4 11 4 39 4 11 4 235 4 134 4 131 4 137 4 137 4 131 4 181 4 137 4 181 4 3 4 3 4 181 4 24 4 3 4 24 4 64 4 64 4 24 4 72 4 64 4 72 4 271 4 116 4 201 4 91 4 116 4 91 4 252 4 116 4 252 4 109 4 116 4 109 4 24 4 116 4 24 4 181 4 227 4 241 4 188 4 188 4 241 4 83 4 188 4 83 4 234 4 234 4 83 4 174 4 234 4 174 4 201 4 201 4 174 4 91 4 270 4 262 4 44 4 44 4 262 4 148 4 44 4 148 4 10 4 10 4 148 4 227 4 10 4 227 4 188 4 180 4 115 4 2 4 2 4 115 4 23 4 2 4 23 4 63 4 63 4 23 4 71 4 63 4 71 4 44 4 44 4 71 4 270 4 226 4 9 4 147 4 147 4 9 4 43 4 147 4 43 4 261 4 261 4 43 4 64 4 261 4 64 4 271 4 90 4 200 4 173 4 173 4 200 4 233 4 173 4 233 4 82 4 82 4 233 4 187 4 82 4 187 4 240 4 240 4 187 4 9 4 240 4 9 4 226 4 23 4 115 4 108 4 108 4 115 4 200 4 108 4 200 4 251 4 251 4 200 4 90 4 136 4 133 4 130 4 136 4 130 4 180 4 136 4 180 4 2 4 232 78 239 78 182 46 232 78 182 46 175 46 187 134 232 134 175 60 187 134 175 60 9 60 182 62 239 136 138 136 182 62 138 136 15 62 213 59 275 133 62 133 213 59 62 133 25 59 242 5 60 5 119 5 242 5 119 5 179 5 242 5 179 5 84 5 242 5 84 5 111 5 119 52 60 71 0 3 106 78 135 78 35 46 106 78 35 46 30 46 207 134 106 134 30 60 207 134 30 60 26 60 35 55 135 43 240 43 35 55 240 43 226 55 175 46 182 46 129 24 175 46 129 24 128 24 43 140 9 60 175 60 43 140 175 60 128 140 182 62 15 62 203 1 182 62 203 1 129 1 213 59 25 59 257 129 119 52 0 3 179 35 30 46 35 46 222 24 30 46 222 24 202 24 157 140 26 60 30 60 157 140 30 60 202 140 222 2 35 55 226 55 222 2 226 55 147 2 128 24 129 24 123 58 128 24 123 58 114 58 64 18 43 140 128 140 64 18 128 140 114 18 129 1 203 1 178 21 129 1 178 21 123 21 259 17 67 29 61 17 111 138 246 138 238 138 111 138 238 138 163 138 111 138 163 138 177 138 111 138 177 138 117 138 111 138 117 138 61 138 111 138 61 138 67 138 111 138 67 138 248 138 111 138 248 138 242 138 179 35 0 3 84 49 202 24 222 24 19 58 202 24 19 58 4 58 266 18 157 140 202 140 266 18 202 140 4 18 222 2 147 2 261 91 222 2 261 91 19 91 114 58 123 58 102 120 114 58 102 120 95 120 64 18 114 18 95 26 64 18 95 26 3 26 102 28 123 21 178 21 102 28 178 21 105 28 197 25 259 17 61 17 197 25 61 17 117 25 111 131 84 49 0 3 4 58 19 58 272 120 4 58 272 120 265 120 266 18 4 18 265 26 266 18 265 26 190 26 19 91 261 91 271 107 19 91 271 107 272 107 95 120 102 120 228 16 95 120 228 16 220 16 3 26 95 26 220 114 3 26 220 114 137 114 228 118 102 28 105 28 228 118 105 28 57 118 171 113 197 25 117 25 171 113 117 25 177 113 246 5 111 5 1 5 246 5 1 5 196 5 246 5 196 5 96 5 246 5 96 5 210 5 1 89 111 131 0 3 265 120 272 120 214 16 265 120 214 16 195 16 190 26 265 26 195 114 190 26 195 114 20 114 272 107 271 107 72 7 272 107 72 7 214 7 220 16 228 16 158 96 220 16 158 96 166 96 137 114 220 114 166 68 137 114 166 68 134 68 158 64 228 118 57 118 158 64 57 118 99 64 163 38 171 113 177 113 196 48 1 89 0 3 195 16 214 16 264 96 195 16 264 96 269 96 20 114 195 114 269 68 20 114 269 68 208 68 214 7 72 7 24 81 214 7 24 81 264 81 166 96 158 96 8 42 166 96 8 42 12 42 134 68 166 68 12 88 134 68 12 88 131 88 8 85 158 64 99 64 8 85 99 64 28 85 66 87 69 22 34 87 186 14 184 14 40 14 186 14 40 14 78 14 186 14 78 14 209 14 186 14 209 14 210 14 210 14 209 14 34 14 210 14 34 14 69 14 210 14 69 14 238 14 210 14 238 14 246 14 196 48 0 3 96 32 269 96 264 96 146 42 269 96 146 42 155 42 208 68 269 68 155 88 208 68 155 88 152 88 146 12 264 81 24 81 146 12 24 81 109 12 12 42 8 42 68 124 12 42 68 124 73 124 181 128 131 88 12 88 181 128 12 88 73 128 8 85 28 85 7 126 8 85 7 126 68 126 66 87 34 87 209 127 66 87 209 127 45 127 96 32 0 3 210 75 155 42 146 42 143 124 155 42 143 124 153 124 27 128 152 88 155 88 27 128 155 88 153 128 143 92 146 12 109 12 143 92 109 12 252 92 73 124 68 124 236 37 73 124 236 37 247 37 116 112 181 128 73 128 116 112 73 128 247 112 68 126 7 126 205 109 68 126 205 109 236 109 45 127 209 127 78 111 45 127 78 111 22 111 186 5 210 5 98 5 186 5 98 5 86 5 186 5 86 5 250 5 186 5 250 5 58 5 210 75 0 3 98 122 153 124 143 124 76 37 153 124 76 37 87 37 18 112 27 128 153 128 18 112 153 128 87 112 143 92 252 92 91 53 143 92 91 53 76 53 247 37 236 37 33 116 247 37 33 116 36 116 36 70 201 70 116 112 36 70 116 112 247 112 205 109 47 66 33 66 205 109 33 66 236 109 78 111 40 106 22 111 98 122 0 3 86 83 87 37 76 37 194 116 87 37 194 116 211 116 211 70 121 70 18 112 211 70 18 112 87 112 76 53 91 53 174 86 76 53 174 86 194 86 36 116 33 116 132 98 36 116 132 98 140 98 140 102 234 102 201 70 140 102 201 70 36 70 47 66 215 100 132 100 47 66 132 100 33 66 170 34 100 101 42 101 58 11 229 11 225 11 58 11 225 11 243 11 58 11 243 11 14 11 58 11 14 11 56 11 58 11 56 11 100 11 58 11 100 11 170 11 58 11 170 11 184 11 58 11 184 11 186 11 86 83 0 3 250 76 211 116 194 116 164 98 211 116 164 98 189 98 189 102 151 102 121 70 189 102 121 70 211 70 83 104 164 104 194 86 83 104 194 86 174 86 140 98 132 98 223 77 140 98 223 77 230 77 230 135 188 135 234 102 230 135 234 102 140 102 125 133 223 133 132 100 125 133 132 100 215 100 100 101 56 136 267 136 100 101 267 136 42 101 250 76 0 3 58 72 189 98 164 98 139 77 189 98 139 77 150 77 189 102 150 135 260 135 189 102 260 135 151 102 241 44 139 44 164 104 241 44 164 104 83 104 230 77 223 77 165 45 230 77 165 45 172 45 230 135 172 61 10 61 230 135 10 61 188 135 5 59 165 59 223 133 5 59 223 133 125 133 14 62 199 62 267 136 14 62 267 136 56 136 229 5 58 5 103 5 229 5 103 5 168 5 229 5 168 5 80 5 229 5 80 5 97 5 0 3 103 54 58 72 150 77 139 77 37 45 150 77 37 45 52 45 150 135 52 61 48 61 150 135 48 61 260 135 241 44 227 56 37 56 241 44 37 56 139 44 172 45 165 45 118 23 172 45 118 23 126 23 172 61 126 0 44 0 172 61 44 0 10 61 191 139 118 139 165 59 191 139 165 59 5 59 14 62 243 130 199 62 0 3 168 39 103 54 52 45 37 45 224 23 52 45 224 23 253 23 52 61 253 0 206 0 52 61 206 0 48 61 227 56 148 6 224 6 227 56 224 6 37 56 126 23 118 23 101 57 126 23 101 57 112 57 126 0 112 20 63 20 126 0 63 20 44 0 159 17 101 17 118 139 159 17 118 139 191 139 55 21 244 21 59 30 97 137 255 137 256 137 97 137 256 137 154 137 97 137 154 137 160 137 97 137 160 137 94 137 97 137 94 137 55 137 97 137 55 137 59 137 97 137 59 137 225 137 97 137 225 137 229 137 0 3 80 50 168 39 253 23 224 23 21 57 253 23 21 57 31 57 253 0 31 20 11 20 253 0 11 20 206 0 224 6 148 6 262 94 224 6 262 94 21 94 112 57 101 57 88 119 112 57 88 119 93 119 93 27 2 27 63 20 93 27 63 20 112 20 159 17 89 25 88 25 159 17 88 25 101 17 55 21 94 28 183 28 55 21 183 28 244 21 80 50 0 3 97 132 31 57 21 57 273 119 31 57 273 119 6 119 6 27 235 27 11 20 6 27 11 20 31 20 21 94 262 94 270 110 21 94 270 110 273 110 93 119 88 119 212 15 93 119 212 15 219 15 219 117 136 117 2 27 219 117 2 27 93 27 89 25 49 113 212 113 89 25 212 113 88 25 94 28 160 118 156 118 94 28 156 118 183 28 255 5 97 5 276 5 255 5 276 5 204 5 255 5 204 5 107 5 255 5 107 5 218 5 97 132 0 3 276 93 6 119 273 119 217 15 6 119 217 15 245 15 245 117 39 117 235 27 245 117 235 27 6 27 71 8 217 8 273 110 71 8 273 110 270 110 219 15 212 15 176 95 219 15 176 95 167 95 167 63 133 63 136 117 167 63 136 117 219 117 49 113 122 67 176 67 49 113 176 67 212 113 160 118 154 40 156 118 276 93 0 3 204 47 245 15 217 15 263 95 245 15 263 95 237 95 237 63 162 63 39 117 237 63 39 117 245 117 23 80 263 80 217 8 23 80 217 8 71 8 167 95 176 95 16 41 167 95 16 41 13 41 167 63 13 84 130 84 167 63 130 84 133 63 32 87 16 87 176 67 32 87 176 67 122 67 46 85 70 85 81 19 85 13 221 13 218 13 218 13 221 13 46 13 218 13 46 13 255 13 255 13 46 13 81 13 255 13 81 13 256 13 50 13 85 13 218 13 50 13 218 13 193 13 50 13 193 13 198 13 0 3 107 31 204 47 237 95 263 95 144 41 237 95 144 41 127 41 237 63 127 84 110 84 237 63 110 84 162 63 23 80 108 9 144 9 23 80 144 9 263 80 13 41 16 41 79 123 13 41 79 123 74 123 13 84 74 125 180 125 13 84 180 125 130 84 17 127 79 127 16 87 17 127 16 87 32 87 221 126 53 126 70 85 221 126 70 85 46 85 0 3 218 73 107 31 127 41 144 41 142 123 127 41 142 123 120 123 127 84 120 125 274 125 127 84 274 125 110 84 108 9 251 90 142 90 108 9 142 90 144 9 74 123 79 123 254 36 74 123 254 36 249 36 74 125 249 108 115 108 74 125 115 108 180 125 216 111 254 111 79 127 216 111 79 127 17 127 85 109 29 109 53 126 85 109 53 126 221 126 193 5 218 5 113 5 193 5 113 5 92 5 193 5 92 5 258 5 193 5 258 5 60 5 0 3 113 121 218 73 120 123 142 123 75 36 120 123 75 36 65 36 120 125 65 108 268 108 120 125 268 108 274 125 251 90 90 51 75 51 251 90 75 51 142 90 249 36 254 36 41 115 249 36 41 115 38 115 115 108 249 108 38 65 115 108 38 65 200 65 41 69 254 111 216 111 41 69 216 111 54 69 50 105 29 109 85 109 92 79 113 121 0 3 65 36 75 36 192 115 65 36 192 115 169 115 268 108 65 108 169 65 268 108 169 65 77 65 75 51 90 51 173 82 75 51 173 82 192 82 38 115 41 115 145 97 38 115 145 97 141 97 200 65 38 65 141 99 200 65 141 99 233 99 145 101 41 69 54 69 145 101 54 69 231 101 51 100 185 33 124 100 193 10 60 10 62 10 62 10 60 10 242 10 62 10 242 10 25 10 25 10 242 10 248 10 25 10 248 10 257 10 193 10 62 10 124 10 193 10 124 10 185 10 193 10 185 10 198 10 258 74 92 79 0 3 169 115 192 115 161 97 169 115 161 97 149 97 77 65 169 65 149 99 77 65 149 99 104 99 192 82 173 82 82 103 192 82 82 103 161 103 141 97 145 97 239 78 141 97 239 78 232 78 233 99 141 99 232 134 233 99 232 134 187 134 239 136 145 101 231 101 239 136 231 101 138 136 275 133 51 100 124 100 275 133 124 100 62 133 60 71 258 74 0 3 149 97 161 97 135 78 149 97 135 78 106 78 104 99 149 99 106 134 104 99 106 134 207 134 161 103 82 103 240 43 161 103 240 43 135 43 </p>
        </triangles>
      </mesh>
    </geometry>
    <geometry id="_ISO-4762_M3x1010000031_3-con">
      <convex_mesh convex_hull_of="#_ISO-4762_M3x1010000031_3-obj"/>
    </geometry>
    <geometry id="_ISO-4026_M3x410000032_0-obj" name="_ISO-4026_M3x4">
      <mesh>
        <source id="_ISO-4026_M3x410000032_0-vertex">
          <float_array id="_ISO-4026_M3x410000032_0-vertex-array" count="507">-15.5 -3.28763 -3.38763 -15.5 -4.51237 -4.61237 -12 -3.15 -2.70096 -11.5 -4.9 -4 -11.5 -3.4 -3.13397 -13.067 -3.9 -4 -11.5 -4.4 -3.13397 -15.5 -4.74393 -3.15607 -15.5 -3.05607 -4.84393 -13.5 -4.65 -3.56699 -13.5 -4.43033 -4.53033 -15.5 -3.15 -4.43301 -15.5 -4.65 -3.56699 -13.5 -3.15 -4.43301 -15.5 -4.49675 -2.9664 -15.5 -3.30325 -5.0336 -13.5 -3.36967 -3.46967 -11.5 -2.9 -4 -12 -4.96066 -5.06066 -11.5 -3.4 -4.86603 -13.5 -4.62444 -4.19411 -15.1935 -4.96066 -5.06066 -11.5 -4.86593 -3.74118 -15.1935 -2.83934 -2.93934 -13.5 -3.17556 -3.80589 -12 -2.83934 -2.93934 -11.5 -2.93407 -4.25882 -11.5 -4.76603 -3.5 -15.5 -3.5911 -2.84717 -15.5 -4.2089 -5.15283 -15.5 -3.67586 -3.16348 -15.5 -4.12414 -4.83652 -15.5 -2.74717 -3.6911 -15.5 -5.05283 -4.3089 -12 -5.34889 -4.38823 -15.4483 -4.44904 -4.54904 -15.4483 -3.35096 -3.45096 -11.5 -4.15882 -4.96593 -11.5 -3.03397 -4.5 -15.5 -4.12414 -3.16348 -15.5 -3.67586 -4.83652 -15.5 -3.06348 -4.22414 -15.5 -4.73652 -3.77586 -15.1935 -5.34889 -4.38823 -15.1935 -2.45111 -3.61177 -12 -2.45111 -3.61177 -11.5 -3.64118 -3.03407 -13.5 -4.275 -3.35048 -13.5 -4.09411 -3.27556 -15.433 -4.275 -3.35048 -15.433 -3.525 -4.64952 -13.5 -3.525 -4.64952 -13.5 -3.70589 -4.72444 -13.5 -4.62444 -3.80589 -13.5 -3.17556 -4.19411 -11.5 -4.15882 -3.03407 -12 -4.96066 -2.93934 -15.1935 -4.96066 -2.93934 -15.1935 -2.83934 -5.06066 -13.5 -4.09411 -4.72444 -13.5 -4.54952 -4.375 -12 -2.83934 -5.06066 -11.5 -3.64118 -4.96593 -13.5 -3.70589 -3.27556 -13.5 -3.25048 -3.625 -13.5 -3.9 -3.25 -15.5 -2.8664 -4.59675 -15.5 -4.9336 -3.40325 -13.5 -3.9 -4.75 -13.5 -4.275 -4.64952 -15.433 -4.275 -4.64952 -15.433 -3.525 -3.35048 -13.5 -4.65 -4.43301 -13.5 -3.525 -3.35048 -15.5 -3.15 -3.56699 -15.5 -4.65 -4.43301 -13.5 -3.9 -3.13397 -13.5 -3.15 -3.56699 -11.5 -4.76603 -4.5 -15.5 -3.9 -3.13397 -15.5 -3.9 -4.86603 -12 -5.4 -4 -13.5 -3.9 -4.86603 -12 -4.65 -2.70096 -15.1935 -5.4 -4 -15.5 -2.74717 -4.3089 -15.5 -5.05283 -3.6911 -15.1935 -2.4 -4 -15.5 -4.2089 -2.84717 -15.5 -3.5911 -5.15283 -12 -4.28823 -2.55111 -11.5 -4.60711 -3.29289 -15.1935 -4.65 -2.70096 -15.1935 -3.15 -5.29904 -12 -2.4 -4 -11.5 -3.03397 -3.5 -15.1935 -4.28823 -2.55111 -15.1935 -3.51177 -5.44889 -11.5 -3.9 -3 -12 -3.15 -5.29904 -12 -3.51177 -5.44889 -11.5 -3.19289 -4.70711 -11.5 -3.9 -5 -12 -5.34889 -3.61177 -15.4483 -4.65 -4.20096 -15.4483 -3.15 -3.79904 -15.1935 -5.34889 -3.61177 -15.1935 -2.45111 -4.38823 -13.5 -4.43033 -3.46967 -12 -2.45111 -4.38823 -11.5 -4.60711 -4.70711 -13.5 -3.36967 -4.53033 -15.5 -2.8664 -3.40325 -15.5 -4.9336 -4.59675 -15.4483 -4.10096 -3.25 -12 -5.19904 -3.25 -15.4483 -3.69904 -4.75 -15.5 -3.9 -2.8065 -15.5 -3.9 -5.1935 -15.1935 -5.19904 -3.25 -15.1935 -2.60096 -4.75 -15.5 -3.28763 -4.61237 -15.5 -4.51237 -3.38763 -11.5 -3.19289 -3.29289 -13.5 -4.65 -4 -12 -2.60096 -4.75 -11.5 -4.86593 -4.25882 -15.433 -4.65 -4 -15.433 -3.15 -4 -13.5 -3.15 -4 -12 -4.28823 -5.44889 -15.5 -3.30325 -2.9664 -15.5 -4.49675 -5.0336 -15.4483 -4.10096 -4.75 -12 -5.19904 -4.75 -15.4483 -3.69904 -3.25 -15.1935 -4.28823 -5.44889 -15.1935 -3.51177 -2.55111 -11.5 -2.93407 -3.74118 -15.1935 -5.19904 -4.75 -15.1935 -2.60096 -3.25 -12 -3.51177 -2.55111 -15.4483 -4.44904 -3.45096 -15.5 -2.7065 -4 -15.5 -5.0935 -4 -15.4483 -3.35096 -4.54904 -12 -2.60096 -3.25 -15.5 -3.03397 -4 -15.5 -4.76603 -4 -13.5 -4.54952 -3.625 -13.5 -3.25048 -4.375 -15.5 -4.33301 -3.25 -15.5 -3.46699 -4.75 -12 -3.9 -2.5 -15.4483 -4.65 -3.79904 -15.4483 -3.15 -4.20096 -15.1935 -3.9 -2.5 -15.1935 -3.9 -5.5 -15.5 -3.06348 -3.77586 -15.5 -4.73652 -4.22414 -12 -3.9 -5.5 -12 -4.65 -5.29904 -11.5 -4.4 -4.86603 -15.5 -3.46699 -3.25 -15.5 -4.33301 -4.75 -15.1935 -4.65 -5.29904 -15.1935 -3.15 -2.70096 -15.5 -3.05607 -3.15607 -15.5 -4.74393 -4.84393 </float_array>
          <technique_common>
            <accessor source="#_ISO-4026_M3x410000032_0-vertex-array" count="169" stride="3">
              <param name="X" type="float"/>
              <param name="Y" type="float"/>
              <param name="Z" type="float"/>
            </accessor>
          </technique_common>
        </source>
        <source id="_ISO-4026_M3x410000032_0-normal">
          <float_array id="_ISO-4026_M3x410000032_0-normal-array" count="351">0.704063 0.609736 0.352031 -0.704063 -0.609736 -0.352031 -0.864155 3.72529e-09 -1.24176e-09 1 0 0 -1 0 0 0 1 0 0 -1 0 0 0.5 -0.866025 0 -0.5 0.866025 0 0.256605 0.957662 0 -0.256605 -0.957662 -0.704063 0.497847 0.497847 0.704063 -0.497847 -0.497847 0.704063 0.497847 0.497847 -0.704063 -0.497847 -0.497847 0 0.858616 0.495722 0 -0.858616 -0.495722 -0.704063 0.352031 0.609736 0.704063 -0.352031 -0.609736 0.704063 0.352031 0.609736 -0.704063 -0.352031 -0.609736 -0.864155 0.12913 -0.48192 -0.864155 0.399236 0.306344 -0.864155 -0.12913 0.48192 -0.864155 -0.399236 -0.306344 -0.864155 0.432078 0.24946 0 -0.701057 0.701057 0 0.701057 -0.701057 -0.864155 -0.432078 -0.24946 0 -0.256605 0.957662 0 0.256605 -0.957662 -0.864155 0.46492 0.192576 -0.864155 -0.46492 -0.192576 0 0.957662 0.256605 0 -0.957662 -0.256605 -0.864155 0 -0.49892 -0.864155 0.0656841 -0.49892 -0.864155 0 0.49892 -0.864155 0.35279 0.35279 -0.864155 -0.0656841 0.49892 -0.864155 -0.35279 -0.35279 -0.864155 0.48192 0.12913 -0.864155 -0.48192 -0.12913 0 0.701057 0.701057 0 -0.701057 -0.701057 -0.704063 0.680072 0.182225 0.704063 -0.680072 -0.182225 0.704063 0.680072 0.182225 -0.704063 -0.680072 -0.182225 0.704063 0 0.704063 -0.704063 0 -0.704063 0.704063 -0.609736 0.352031 -0.704063 0.609736 -0.352031 -0.704063 0 0.704063 0.704063 0 -0.704063 -0.704063 -0.609736 0.352031 0.704063 0.609736 -0.352031 -0.864155 0.49892 0 -0.864155 -0.49892 0 -0.864155 0.24946 -0.432078 -0.864155 0.48192 -0.12913 -0.864155 0.46492 -0.192576 -0.864155 -0.24946 0.432078 -0.864155 -0.48192 0.12913 -0.864155 -0.46492 0.192576 0 0.991445 0 0 -0.991445 0 -0.864155 0.432078 -0.24946 -0.864155 -0.432078 0.24946 0.704063 -0.182225 0.680072 -0.704063 0.182225 -0.680072 -0.704063 -0.182225 0.680072 0.704063 0.182225 -0.680072 -0.864155 0.399236 -0.306344 -0.864155 -0.399236 0.306344 -0.864155 0.12913 0.48192 -0.864155 -0.12913 -0.48192 0 0 0.991445 0 0 -0.991445 0 -0.957662 0.256605 0 0.957662 -0.256605 0.704063 -0.680072 0.182225 -0.704063 0.680072 -0.182225 -0.704063 -0.680072 0.182225 0.704063 0.680072 -0.182225 0.704063 -0.497847 0.497847 -0.704063 0.497847 -0.497847 -0.704063 -0.497847 0.497847 0.704063 0.497847 -0.497847 -0.864155 0.0656841 0.49892 -0.704063 0.182225 0.680072 0.704063 -0.182225 -0.680072 0 -0.858616 0.495722 0 0.858616 -0.495722 -0.864155 -0.0656841 -0.49892 0.704063 0.182225 0.680072 -0.704063 -0.182225 -0.680072 0 0.495722 0.858616 0 -0.495722 -0.858616 -0.864155 0.35279 -0.35279 -0.864155 -0.35279 0.35279 0 -0.495722 0.858616 0 0.495722 -0.858616 0.704063 -0.352031 0.609736 -0.704063 0.352031 -0.609736 -0.704063 -0.352031 0.609736 0.704063 0.352031 -0.609736 -0.864155 0.24946 0.432078 -0.864155 -0.24946 -0.432078 -0.704063 0.704063 0 0.704063 -0.704063 0 0.704063 0.704063 0 -0.704063 -0.704063 0 0 -0.5 -0.866025 0 0.5 0.866025 -0.704063 0.609736 0.352031 0.704063 -0.609736 -0.352031 </float_array>
          <technique_common>
            <accessor source="#_ISO-4026_M3x410000032_0-normal-array" count="117" stride="3">
              <param name="X" type="float"/>
              <param name="Y" type="float"/>
              <param name="Z" type="float"/>
            </accessor>
          </technique_common>
        </source>
        <vertices id="_ISO-4026_M3x410000032_0-vertex-obj">
          <input semantic="POSITION" source="#_ISO-4026_M3x410000032_0-vertex"/>
        </vertices>
        <triangles material="Nr10000032_0Mat0" count="334">
          <input semantic="VERTEX" source="#_ISO-4026_M3x410000032_0-vertex-obj" offset="0"/>
          <input semantic="NORMAL" source="#_ISO-4026_M3x410000032_0-normal" offset="1"/>
          <p>118 4 29 4 89 4 89 4 29 4 132 4 89 4 132 4 15 4 15 4 132 4 80 4 15 4 80 4 8 4 8 4 80 4 40 4 8 4 40 4 152 4 168 4 113 4 1 4 168 4 1 4 164 4 168 4 164 4 31 4 168 4 31 4 80 4 168 4 80 4 132 4 148 4 159 4 33 4 33 4 159 4 75 4 33 4 75 4 113 4 113 4 75 4 1 4 151 4 122 4 67 4 67 4 122 4 12 4 67 4 12 4 86 4 86 4 12 4 42 4 86 4 42 4 144 4 144 4 42 4 148 4 144 4 148 4 33 4 131 4 167 4 14 4 14 4 167 4 79 4 14 4 79 4 7 4 7 4 79 4 39 4 7 4 39 4 67 4 67 4 39 4 151 4 41 4 85 4 11 4 11 4 85 4 66 4 11 4 66 4 121 4 121 4 66 4 8 4 121 4 8 4 152 4 0 4 112 4 74 4 74 4 112 4 32 4 74 4 32 4 158 4 158 4 32 4 143 4 158 4 143 4 147 4 147 4 143 4 85 4 147 4 85 4 41 4 79 4 167 4 30 4 30 4 167 4 112 4 30 4 112 4 163 4 163 4 112 4 0 4 88 4 117 4 28 4 88 4 28 4 131 4 88 4 131 4 14 4 46 3 98 3 55 3 46 3 55 3 6 3 46 3 6 3 91 3 46 3 91 3 27 3 46 3 27 3 22 3 46 3 22 3 3 3 46 3 3 3 126 3 46 3 126 3 78 3 46 3 78 3 110 3 46 3 110 3 162 3 46 3 162 3 37 3 46 3 37 3 102 3 46 3 102 3 62 3 46 3 62 3 19 3 46 3 19 3 101 3 46 3 101 3 38 3 46 3 38 3 26 3 46 3 26 3 17 3 46 3 17 3 138 3 46 3 138 3 95 3 46 3 95 3 123 3 46 3 123 3 4 3 43 48 84 112 144 112 43 48 144 112 33 48 81 66 84 66 43 34 81 66 43 34 34 34 3 110 81 110 34 46 3 110 34 46 126 46 72 4 124 4 20 4 72 4 20 4 60 4 72 4 60 4 10 4 72 4 10 4 69 4 20 41 124 57 5 2 159 41 148 57 127 57 159 41 127 57 104 41 43 48 33 48 113 1 43 48 113 1 139 1 34 34 43 34 139 16 34 34 139 16 134 16 78 116 126 46 34 46 78 116 34 46 134 116 20 41 5 2 60 25 159 41 104 41 75 31 139 1 113 1 168 14 139 1 168 14 21 14 134 16 139 16 21 44 134 16 21 44 18 44 110 12 78 116 134 116 110 12 134 116 18 12 60 25 5 2 10 38 1 38 75 22 35 38 69 114 82 114 80 114 69 114 80 114 133 114 69 114 133 114 70 114 69 114 70 114 35 114 69 114 35 114 75 114 69 114 75 114 72 114 168 14 132 20 165 20 168 14 165 20 21 14 18 44 21 44 165 98 18 44 165 98 161 98 110 12 18 12 161 18 110 12 161 18 162 18 69 107 10 38 5 2 164 107 1 38 35 38 164 107 35 38 70 107 132 20 29 96 136 96 132 20 136 96 165 20 161 98 165 98 136 10 161 98 136 10 130 10 162 18 161 18 130 91 162 18 130 91 37 91 82 4 69 4 59 4 82 4 59 4 68 4 82 4 68 4 52 4 82 4 52 4 51 4 59 75 69 107 5 2 31 75 164 107 70 107 31 75 70 107 133 75 29 96 118 50 157 50 29 96 157 50 136 96 130 10 136 10 157 78 130 10 157 78 160 78 37 91 130 91 160 54 37 91 160 54 102 54 68 37 59 75 5 2 80 89 31 75 133 75 97 70 157 50 118 50 97 70 118 50 89 70 160 78 157 78 97 30 160 78 97 30 100 30 102 54 160 54 100 72 102 54 100 72 62 72 68 37 5 2 52 23 40 23 80 39 116 23 80 8 82 8 116 8 116 8 82 8 51 8 116 8 51 8 50 8 50 8 51 8 13 8 50 8 13 8 145 8 145 8 13 8 11 8 97 70 89 70 15 104 97 70 15 104 93 104 100 30 97 30 93 102 100 30 93 102 99 102 19 106 62 72 100 72 19 106 100 72 99 106 52 23 5 2 51 62 40 23 116 23 50 62 40 23 50 62 152 62 93 104 15 104 8 86 93 104 8 86 58 86 99 102 93 102 58 27 99 102 58 27 61 27 101 88 19 106 99 106 101 88 99 106 61 88 13 4 51 4 111 4 13 4 111 4 150 4 13 4 150 4 54 4 13 4 54 4 129 4 51 62 5 2 111 100 121 100 152 62 50 62 121 100 50 62 145 100 8 86 66 52 120 52 8 86 120 52 58 86 61 27 58 27 120 93 61 27 120 93 125 93 125 56 38 56 101 88 125 56 101 88 61 88 111 100 5 2 150 68 11 74 121 100 145 100 66 52 85 82 107 82 66 52 107 82 120 52 125 93 120 93 107 80 125 93 107 80 109 80 109 84 26 84 38 56 109 84 38 56 125 56 150 68 5 2 54 63 41 63 11 64 155 63 129 6 77 6 74 6 129 6 74 6 105 6 129 6 105 6 128 6 129 6 128 6 155 6 129 6 155 6 11 6 129 6 11 6 13 6 85 82 143 109 87 109 85 82 87 109 107 82 109 80 107 80 87 65 109 80 87 65 94 65 94 111 17 111 26 84 94 111 26 84 109 84 54 63 5 2 129 58 147 58 41 63 155 63 147 58 155 63 128 58 32 45 44 45 87 109 32 45 87 109 143 109 94 65 87 65 44 33 94 65 44 33 45 33 94 111 45 47 138 47 94 111 138 47 17 111 77 4 129 4 24 4 77 4 24 4 64 4 77 4 64 4 16 4 77 4 16 4 73 4 5 2 24 42 129 58 105 42 158 42 147 58 105 42 147 58 128 58 112 115 140 115 44 45 112 115 44 45 32 45 45 33 44 33 140 15 45 33 140 15 146 15 45 47 146 0 95 0 45 47 95 0 138 47 5 2 64 28 24 42 105 42 74 32 158 42 167 11 23 11 140 115 167 11 140 115 112 115 146 15 140 15 23 43 146 15 23 43 25 43 146 0 25 13 123 13 146 0 123 13 95 0 5 2 16 40 64 28 0 40 74 24 36 40 73 113 76 113 79 113 73 113 79 113 135 113 73 113 135 113 71 113 73 113 71 113 36 113 73 113 36 113 74 113 73 113 74 113 77 113 167 11 131 17 166 17 167 11 166 17 23 11 25 43 23 43 166 97 25 43 166 97 2 97 2 19 4 19 123 13 2 19 123 13 25 13 16 40 5 2 73 108 163 108 0 40 36 40 163 108 36 40 71 108 131 17 28 90 137 90 131 17 137 90 166 17 2 97 166 97 137 9 2 97 137 9 141 9 141 95 46 95 4 19 141 95 4 19 2 19 76 4 73 4 63 4 76 4 63 4 65 4 76 4 65 4 48 4 76 4 48 4 47 4 73 108 5 2 63 76 30 76 163 108 71 108 30 76 71 108 135 76 28 90 117 53 156 53 28 90 156 53 137 90 141 9 137 9 156 77 141 9 156 77 153 77 153 49 98 49 46 95 153 49 46 95 141 95 63 76 5 2 65 35 79 94 30 76 135 76 88 71 96 71 156 53 88 71 156 53 117 53 153 77 156 77 96 29 153 77 96 29 90 29 153 49 90 69 55 69 153 49 55 69 98 49 5 2 48 21 65 35 114 21 39 21 79 36 142 7 49 7 47 7 47 7 49 7 114 7 47 7 114 7 76 7 76 7 114 7 79 7 9 7 12 7 142 7 9 7 142 7 47 7 14 105 92 105 96 71 14 105 96 71 88 71 90 29 96 29 92 101 90 29 92 101 83 101 90 69 83 103 6 103 90 69 6 103 55 69 5 2 47 59 48 21 49 59 151 59 39 21 49 59 39 21 114 21 7 87 57 87 92 105 7 87 92 105 14 105 83 101 92 101 57 26 83 101 57 26 56 26 83 103 56 85 91 85 83 103 91 85 6 103 9 4 47 4 108 4 9 4 108 4 149 4 9 4 149 4 53 4 9 4 53 4 124 4 5 2 108 99 47 59 122 99 151 59 49 59 122 99 49 59 142 99 7 87 67 55 119 55 7 87 119 55 57 87 56 26 57 26 119 92 56 26 119 92 115 92 91 85 56 85 115 51 91 85 115 51 27 51 149 67 108 99 5 2 12 73 122 99 142 99 67 55 86 83 106 83 67 55 106 83 119 55 115 92 119 92 106 79 115 92 106 79 103 79 27 51 115 51 103 81 27 51 103 81 22 81 53 60 149 67 5 2 42 60 12 61 154 60 124 5 72 5 75 5 124 5 75 5 104 5 124 5 104 5 127 5 124 5 127 5 154 5 124 5 154 5 12 5 124 5 12 5 9 5 86 83 144 112 84 112 86 83 84 112 106 83 103 79 106 79 84 66 103 79 84 66 81 66 22 81 103 81 81 110 22 81 81 110 3 110 124 57 53 60 5 2 148 57 42 60 154 60 148 57 154 60 127 57 </p>
        </triangles>
      </mesh>
    </geometry>
    <geometry id="_ISO-4026_M3x410000032_0-con">
      <convex_mesh convex_hull_of="#_ISO-4026_M3x410000032_0-obj"/>
    </geometry>
    <geometry id="_ISO-4026_M3x410000033_0-obj" name="_ISO-4026_M3x4">
      <mesh>
        <source id="_ISO-4026_M3x410000033_0-vertex">
          <float_array id="_ISO-4026_M3x410000033_0-vertex-array" count="507">15.5 -3.28763 3.38763 15.5 -4.51237 4.61237 12 -3.15 2.70096 11.5 -4.9 4 11.5 -3.4 3.13397 13.067 -3.9 4 11.5 -4.4 3.13397 15.5 -4.74393 3.15607 15.5 -3.05607 4.84393 13.5 -4.65 3.56699 13.5 -4.43033 4.53033 15.5 -3.15 4.43301 15.5 -4.65 3.56699 13.5 -3.15 4.43301 15.5 -4.49675 2.9664 15.5 -3.30325 5.0336 13.5 -3.36967 3.46967 11.5 -2.9 4 12 -4.96066 5.06066 11.5 -3.4 4.86603 13.5 -4.62444 4.19411 15.1935 -4.96066 5.06066 11.5 -4.86593 3.74118 15.1935 -2.83934 2.93934 13.5 -3.17556 3.80589 12 -2.83934 2.93934 11.5 -2.93407 4.25882 11.5 -4.76603 3.5 15.5 -3.5911 2.84717 15.5 -4.2089 5.15283 15.5 -3.67586 3.16348 15.5 -4.12414 4.83652 15.5 -2.74717 3.6911 15.5 -5.05283 4.3089 12 -5.34889 4.38823 15.4483 -4.44904 4.54904 15.4483 -3.35096 3.45096 11.5 -4.15882 4.96593 11.5 -3.03397 4.5 15.5 -4.12414 3.16348 15.5 -3.67586 4.83652 15.5 -3.06348 4.22414 15.5 -4.73652 3.77586 15.1935 -5.34889 4.38823 15.1935 -2.45111 3.61177 12 -2.45111 3.61177 11.5 -3.64118 3.03407 13.5 -4.275 3.35048 13.5 -4.09411 3.27556 15.433 -4.275 3.35048 15.433 -3.525 4.64952 13.5 -3.525 4.64952 13.5 -3.70589 4.72444 13.5 -4.62444 3.80589 13.5 -3.17556 4.19411 11.5 -4.15882 3.03407 12 -4.96066 2.93934 15.1935 -4.96066 2.93934 15.1935 -2.83934 5.06066 13.5 -4.09411 4.72444 13.5 -4.54952 4.375 12 -2.83934 5.06066 11.5 -3.64118 4.96593 13.5 -3.70589 3.27556 13.5 -3.25048 3.625 13.5 -3.9 3.25 15.5 -2.8664 4.59675 15.5 -4.9336 3.40325 13.5 -3.9 4.75 13.5 -4.275 4.64952 15.433 -4.275 4.64952 15.433 -3.525 3.35048 13.5 -4.65 4.43301 13.5 -3.525 3.35048 15.5 -3.15 3.56699 15.5 -4.65 4.43301 13.5 -3.9 3.13397 13.5 -3.15 3.56699 11.5 -4.76603 4.5 15.5 -3.9 3.13397 15.5 -3.9 4.86603 12 -5.4 4 13.5 -3.9 4.86603 12 -4.65 2.70096 15.1935 -5.4 4 15.5 -2.74717 4.3089 15.5 -5.05283 3.6911 15.1935 -2.4 4 15.5 -4.2089 2.84717 15.5 -3.5911 5.15283 12 -4.28823 2.55111 11.5 -4.60711 3.29289 15.1935 -4.65 2.70096 15.1935 -3.15 5.29904 12 -2.4 4 11.5 -3.03397 3.5 15.1935 -4.28823 2.55111 15.1935 -3.51177 5.44889 11.5 -3.9 3 12 -3.15 5.29904 12 -3.51177 5.44889 11.5 -3.19289 4.70711 11.5 -3.9 5 12 -5.34889 3.61177 15.4483 -4.65 4.20096 15.4483 -3.15 3.79904 15.1935 -5.34889 3.61177 15.1935 -2.45111 4.38823 13.5 -4.43033 3.46967 12 -2.45111 4.38823 11.5 -4.60711 4.70711 13.5 -3.36967 4.53033 15.5 -2.8664 3.40325 15.5 -4.9336 4.59675 15.4483 -4.10096 3.25 12 -5.19904 3.25 15.4483 -3.69904 4.75 15.5 -3.9 2.8065 15.5 -3.9 5.1935 15.1935 -5.19904 3.25 15.1935 -2.60096 4.75 15.5 -3.28763 4.61237 15.5 -4.51237 3.38763 11.5 -3.19289 3.29289 13.5 -4.65 4 12 -2.60096 4.75 11.5 -4.86593 4.25882 15.433 -4.65 4 15.433 -3.15 4 13.5 -3.15 4 12 -4.28823 5.44889 15.5 -3.30325 2.9664 15.5 -4.49675 5.0336 15.4483 -4.10096 4.75 12 -5.19904 4.75 15.4483 -3.69904 3.25 15.1935 -4.28823 5.44889 15.1935 -3.51177 2.55111 11.5 -2.93407 3.74118 15.1935 -5.19904 4.75 15.1935 -2.60096 3.25 12 -3.51177 2.55111 15.4483 -4.44904 3.45096 15.5 -2.7065 4 15.5 -5.0935 4 15.4483 -3.35096 4.54904 12 -2.60096 3.25 15.5 -3.03397 4 15.5 -4.76603 4 13.5 -4.54952 3.625 13.5 -3.25048 4.375 15.5 -4.33301 3.25 15.5 -3.46699 4.75 12 -3.9 2.5 15.4483 -4.65 3.79904 15.4483 -3.15 4.20096 15.1935 -3.9 2.5 15.1935 -3.9 5.5 15.5 -3.06348 3.77586 15.5 -4.73652 4.22414 12 -3.9 5.5 12 -4.65 5.29904 11.5 -4.4 4.86603 15.5 -3.46699 3.25 15.5 -4.33301 4.75 15.1935 -4.65 5.29904 15.1935 -3.15 2.70096 15.5 -3.05607 3.15607 15.5 -4.74393 4.84393 </float_array>
          <technique_common>
            <accessor source="#_ISO-4026_M3x410000033_0-vertex-array" count="169" stride="3">
              <param name="X" type="float"/>
              <param name="Y" type="float"/>
              <param name="Z" type="float"/>
            </accessor>
          </technique_common>
        </source>
        <source id="_ISO-4026_M3x410000033_0-normal">
          <float_array id="_ISO-4026_M3x410000033_0-normal-array" count="351">-0.704063 0.609736 -0.352031 0.704063 -0.609736 0.352031 0.864155 3.72529e-09 1.24176e-09 -1 0 0 1 0 0 0 1 0 0 -1 0 0 0.5 0.866025 0 -0.5 -0.866025 0 0.256605 -0.957662 0 -0.256605 0.957662 0.704063 0.497847 -0.497847 -0.704063 -0.497847 0.497847 -0.704063 0.497847 -0.497847 0.704063 -0.497847 0.497847 0 0.858616 -0.495722 0 -0.858616 0.495722 0.704063 0.352031 -0.609736 -0.704063 -0.352031 0.609736 -0.704063 0.352031 -0.609736 0.704063 -0.352031 0.609736 0.864155 0.12913 0.48192 0.864155 0.399236 -0.306344 0.864155 -0.12913 -0.48192 0.864155 -0.399236 0.306344 0.864155 0.432078 -0.24946 0 -0.701057 -0.701057 0 0.701057 0.701057 0.864155 -0.432078 0.24946 0 -0.256605 -0.957662 0 0.256605 0.957662 0.864155 0.46492 -0.192576 0.864155 -0.46492 0.192576 0 0.957662 -0.256605 0 -0.957662 0.256605 0.864155 0 0.49892 0.864155 0.0656841 0.49892 0.864155 0 -0.49892 0.864155 0.35279 -0.35279 0.864155 -0.0656841 -0.49892 0.864155 -0.35279 0.35279 0.864155 0.48192 -0.12913 0.864155 -0.48192 0.12913 0 0.701057 -0.701057 0 -0.701057 0.701057 0.704063 0.680072 -0.182225 -0.704063 -0.680072 0.182225 -0.704063 0.680072 -0.182225 0.704063 -0.680072 0.182225 -0.704063 0 -0.704063 0.704063 0 0.704063 -0.704063 -0.609736 -0.352031 0.704063 0.609736 0.352031 0.704063 0 -0.704063 -0.704063 0 0.704063 0.704063 -0.609736 -0.352031 -0.704063 0.609736 0.352031 0.864155 0.49892 0 0.864155 -0.49892 0 0.864155 0.24946 0.432078 0.864155 0.48192 0.12913 0.864155 0.46492 0.192576 0.864155 -0.24946 -0.432078 0.864155 -0.48192 -0.12913 0.864155 -0.46492 -0.192576 0 0.991445 0 0 -0.991445 0 0.864155 0.432078 0.24946 0.864155 -0.432078 -0.24946 -0.704063 -0.182225 -0.680072 0.704063 0.182225 0.680072 0.704063 -0.182225 -0.680072 -0.704063 0.182225 0.680072 0.864155 0.399236 0.306344 0.864155 -0.399236 -0.306344 0.864155 0.12913 -0.48192 0.864155 -0.12913 0.48192 0 0 -0.991445 0 0 0.991445 0 -0.957662 -0.256605 0 0.957662 0.256605 -0.704063 -0.680072 -0.182225 0.704063 0.680072 0.182225 0.704063 -0.680072 -0.182225 -0.704063 0.680072 0.182225 -0.704063 -0.497847 -0.497847 0.704063 0.497847 0.497847 0.704063 -0.497847 -0.497847 -0.704063 0.497847 0.497847 0.864155 0.0656841 -0.49892 0.704063 0.182225 -0.680072 -0.704063 -0.182225 0.680072 0 -0.858616 -0.495722 0 0.858616 0.495722 0.864155 -0.0656841 0.49892 -0.704063 0.182225 -0.680072 0.704063 -0.182225 0.680072 0 0.495722 -0.858616 0 -0.495722 0.858616 0.864155 0.35279 0.35279 0.864155 -0.35279 -0.35279 0 -0.495722 -0.858616 0 0.495722 0.858616 -0.704063 -0.352031 -0.609736 0.704063 0.352031 0.609736 0.704063 -0.352031 -0.609736 -0.704063 0.352031 0.609736 0.864155 0.24946 -0.432078 0.864155 -0.24946 0.432078 0.704063 0.704063 0 -0.704063 -0.704063 0 -0.704063 0.704063 0 0.704063 -0.704063 0 0 -0.5 0.866025 0 0.5 -0.866025 0.704063 0.609736 -0.352031 -0.704063 -0.609736 0.352031 </float_array>
          <technique_common>
            <accessor source="#_ISO-4026_M3x410000033_0-normal-array" count="117" stride="3">
              <param name="X" type="float"/>
              <param name="Y" type="float"/>
              <param name="Z" type="float"/>
            </accessor>
          </technique_common>
        </source>
        <vertices id="_ISO-4026_M3x410000033_0-vertex-obj">
          <input semantic="POSITION" source="#_ISO-4026_M3x410000033_0-vertex"/>
        </vertices>
        <triangles material="Nr10000033_0Mat0" count="334">
          <input semantic="VERTEX" source="#_ISO-4026_M3x410000033_0-vertex-obj" offset="0"/>
          <input semantic="NORMAL" source="#_ISO-4026_M3x410000033_0-normal" offset="1"/>
          <p>118 4 29 4 89 4 89 4 29 4 132 4 89 4 132 4 15 4 15 4 132 4 80 4 15 4 80 4 8 4 8 4 80 4 40 4 8 4 40 4 152 4 168 4 113 4 1 4 168 4 1 4 164 4 168 4 164 4 31 4 168 4 31 4 80 4 168 4 80 4 132 4 148 4 159 4 33 4 33 4 159 4 75 4 33 4 75 4 113 4 113 4 75 4 1 4 151 4 122 4 67 4 67 4 122 4 12 4 67 4 12 4 86 4 86 4 12 4 42 4 86 4 42 4 144 4 144 4 42 4 148 4 144 4 148 4 33 4 131 4 167 4 14 4 14 4 167 4 79 4 14 4 79 4 7 4 7 4 79 4 39 4 7 4 39 4 67 4 67 4 39 4 151 4 41 4 85 4 11 4 11 4 85 4 66 4 11 4 66 4 121 4 121 4 66 4 8 4 121 4 8 4 152 4 0 4 112 4 74 4 74 4 112 4 32 4 74 4 32 4 158 4 158 4 32 4 143 4 158 4 143 4 147 4 147 4 143 4 85 4 147 4 85 4 41 4 79 4 167 4 30 4 30 4 167 4 112 4 30 4 112 4 163 4 163 4 112 4 0 4 88 4 117 4 28 4 88 4 28 4 131 4 88 4 131 4 14 4 46 3 98 3 55 3 46 3 55 3 6 3 46 3 6 3 91 3 46 3 91 3 27 3 46 3 27 3 22 3 46 3 22 3 3 3 46 3 3 3 126 3 46 3 126 3 78 3 46 3 78 3 110 3 46 3 110 3 162 3 46 3 162 3 37 3 46 3 37 3 102 3 46 3 102 3 62 3 46 3 62 3 19 3 46 3 19 3 101 3 46 3 101 3 38 3 46 3 38 3 26 3 46 3 26 3 17 3 46 3 17 3 138 3 46 3 138 3 95 3 46 3 95 3 123 3 46 3 123 3 4 3 43 48 84 112 144 112 43 48 144 112 33 48 81 66 84 66 43 34 81 66 43 34 34 34 3 110 81 110 34 46 3 110 34 46 126 46 72 4 124 4 20 4 72 4 20 4 60 4 72 4 60 4 10 4 72 4 10 4 69 4 20 41 124 57 5 2 159 41 148 57 127 57 159 41 127 57 104 41 43 48 33 48 113 1 43 48 113 1 139 1 34 34 43 34 139 16 34 34 139 16 134 16 78 116 126 46 34 46 78 116 34 46 134 116 20 41 5 2 60 25 159 41 104 41 75 31 139 1 113 1 168 14 139 1 168 14 21 14 134 16 139 16 21 44 134 16 21 44 18 44 110 12 78 116 134 116 110 12 134 116 18 12 60 25 5 2 10 38 1 38 75 22 35 38 69 114 82 114 80 114 69 114 80 114 133 114 69 114 133 114 70 114 69 114 70 114 35 114 69 114 35 114 75 114 69 114 75 114 72 114 168 14 132 20 165 20 168 14 165 20 21 14 18 44 21 44 165 98 18 44 165 98 161 98 110 12 18 12 161 18 110 12 161 18 162 18 69 107 10 38 5 2 164 107 1 38 35 38 164 107 35 38 70 107 132 20 29 96 136 96 132 20 136 96 165 20 161 98 165 98 136 10 161 98 136 10 130 10 162 18 161 18 130 91 162 18 130 91 37 91 82 4 69 4 59 4 82 4 59 4 68 4 82 4 68 4 52 4 82 4 52 4 51 4 59 75 69 107 5 2 31 75 164 107 70 107 31 75 70 107 133 75 29 96 118 50 157 50 29 96 157 50 136 96 130 10 136 10 157 78 130 10 157 78 160 78 37 91 130 91 160 54 37 91 160 54 102 54 68 37 59 75 5 2 80 89 31 75 133 75 97 70 157 50 118 50 97 70 118 50 89 70 160 78 157 78 97 30 160 78 97 30 100 30 102 54 160 54 100 72 102 54 100 72 62 72 68 37 5 2 52 23 40 23 80 39 116 23 80 8 82 8 116 8 116 8 82 8 51 8 116 8 51 8 50 8 50 8 51 8 13 8 50 8 13 8 145 8 145 8 13 8 11 8 97 70 89 70 15 104 97 70 15 104 93 104 100 30 97 30 93 102 100 30 93 102 99 102 19 106 62 72 100 72 19 106 100 72 99 106 52 23 5 2 51 62 40 23 116 23 50 62 40 23 50 62 152 62 93 104 15 104 8 86 93 104 8 86 58 86 99 102 93 102 58 27 99 102 58 27 61 27 101 88 19 106 99 106 101 88 99 106 61 88 13 4 51 4 111 4 13 4 111 4 150 4 13 4 150 4 54 4 13 4 54 4 129 4 51 62 5 2 111 100 121 100 152 62 50 62 121 100 50 62 145 100 8 86 66 52 120 52 8 86 120 52 58 86 61 27 58 27 120 93 61 27 120 93 125 93 125 56 38 56 101 88 125 56 101 88 61 88 111 100 5 2 150 68 11 74 121 100 145 100 66 52 85 82 107 82 66 52 107 82 120 52 125 93 120 93 107 80 125 93 107 80 109 80 109 84 26 84 38 56 109 84 38 56 125 56 150 68 5 2 54 63 41 63 11 64 155 63 129 6 77 6 74 6 129 6 74 6 105 6 129 6 105 6 128 6 129 6 128 6 155 6 129 6 155 6 11 6 129 6 11 6 13 6 85 82 143 109 87 109 85 82 87 109 107 82 109 80 107 80 87 65 109 80 87 65 94 65 94 111 17 111 26 84 94 111 26 84 109 84 54 63 5 2 129 58 147 58 41 63 155 63 147 58 155 63 128 58 32 45 44 45 87 109 32 45 87 109 143 109 94 65 87 65 44 33 94 65 44 33 45 33 94 111 45 47 138 47 94 111 138 47 17 111 77 4 129 4 24 4 77 4 24 4 64 4 77 4 64 4 16 4 77 4 16 4 73 4 5 2 24 42 129 58 105 42 158 42 147 58 105 42 147 58 128 58 112 115 140 115 44 45 112 115 44 45 32 45 45 33 44 33 140 15 45 33 140 15 146 15 45 47 146 0 95 0 45 47 95 0 138 47 5 2 64 28 24 42 105 42 74 32 158 42 167 11 23 11 140 115 167 11 140 115 112 115 146 15 140 15 23 43 146 15 23 43 25 43 146 0 25 13 123 13 146 0 123 13 95 0 5 2 16 40 64 28 0 40 74 24 36 40 73 113 76 113 79 113 73 113 79 113 135 113 73 113 135 113 71 113 73 113 71 113 36 113 73 113 36 113 74 113 73 113 74 113 77 113 167 11 131 17 166 17 167 11 166 17 23 11 25 43 23 43 166 97 25 43 166 97 2 97 2 19 4 19 123 13 2 19 123 13 25 13 16 40 5 2 73 108 163 108 0 40 36 40 163 108 36 40 71 108 131 17 28 90 137 90 131 17 137 90 166 17 2 97 166 97 137 9 2 97 137 9 141 9 141 95 46 95 4 19 141 95 4 19 2 19 76 4 73 4 63 4 76 4 63 4 65 4 76 4 65 4 48 4 76 4 48 4 47 4 73 108 5 2 63 76 30 76 163 108 71 108 30 76 71 108 135 76 28 90 117 53 156 53 28 90 156 53 137 90 141 9 137 9 156 77 141 9 156 77 153 77 153 49 98 49 46 95 153 49 46 95 141 95 63 76 5 2 65 35 79 94 30 76 135 76 88 71 96 71 156 53 88 71 156 53 117 53 153 77 156 77 96 29 153 77 96 29 90 29 153 49 90 69 55 69 153 49 55 69 98 49 5 2 48 21 65 35 114 21 39 21 79 36 142 7 49 7 47 7 47 7 49 7 114 7 47 7 114 7 76 7 76 7 114 7 79 7 9 7 12 7 142 7 9 7 142 7 47 7 14 105 92 105 96 71 14 105 96 71 88 71 90 29 96 29 92 101 90 29 92 101 83 101 90 69 83 103 6 103 90 69 6 103 55 69 5 2 47 59 48 21 49 59 151 59 39 21 49 59 39 21 114 21 7 87 57 87 92 105 7 87 92 105 14 105 83 101 92 101 57 26 83 101 57 26 56 26 83 103 56 85 91 85 83 103 91 85 6 103 9 4 47 4 108 4 9 4 108 4 149 4 9 4 149 4 53 4 9 4 53 4 124 4 5 2 108 99 47 59 122 99 151 59 49 59 122 99 49 59 142 99 7 87 67 55 119 55 7 87 119 55 57 87 56 26 57 26 119 92 56 26 119 92 115 92 91 85 56 85 115 51 91 85 115 51 27 51 149 67 108 99 5 2 12 73 122 99 142 99 67 55 86 83 106 83 67 55 106 83 119 55 115 92 119 92 106 79 115 92 106 79 103 79 27 51 115 51 103 81 27 51 103 81 22 81 53 60 149 67 5 2 42 60 12 61 154 60 124 5 72 5 75 5 124 5 75 5 104 5 124 5 104 5 127 5 124 5 127 5 154 5 124 5 154 5 12 5 124 5 12 5 9 5 86 83 144 112 84 112 86 83 84 112 106 83 103 79 106 79 84 66 103 79 84 66 81 66 22 81 103 81 81 110 22 81 81 110 3 110 124 57 53 60 5 2 148 57 42 60 154 60 148 57 154 60 127 57 </p>
        </triangles>
      </mesh>
    </geometry>
    <geometry id="_ISO-4026_M3x410000033_0-con">
      <convex_mesh convex_hull_of="#_ISO-4026_M3x410000033_0-obj"/>
    </geometry>
    <geometry id="_ISO-4026_M3x410000034_0-obj" name="_ISO-4026_M3x4">
      <mesh>
        <source id="_ISO-4026_M3x410000034_0-vertex">
          <float_array id="_ISO-4026_M3x410000034_0-vertex-array" count="507">4.61237 -3.28763 -15.5 3.38763 -4.51237 -15.5 4.75 -2.60096 -12 3 -3.9 -11.5 4.5 -3.03397 -11.5 4 -3.9 -13.067 3.5 -3.03397 -11.5 3.15607 -3.05607 -15.5 4.84393 -4.74393 -15.5 3.25 -3.46699 -13.5 3.46967 -4.43033 -13.5 4.75 -4.33301 -15.5 3.25 -3.46699 -15.5 4.75 -4.33301 -13.5 3.40325 -2.8664 -15.5 4.59675 -4.9336 -15.5 4.53033 -3.36967 -13.5 5 -3.9 -11.5 2.93934 -4.96066 -12 4.5 -4.76603 -11.5 3.27556 -4.09411 -13.5 2.93934 -4.96066 -15.1935 3.03407 -3.64118 -11.5 5.06066 -2.83934 -15.1935 4.72444 -3.70589 -13.5 5.06066 -2.83934 -12 4.96593 -4.15882 -11.5 3.13397 -3.4 -11.5 4.3089 -2.74717 -15.5 3.6911 -5.05283 -15.5 4.22414 -3.06348 -15.5 3.77586 -4.73652 -15.5 5.15283 -3.5911 -15.5 2.84717 -4.2089 -15.5 2.55111 -4.28823 -12 3.45096 -4.44904 -15.4483 4.54904 -3.35096 -15.4483 3.74118 -4.86593 -11.5 4.86603 -4.4 -11.5 3.77586 -3.06348 -15.5 4.22414 -4.73652 -15.5 4.83652 -4.12414 -15.5 3.16348 -3.67586 -15.5 2.55111 -4.28823 -15.1935 5.44889 -3.51177 -15.1935 5.44889 -3.51177 -12 4.25882 -2.93407 -11.5 3.625 -3.25048 -13.5 3.80589 -3.17556 -13.5 3.625 -3.25048 -15.433 4.375 -4.54952 -15.433 4.375 -4.54952 -13.5 4.19411 -4.62444 -13.5 3.27556 -3.70589 -13.5 4.72444 -4.09411 -13.5 3.74118 -2.93407 -11.5 2.93934 -2.83934 -12 2.93934 -2.83934 -15.1935 5.06066 -4.96066 -15.1935 3.80589 -4.62444 -13.5 3.35048 -4.275 -13.5 5.06066 -4.96066 -12 4.25882 -4.86593 -11.5 4.19411 -3.17556 -13.5 4.64952 -3.525 -13.5 4 -3.15 -13.5 5.0336 -4.49675 -15.5 2.9664 -3.30325 -15.5 4 -4.65 -13.5 3.625 -4.54952 -13.5 3.625 -4.54952 -15.433 4.375 -3.25048 -15.433 3.25 -4.33301 -13.5 4.375 -3.25048 -13.5 4.75 -3.46699 -15.5 3.25 -4.33301 -15.5 4 -3.03397 -13.5 4.75 -3.46699 -13.5 3.13397 -4.4 -11.5 4 -3.03397 -15.5 4 -4.76603 -15.5 2.5 -3.9 -12 4 -4.76603 -13.5 3.25 -2.60096 -12 2.5 -3.9 -15.1935 5.15283 -4.2089 -15.5 2.84717 -3.5911 -15.5 5.5 -3.9 -15.1935 3.6911 -2.74717 -15.5 4.3089 -5.05283 -15.5 3.61177 -2.45111 -12 3.29289 -3.19289 -11.5 3.25 -2.60096 -15.1935 4.75 -5.19904 -15.1935 5.5 -3.9 -12 4.86603 -3.4 -11.5 3.61177 -2.45111 -15.1935 4.38823 -5.34889 -15.1935 4 -2.9 -11.5 4.75 -5.19904 -12 4.38823 -5.34889 -12 4.70711 -4.60711 -11.5 4 -4.9 -11.5 2.55111 -3.51177 -12 3.25 -4.10096 -15.4483 4.75 -3.69904 -15.4483 2.55111 -3.51177 -15.1935 5.44889 -4.28823 -15.1935 3.46967 -3.36967 -13.5 5.44889 -4.28823 -12 3.29289 -4.60711 -11.5 4.53033 -4.43033 -13.5 5.0336 -3.30325 -15.5 2.9664 -4.49675 -15.5 3.79904 -3.15 -15.4483 2.70096 -3.15 -12 4.20096 -4.65 -15.4483 4 -2.7065 -15.5 4 -5.0935 -15.5 2.70096 -3.15 -15.1935 5.29904 -4.65 -15.1935 4.61237 -4.51237 -15.5 3.38763 -3.28763 -15.5 4.70711 -3.19289 -11.5 3.25 -3.9 -13.5 5.29904 -4.65 -12 3.03407 -4.15882 -11.5 3.25 -3.9 -15.433 4.75 -3.9 -15.433 4.75 -3.9 -13.5 3.61177 -5.34889 -12 4.59675 -2.8664 -15.5 3.40325 -4.9336 -15.5 3.79904 -4.65 -15.4483 2.70096 -4.65 -12 4.20096 -3.15 -15.4483 3.61177 -5.34889 -15.1935 4.38823 -2.45111 -15.1935 4.96593 -3.64118 -11.5 2.70096 -4.65 -15.1935 5.29904 -3.15 -15.1935 4.38823 -2.45111 -12 3.45096 -3.35096 -15.4483 5.1935 -3.9 -15.5 2.8065 -3.9 -15.5 4.54904 -4.44904 -15.4483 5.29904 -3.15 -12 4.86603 -3.9 -15.5 3.13397 -3.9 -15.5 3.35048 -3.525 -13.5 4.64952 -4.275 -13.5 3.56699 -3.15 -15.5 4.43301 -4.65 -15.5 4 -2.4 -12 3.25 -3.69904 -15.4483 4.75 -4.10096 -15.4483 4 -2.4 -15.1935 4 -5.4 -15.1935 4.83652 -3.67586 -15.5 3.16348 -4.12414 -15.5 4 -5.4 -12 3.25 -5.19904 -12 3.5 -4.76603 -11.5 4.43301 -3.15 -15.5 3.56699 -4.65 -15.5 3.25 -5.19904 -15.1935 4.75 -2.60096 -15.1935 4.84393 -3.05607 -15.5 3.15607 -4.74393 -15.5 </float_array>
          <technique_common>
            <accessor source="#_ISO-4026_M3x410000034_0-vertex-array" count="169" stride="3">
              <param name="X" type="float"/>
              <param name="Y" type="float"/>
              <param name="Z" type="float"/>
            </accessor>
          </technique_common>
        </source>
        <source id="_ISO-4026_M3x410000034_0-normal">
          <float_array id="_ISO-4026_M3x410000034_0-normal-array" count="351">0.609736 0.352031 0.704063 -0.609736 -0.352031 -0.704063 3.72529e-09 -1.24176e-09 -0.864155 0 0 1 0 0 -1 1 0 0 -1 0 0 0.5 -0.866025 0 -0.5 0.866025 0 0.256605 0.957662 0 -0.256605 -0.957662 0 0.497847 0.497847 -0.704063 -0.497847 -0.497847 0.704063 0.497847 0.497847 0.704063 -0.497847 -0.497847 -0.704063 0.858616 0.495722 0 -0.858616 -0.495722 0 0.352031 0.609736 -0.704063 -0.352031 -0.609736 0.704063 0.352031 0.609736 0.704063 -0.352031 -0.609736 -0.704063 0.12913 -0.48192 -0.864155 0.399236 0.306344 -0.864155 -0.12913 0.48192 -0.864155 -0.399236 -0.306344 -0.864155 0.432078 0.24946 -0.864155 -0.701057 0.701057 0 0.701057 -0.701057 0 -0.432078 -0.24946 -0.864155 -0.256605 0.957662 0 0.256605 -0.957662 0 0.46492 0.192576 -0.864155 -0.46492 -0.192576 -0.864155 0.957662 0.256605 0 -0.957662 -0.256605 0 0 -0.49892 -0.864155 0.0656841 -0.49892 -0.864155 0 0.49892 -0.864155 0.35279 0.35279 -0.864155 -0.0656841 0.49892 -0.864155 -0.35279 -0.35279 -0.864155 0.48192 0.12913 -0.864155 -0.48192 -0.12913 -0.864155 0.701057 0.701057 0 -0.701057 -0.701057 0 0.680072 0.182225 -0.704063 -0.680072 -0.182225 0.704063 0.680072 0.182225 0.704063 -0.680072 -0.182225 -0.704063 0 0.704063 0.704063 0 -0.704063 -0.704063 -0.609736 0.352031 0.704063 0.609736 -0.352031 -0.704063 0 0.704063 -0.704063 0 -0.704063 0.704063 -0.609736 0.352031 -0.704063 0.609736 -0.352031 0.704063 0.49892 0 -0.864155 -0.49892 0 -0.864155 0.24946 -0.432078 -0.864155 0.48192 -0.12913 -0.864155 0.46492 -0.192576 -0.864155 -0.24946 0.432078 -0.864155 -0.48192 0.12913 -0.864155 -0.46492 0.192576 -0.864155 0.991445 0 0 -0.991445 0 0 0.432078 -0.24946 -0.864155 -0.432078 0.24946 -0.864155 -0.182225 0.680072 0.704063 0.182225 -0.680072 -0.704063 -0.182225 0.680072 -0.704063 0.182225 -0.680072 0.704063 0.399236 -0.306344 -0.864155 -0.399236 0.306344 -0.864155 0.12913 0.48192 -0.864155 -0.12913 -0.48192 -0.864155 0 0.991445 0 0 -0.991445 0 -0.957662 0.256605 0 0.957662 -0.256605 0 -0.680072 0.182225 0.704063 0.680072 -0.182225 -0.704063 -0.680072 0.182225 -0.704063 0.680072 -0.182225 0.704063 -0.497847 0.497847 0.704063 0.497847 -0.497847 -0.704063 -0.497847 0.497847 -0.704063 0.497847 -0.497847 0.704063 0.0656841 0.49892 -0.864155 0.182225 0.680072 -0.704063 -0.182225 -0.680072 0.704063 -0.858616 0.495722 0 0.858616 -0.495722 0 -0.0656841 -0.49892 -0.864155 0.182225 0.680072 0.704063 -0.182225 -0.680072 -0.704063 0.495722 0.858616 0 -0.495722 -0.858616 0 0.35279 -0.35279 -0.864155 -0.35279 0.35279 -0.864155 -0.495722 0.858616 0 0.495722 -0.858616 0 -0.352031 0.609736 0.704063 0.352031 -0.609736 -0.704063 -0.352031 0.609736 -0.704063 0.352031 -0.609736 0.704063 0.24946 0.432078 -0.864155 -0.24946 -0.432078 -0.864155 0.704063 0 -0.704063 -0.704063 0 0.704063 0.704063 0 0.704063 -0.704063 0 -0.704063 -0.5 -0.866025 0 0.5 0.866025 0 0.609736 0.352031 -0.704063 -0.609736 -0.352031 0.704063 </float_array>
          <technique_common>
            <accessor source="#_ISO-4026_M3x410000034_0-normal-array" count="117" stride="3">
              <param name="X" type="float"/>
              <param name="Y" type="float"/>
              <param name="Z" type="float"/>
            </accessor>
          </technique_common>
        </source>
        <vertices id="_ISO-4026_M3x410000034_0-vertex-obj">
          <input semantic="POSITION" source="#_ISO-4026_M3x410000034_0-vertex"/>
        </vertices>
        <triangles material="Nr10000034_0Mat0" count="334">
          <input semantic="VERTEX" source="#_ISO-4026_M3x410000034_0-vertex-obj" offset="0"/>
          <input semantic="NORMAL" source="#_ISO-4026_M3x410000034_0-normal" offset="1"/>
          <p>118 4 29 4 89 4 89 4 29 4 132 4 89 4 132 4 15 4 15 4 132 4 80 4 15 4 80 4 8 4 8 4 80 4 40 4 8 4 40 4 152 4 168 4 113 4 1 4 168 4 1 4 164 4 168 4 164 4 31 4 168 4 31 4 80 4 168 4 80 4 132 4 148 4 159 4 33 4 33 4 159 4 75 4 33 4 75 4 113 4 113 4 75 4 1 4 151 4 122 4 67 4 67 4 122 4 12 4 67 4 12 4 86 4 86 4 12 4 42 4 86 4 42 4 144 4 144 4 42 4 148 4 144 4 148 4 33 4 131 4 167 4 14 4 14 4 167 4 79 4 14 4 79 4 7 4 7 4 79 4 39 4 7 4 39 4 67 4 67 4 39 4 151 4 41 4 85 4 11 4 11 4 85 4 66 4 11 4 66 4 121 4 121 4 66 4 8 4 121 4 8 4 152 4 0 4 112 4 74 4 74 4 112 4 32 4 74 4 32 4 158 4 158 4 32 4 143 4 158 4 143 4 147 4 147 4 143 4 85 4 147 4 85 4 41 4 79 4 167 4 30 4 30 4 167 4 112 4 30 4 112 4 163 4 163 4 112 4 0 4 88 4 117 4 28 4 88 4 28 4 131 4 88 4 131 4 14 4 46 3 98 3 55 3 46 3 55 3 6 3 46 3 6 3 91 3 46 3 91 3 27 3 46 3 27 3 22 3 46 3 22 3 3 3 46 3 3 3 126 3 46 3 126 3 78 3 46 3 78 3 110 3 46 3 110 3 162 3 46 3 162 3 37 3 46 3 37 3 102 3 46 3 102 3 62 3 46 3 62 3 19 3 46 3 19 3 101 3 46 3 101 3 38 3 46 3 38 3 26 3 46 3 26 3 17 3 46 3 17 3 138 3 46 3 138 3 95 3 46 3 95 3 123 3 46 3 123 3 4 3 43 48 84 112 144 112 43 48 144 112 33 48 81 66 84 66 43 34 81 66 43 34 34 34 3 110 81 110 34 46 3 110 34 46 126 46 72 4 124 4 20 4 72 4 20 4 60 4 72 4 60 4 10 4 72 4 10 4 69 4 20 41 124 57 5 2 159 41 148 57 127 57 159 41 127 57 104 41 43 48 33 48 113 1 43 48 113 1 139 1 34 34 43 34 139 16 34 34 139 16 134 16 78 116 126 46 34 46 78 116 34 46 134 116 20 41 5 2 60 25 159 41 104 41 75 31 139 1 113 1 168 14 139 1 168 14 21 14 134 16 139 16 21 44 134 16 21 44 18 44 110 12 78 116 134 116 110 12 134 116 18 12 60 25 5 2 10 38 1 38 75 22 35 38 69 114 82 114 80 114 69 114 80 114 133 114 69 114 133 114 70 114 69 114 70 114 35 114 69 114 35 114 75 114 69 114 75 114 72 114 168 14 132 20 165 20 168 14 165 20 21 14 18 44 21 44 165 98 18 44 165 98 161 98 110 12 18 12 161 18 110 12 161 18 162 18 69 107 10 38 5 2 164 107 1 38 35 38 164 107 35 38 70 107 132 20 29 96 136 96 132 20 136 96 165 20 161 98 165 98 136 10 161 98 136 10 130 10 162 18 161 18 130 91 162 18 130 91 37 91 82 4 69 4 59 4 82 4 59 4 68 4 82 4 68 4 52 4 82 4 52 4 51 4 59 75 69 107 5 2 31 75 164 107 70 107 31 75 70 107 133 75 29 96 118 50 157 50 29 96 157 50 136 96 130 10 136 10 157 78 130 10 157 78 160 78 37 91 130 91 160 54 37 91 160 54 102 54 68 37 59 75 5 2 80 89 31 75 133 75 97 70 157 50 118 50 97 70 118 50 89 70 160 78 157 78 97 30 160 78 97 30 100 30 102 54 160 54 100 72 102 54 100 72 62 72 68 37 5 2 52 23 40 23 80 39 116 23 80 8 82 8 116 8 116 8 82 8 51 8 116 8 51 8 50 8 50 8 51 8 13 8 50 8 13 8 145 8 145 8 13 8 11 8 97 70 89 70 15 104 97 70 15 104 93 104 100 30 97 30 93 102 100 30 93 102 99 102 19 106 62 72 100 72 19 106 100 72 99 106 52 23 5 2 51 62 40 23 116 23 50 62 40 23 50 62 152 62 93 104 15 104 8 86 93 104 8 86 58 86 99 102 93 102 58 27 99 102 58 27 61 27 101 88 19 106 99 106 101 88 99 106 61 88 13 4 51 4 111 4 13 4 111 4 150 4 13 4 150 4 54 4 13 4 54 4 129 4 51 62 5 2 111 100 121 100 152 62 50 62 121 100 50 62 145 100 8 86 66 52 120 52 8 86 120 52 58 86 61 27 58 27 120 93 61 27 120 93 125 93 125 56 38 56 101 88 125 56 101 88 61 88 111 100 5 2 150 68 11 74 121 100 145 100 66 52 85 82 107 82 66 52 107 82 120 52 125 93 120 93 107 80 125 93 107 80 109 80 109 84 26 84 38 56 109 84 38 56 125 56 150 68 5 2 54 63 41 63 11 64 155 63 129 6 77 6 74 6 129 6 74 6 105 6 129 6 105 6 128 6 129 6 128 6 155 6 129 6 155 6 11 6 129 6 11 6 13 6 85 82 143 109 87 109 85 82 87 109 107 82 109 80 107 80 87 65 109 80 87 65 94 65 94 111 17 111 26 84 94 111 26 84 109 84 54 63 5 2 129 58 147 58 41 63 155 63 147 58 155 63 128 58 32 45 44 45 87 109 32 45 87 109 143 109 94 65 87 65 44 33 94 65 44 33 45 33 94 111 45 47 138 47 94 111 138 47 17 111 77 4 129 4 24 4 77 4 24 4 64 4 77 4 64 4 16 4 77 4 16 4 73 4 5 2 24 42 129 58 105 42 158 42 147 58 105 42 147 58 128 58 112 115 140 115 44 45 112 115 44 45 32 45 45 33 44 33 140 15 45 33 140 15 146 15 45 47 146 0 95 0 45 47 95 0 138 47 5 2 64 28 24 42 105 42 74 32 158 42 167 11 23 11 140 115 167 11 140 115 112 115 146 15 140 15 23 43 146 15 23 43 25 43 146 0 25 13 123 13 146 0 123 13 95 0 5 2 16 40 64 28 0 40 74 24 36 40 73 113 76 113 79 113 73 113 79 113 135 113 73 113 135 113 71 113 73 113 71 113 36 113 73 113 36 113 74 113 73 113 74 113 77 113 167 11 131 17 166 17 167 11 166 17 23 11 25 43 23 43 166 97 25 43 166 97 2 97 2 19 4 19 123 13 2 19 123 13 25 13 16 40 5 2 73 108 163 108 0 40 36 40 163 108 36 40 71 108 131 17 28 90 137 90 131 17 137 90 166 17 2 97 166 97 137 9 2 97 137 9 141 9 141 95 46 95 4 19 141 95 4 19 2 19 76 4 73 4 63 4 76 4 63 4 65 4 76 4 65 4 48 4 76 4 48 4 47 4 73 108 5 2 63 76 30 76 163 108 71 108 30 76 71 108 135 76 28 90 117 53 156 53 28 90 156 53 137 90 141 9 137 9 156 77 141 9 156 77 153 77 153 49 98 49 46 95 153 49 46 95 141 95 63 76 5 2 65 35 79 94 30 76 135 76 88 71 96 71 156 53 88 71 156 53 117 53 153 77 156 77 96 29 153 77 96 29 90 29 153 49 90 69 55 69 153 49 55 69 98 49 5 2 48 21 65 35 114 21 39 21 79 36 142 7 49 7 47 7 47 7 49 7 114 7 47 7 114 7 76 7 76 7 114 7 79 7 9 7 12 7 142 7 9 7 142 7 47 7 14 105 92 105 96 71 14 105 96 71 88 71 90 29 96 29 92 101 90 29 92 101 83 101 90 69 83 103 6 103 90 69 6 103 55 69 5 2 47 59 48 21 49 59 151 59 39 21 49 59 39 21 114 21 7 87 57 87 92 105 7 87 92 105 14 105 83 101 92 101 57 26 83 101 57 26 56 26 83 103 56 85 91 85 83 103 91 85 6 103 9 4 47 4 108 4 9 4 108 4 149 4 9 4 149 4 53 4 9 4 53 4 124 4 5 2 108 99 47 59 122 99 151 59 49 59 122 99 49 59 142 99 7 87 67 55 119 55 7 87 119 55 57 87 56 26 57 26 119 92 56 26 119 92 115 92 91 85 56 85 115 51 91 85 115 51 27 51 149 67 108 99 5 2 12 73 122 99 142 99 67 55 86 83 106 83 67 55 106 83 119 55 115 92 119 92 106 79 115 92 106 79 103 79 27 51 115 51 103 81 27 51 103 81 22 81 53 60 149 67 5 2 42 60 12 61 154 60 124 5 72 5 75 5 124 5 75 5 104 5 124 5 104 5 127 5 124 5 127 5 154 5 124 5 154 5 12 5 124 5 12 5 9 5 86 83 144 112 84 112 86 83 84 112 106 83 103 79 106 79 84 66 103 79 84 66 81 66 22 81 103 81 81 110 22 81 81 110 3 110 124 57 53 60 5 2 148 57 42 60 154 60 148 57 154 60 127 57 </p>
        </triangles>
      </mesh>
    </geometry>
    <geometry id="_ISO-4026_M3x410000034_0-con">
      <convex_mesh convex_hull_of="#_ISO-4026_M3x410000034_0-obj"/>
    </geometry>
    <geometry id="_ISO-4026_M3x410000035_0-obj" name="_ISO-4026_M3x4">
      <mesh>
        <source id="_ISO-4026_M3x410000035_0-vertex">
          <float_array id="_ISO-4026_M3x410000035_0-vertex-array" count="507">-3.38763 -4.51237 15.5 -4.61237 -3.28763 15.5 -3.25 -5.19904 12 -5 -3.9 11.5 -3.5 -4.76603 11.5 -4 -3.9 13.067 -4.5 -4.76603 11.5 -4.84393 -4.74393 15.5 -3.15607 -3.05607 15.5 -4.75 -4.33301 13.5 -4.53033 -3.36967 13.5 -3.25 -3.46699 15.5 -4.75 -4.33301 15.5 -3.25 -3.46699 13.5 -4.59675 -4.9336 15.5 -3.40325 -2.8664 15.5 -3.46967 -4.43033 13.5 -3 -3.9 11.5 -5.06066 -2.83934 12 -3.5 -3.03397 11.5 -4.72444 -3.70589 13.5 -5.06066 -2.83934 15.1935 -4.96593 -4.15882 11.5 -2.93934 -4.96066 15.1935 -3.27556 -4.09411 13.5 -2.93934 -4.96066 12 -3.03407 -3.64118 11.5 -4.86603 -4.4 11.5 -3.6911 -5.05283 15.5 -4.3089 -2.74717 15.5 -3.77586 -4.73652 15.5 -4.22414 -3.06348 15.5 -2.84717 -4.2089 15.5 -5.15283 -3.5911 15.5 -5.44889 -3.51177 12 -4.54904 -3.35096 15.4483 -3.45096 -4.44904 15.4483 -4.25882 -2.93407 11.5 -3.13397 -3.4 11.5 -4.22414 -4.73652 15.5 -3.77586 -3.06348 15.5 -3.16348 -3.67586 15.5 -4.83652 -4.12414 15.5 -5.44889 -3.51177 15.1935 -2.55111 -4.28823 15.1935 -2.55111 -4.28823 12 -3.74118 -4.86593 11.5 -4.375 -4.54952 13.5 -4.19411 -4.62444 13.5 -4.375 -4.54952 15.433 -3.625 -3.25048 15.433 -3.625 -3.25048 13.5 -3.80589 -3.17556 13.5 -4.72444 -4.09411 13.5 -3.27556 -3.70589 13.5 -4.25882 -4.86593 11.5 -5.06066 -4.96066 12 -5.06066 -4.96066 15.1935 -2.93934 -2.83934 15.1935 -4.19411 -3.17556 13.5 -4.64952 -3.525 13.5 -2.93934 -2.83934 12 -3.74118 -2.93407 11.5 -3.80589 -4.62444 13.5 -3.35048 -4.275 13.5 -4 -4.65 13.5 -2.9664 -3.30325 15.5 -5.0336 -4.49675 15.5 -4 -3.15 13.5 -4.375 -3.25048 13.5 -4.375 -3.25048 15.433 -3.625 -4.54952 15.433 -4.75 -3.46699 13.5 -3.625 -4.54952 13.5 -3.25 -4.33301 15.5 -4.75 -3.46699 15.5 -4 -4.76603 13.5 -3.25 -4.33301 13.5 -4.86603 -3.4 11.5 -4 -4.76603 15.5 -4 -3.03397 15.5 -5.5 -3.9 12 -4 -3.03397 13.5 -4.75 -5.19904 12 -5.5 -3.9 15.1935 -2.84717 -3.5911 15.5 -5.15283 -4.2089 15.5 -2.5 -3.9 15.1935 -4.3089 -5.05283 15.5 -3.6911 -2.74717 15.5 -4.38823 -5.34889 12 -4.70711 -4.60711 11.5 -4.75 -5.19904 15.1935 -3.25 -2.60096 15.1935 -2.5 -3.9 12 -3.13397 -4.4 11.5 -4.38823 -5.34889 15.1935 -3.61177 -2.45111 15.1935 -4 -4.9 11.5 -3.25 -2.60096 12 -3.61177 -2.45111 12 -3.29289 -3.19289 11.5 -4 -2.9 11.5 -5.44889 -4.28823 12 -4.75 -3.69904 15.4483 -3.25 -4.10096 15.4483 -5.44889 -4.28823 15.1935 -2.55111 -3.51177 15.1935 -4.53033 -4.43033 13.5 -2.55111 -3.51177 12 -4.70711 -3.19289 11.5 -3.46967 -3.36967 13.5 -2.9664 -4.49675 15.5 -5.0336 -3.30325 15.5 -4.20096 -4.65 15.4483 -5.29904 -4.65 12 -3.79904 -3.15 15.4483 -4 -5.0935 15.5 -4 -2.7065 15.5 -5.29904 -4.65 15.1935 -2.70096 -3.15 15.1935 -3.38763 -3.28763 15.5 -4.61237 -4.51237 15.5 -3.29289 -4.60711 11.5 -4.75 -3.9 13.5 -2.70096 -3.15 12 -4.96593 -3.64118 11.5 -4.75 -3.9 15.433 -3.25 -3.9 15.433 -3.25 -3.9 13.5 -4.38823 -2.45111 12 -3.40325 -4.9336 15.5 -4.59675 -2.8664 15.5 -4.20096 -3.15 15.4483 -5.29904 -3.15 12 -3.79904 -4.65 15.4483 -4.38823 -2.45111 15.1935 -3.61177 -5.34889 15.1935 -3.03407 -4.15882 11.5 -5.29904 -3.15 15.1935 -2.70096 -4.65 15.1935 -3.61177 -5.34889 12 -4.54904 -4.44904 15.4483 -2.8065 -3.9 15.5 -5.1935 -3.9 15.5 -3.45096 -3.35096 15.4483 -2.70096 -4.65 12 -3.13397 -3.9 15.5 -4.86603 -3.9 15.5 -4.64952 -4.275 13.5 -3.35048 -3.525 13.5 -4.43301 -4.65 15.5 -3.56699 -3.15 15.5 -4 -5.4 12 -4.75 -4.10096 15.4483 -3.25 -3.69904 15.4483 -4 -5.4 15.1935 -4 -2.4 15.1935 -3.16348 -4.12414 15.5 -4.83652 -3.67586 15.5 -4 -2.4 12 -4.75 -2.60096 12 -4.5 -3.03397 11.5 -3.56699 -4.65 15.5 -4.43301 -3.15 15.5 -4.75 -2.60096 15.1935 -3.25 -5.19904 15.1935 -3.15607 -4.74393 15.5 -4.84393 -3.05607 15.5 </float_array>
          <technique_common>
            <accessor source="#_ISO-4026_M3x410000035_0-vertex-array" count="169" stride="3">
              <param name="X" type="float"/>
              <param name="Y" type="float"/>
              <param name="Z" type="float"/>
            </accessor>
          </technique_common>
        </source>
        <source id="_ISO-4026_M3x410000035_0-normal">
          <float_array id="_ISO-4026_M3x410000035_0-normal-array" count="351">0.609736 -0.352031 -0.704063 -0.609736 0.352031 0.704063 3.72529e-09 1.24176e-09 0.864155 0 0 -1 0 0 1 1 0 0 -1 0 0 0.5 0.866025 0 -0.5 -0.866025 0 0.256605 -0.957662 0 -0.256605 0.957662 0 0.497847 -0.497847 0.704063 -0.497847 0.497847 -0.704063 0.497847 -0.497847 -0.704063 -0.497847 0.497847 0.704063 0.858616 -0.495722 0 -0.858616 0.495722 0 0.352031 -0.609736 0.704063 -0.352031 0.609736 -0.704063 0.352031 -0.609736 -0.704063 -0.352031 0.609736 0.704063 0.12913 0.48192 0.864155 0.399236 -0.306344 0.864155 -0.12913 -0.48192 0.864155 -0.399236 0.306344 0.864155 0.432078 -0.24946 0.864155 -0.701057 -0.701057 0 0.701057 0.701057 0 -0.432078 0.24946 0.864155 -0.256605 -0.957662 0 0.256605 0.957662 0 0.46492 -0.192576 0.864155 -0.46492 0.192576 0.864155 0.957662 -0.256605 0 -0.957662 0.256605 0 0 0.49892 0.864155 0.0656841 0.49892 0.864155 0 -0.49892 0.864155 0.35279 -0.35279 0.864155 -0.0656841 -0.49892 0.864155 -0.35279 0.35279 0.864155 0.48192 -0.12913 0.864155 -0.48192 0.12913 0.864155 0.701057 -0.701057 0 -0.701057 0.701057 0 0.680072 -0.182225 0.704063 -0.680072 0.182225 -0.704063 0.680072 -0.182225 -0.704063 -0.680072 0.182225 0.704063 0 -0.704063 -0.704063 0 0.704063 0.704063 -0.609736 -0.352031 -0.704063 0.609736 0.352031 0.704063 0 -0.704063 0.704063 0 0.704063 -0.704063 -0.609736 -0.352031 0.704063 0.609736 0.352031 -0.704063 0.49892 0 0.864155 -0.49892 0 0.864155 0.24946 0.432078 0.864155 0.48192 0.12913 0.864155 0.46492 0.192576 0.864155 -0.24946 -0.432078 0.864155 -0.48192 -0.12913 0.864155 -0.46492 -0.192576 0.864155 0.991445 0 0 -0.991445 0 0 0.432078 0.24946 0.864155 -0.432078 -0.24946 0.864155 -0.182225 -0.680072 -0.704063 0.182225 0.680072 0.704063 -0.182225 -0.680072 0.704063 0.182225 0.680072 -0.704063 0.399236 0.306344 0.864155 -0.399236 -0.306344 0.864155 0.12913 -0.48192 0.864155 -0.12913 0.48192 0.864155 0 -0.991445 0 0 0.991445 0 -0.957662 -0.256605 0 0.957662 0.256605 0 -0.680072 -0.182225 -0.704063 0.680072 0.182225 0.704063 -0.680072 -0.182225 0.704063 0.680072 0.182225 -0.704063 -0.497847 -0.497847 -0.704063 0.497847 0.497847 0.704063 -0.497847 -0.497847 0.704063 0.497847 0.497847 -0.704063 0.0656841 -0.49892 0.864155 0.182225 -0.680072 0.704063 -0.182225 0.680072 -0.704063 -0.858616 -0.495722 0 0.858616 0.495722 0 -0.0656841 0.49892 0.864155 0.182225 -0.680072 -0.704063 -0.182225 0.680072 0.704063 0.495722 -0.858616 0 -0.495722 0.858616 0 0.35279 0.35279 0.864155 -0.35279 -0.35279 0.864155 -0.495722 -0.858616 0 0.495722 0.858616 0 -0.352031 -0.609736 -0.704063 0.352031 0.609736 0.704063 -0.352031 -0.609736 0.704063 0.352031 0.609736 -0.704063 0.24946 -0.432078 0.864155 -0.24946 0.432078 0.864155 0.704063 0 0.704063 -0.704063 0 -0.704063 0.704063 0 -0.704063 -0.704063 0 0.704063 -0.5 0.866025 0 0.5 -0.866025 0 0.609736 -0.352031 0.704063 -0.609736 0.352031 -0.704063 </float_array>
          <technique_common>
            <accessor source="#_ISO-4026_M3x410000035_0-normal-array" count="117" stride="3">
              <param name="X" type="float"/>
              <param name="Y" type="float"/>
              <param name="Z" type="float"/>
            </accessor>
          </technique_common>
        </source>
        <vertices id="_ISO-4026_M3x410000035_0-vertex-obj">
          <input semantic="POSITION" source="#_ISO-4026_M3x410000035_0-vertex"/>
        </vertices>
        <triangles material="Nr10000035_0Mat0" count="334">
          <input semantic="VERTEX" source="#_ISO-4026_M3x410000035_0-vertex-obj" offset="0"/>
          <input semantic="NORMAL" source="#_ISO-4026_M3x410000035_0-normal" offset="1"/>
          <p>118 4 29 4 89 4 89 4 29 4 132 4 89 4 132 4 15 4 15 4 132 4 80 4 15 4 80 4 8 4 8 4 80 4 40 4 8 4 40 4 152 4 168 4 113 4 1 4 168 4 1 4 164 4 168 4 164 4 31 4 168 4 31 4 80 4 168 4 80 4 132 4 148 4 159 4 33 4 33 4 159 4 75 4 33 4 75 4 113 4 113 4 75 4 1 4 151 4 122 4 67 4 67 4 122 4 12 4 67 4 12 4 86 4 86 4 12 4 42 4 86 4 42 4 144 4 144 4 42 4 148 4 144 4 148 4 33 4 131 4 167 4 14 4 14 4 167 4 79 4 14 4 79 4 7 4 7 4 79 4 39 4 7 4 39 4 67 4 67 4 39 4 151 4 41 4 85 4 11 4 11 4 85 4 66 4 11 4 66 4 121 4 121 4 66 4 8 4 121 4 8 4 152 4 0 4 112 4 74 4 74 4 112 4 32 4 74 4 32 4 158 4 158 4 32 4 143 4 158 4 143 4 147 4 147 4 143 4 85 4 147 4 85 4 41 4 79 4 167 4 30 4 30 4 167 4 112 4 30 4 112 4 163 4 163 4 112 4 0 4 88 4 117 4 28 4 88 4 28 4 131 4 88 4 131 4 14 4 46 3 98 3 55 3 46 3 55 3 6 3 46 3 6 3 91 3 46 3 91 3 27 3 46 3 27 3 22 3 46 3 22 3 3 3 46 3 3 3 126 3 46 3 126 3 78 3 46 3 78 3 110 3 46 3 110 3 162 3 46 3 162 3 37 3 46 3 37 3 102 3 46 3 102 3 62 3 46 3 62 3 19 3 46 3 19 3 101 3 46 3 101 3 38 3 46 3 38 3 26 3 46 3 26 3 17 3 46 3 17 3 138 3 46 3 138 3 95 3 46 3 95 3 123 3 46 3 123 3 4 3 43 48 84 112 144 112 43 48 144 112 33 48 81 66 84 66 43 34 81 66 43 34 34 34 3 110 81 110 34 46 3 110 34 46 126 46 72 4 124 4 20 4 72 4 20 4 60 4 72 4 60 4 10 4 72 4 10 4 69 4 20 41 124 57 5 2 159 41 148 57 127 57 159 41 127 57 104 41 43 48 33 48 113 1 43 48 113 1 139 1 34 34 43 34 139 16 34 34 139 16 134 16 78 116 126 46 34 46 78 116 34 46 134 116 20 41 5 2 60 25 159 41 104 41 75 31 139 1 113 1 168 14 139 1 168 14 21 14 134 16 139 16 21 44 134 16 21 44 18 44 110 12 78 116 134 116 110 12 134 116 18 12 60 25 5 2 10 38 1 38 75 22 35 38 69 114 82 114 80 114 69 114 80 114 133 114 69 114 133 114 70 114 69 114 70 114 35 114 69 114 35 114 75 114 69 114 75 114 72 114 168 14 132 20 165 20 168 14 165 20 21 14 18 44 21 44 165 98 18 44 165 98 161 98 110 12 18 12 161 18 110 12 161 18 162 18 69 107 10 38 5 2 164 107 1 38 35 38 164 107 35 38 70 107 132 20 29 96 136 96 132 20 136 96 165 20 161 98 165 98 136 10 161 98 136 10 130 10 162 18 161 18 130 91 162 18 130 91 37 91 82 4 69 4 59 4 82 4 59 4 68 4 82 4 68 4 52 4 82 4 52 4 51 4 59 75 69 107 5 2 31 75 164 107 70 107 31 75 70 107 133 75 29 96 118 50 157 50 29 96 157 50 136 96 130 10 136 10 157 78 130 10 157 78 160 78 37 91 130 91 160 54 37 91 160 54 102 54 68 37 59 75 5 2 80 89 31 75 133 75 97 70 157 50 118 50 97 70 118 50 89 70 160 78 157 78 97 30 160 78 97 30 100 30 102 54 160 54 100 72 102 54 100 72 62 72 68 37 5 2 52 23 40 23 80 39 116 23 80 8 82 8 116 8 116 8 82 8 51 8 116 8 51 8 50 8 50 8 51 8 13 8 50 8 13 8 145 8 145 8 13 8 11 8 97 70 89 70 15 104 97 70 15 104 93 104 100 30 97 30 93 102 100 30 93 102 99 102 19 106 62 72 100 72 19 106 100 72 99 106 52 23 5 2 51 62 40 23 116 23 50 62 40 23 50 62 152 62 93 104 15 104 8 86 93 104 8 86 58 86 99 102 93 102 58 27 99 102 58 27 61 27 101 88 19 106 99 106 101 88 99 106 61 88 13 4 51 4 111 4 13 4 111 4 150 4 13 4 150 4 54 4 13 4 54 4 129 4 51 62 5 2 111 100 121 100 152 62 50 62 121 100 50 62 145 100 8 86 66 52 120 52 8 86 120 52 58 86 61 27 58 27 120 93 61 27 120 93 125 93 125 56 38 56 101 88 125 56 101 88 61 88 111 100 5 2 150 68 11 74 121 100 145 100 66 52 85 82 107 82 66 52 107 82 120 52 125 93 120 93 107 80 125 93 107 80 109 80 109 84 26 84 38 56 109 84 38 56 125 56 150 68 5 2 54 63 41 63 11 64 155 63 129 6 77 6 74 6 129 6 74 6 105 6 129 6 105 6 128 6 129 6 128 6 155 6 129 6 155 6 11 6 129 6 11 6 13 6 85 82 143 109 87 109 85 82 87 109 107 82 109 80 107 80 87 65 109 80 87 65 94 65 94 111 17 111 26 84 94 111 26 84 109 84 54 63 5 2 129 58 147 58 41 63 155 63 147 58 155 63 128 58 32 45 44 45 87 109 32 45 87 109 143 109 94 65 87 65 44 33 94 65 44 33 45 33 94 111 45 47 138 47 94 111 138 47 17 111 77 4 129 4 24 4 77 4 24 4 64 4 77 4 64 4 16 4 77 4 16 4 73 4 5 2 24 42 129 58 105 42 158 42 147 58 105 42 147 58 128 58 112 115 140 115 44 45 112 115 44 45 32 45 45 33 44 33 140 15 45 33 140 15 146 15 45 47 146 0 95 0 45 47 95 0 138 47 5 2 64 28 24 42 105 42 74 32 158 42 167 11 23 11 140 115 167 11 140 115 112 115 146 15 140 15 23 43 146 15 23 43 25 43 146 0 25 13 123 13 146 0 123 13 95 0 5 2 16 40 64 28 0 40 74 24 36 40 73 113 76 113 79 113 73 113 79 113 135 113 73 113 135 113 71 113 73 113 71 113 36 113 73 113 36 113 74 113 73 113 74 113 77 113 167 11 131 17 166 17 167 11 166 17 23 11 25 43 23 43 166 97 25 43 166 97 2 97 2 19 4 19 123 13 2 19 123 13 25 13 16 40 5 2 73 108 163 108 0 40 36 40 163 108 36 40 71 108 131 17 28 90 137 90 131 17 137 90 166 17 2 97 166 97 137 9 2 97 137 9 141 9 141 95 46 95 4 19 141 95 4 19 2 19 76 4 73 4 63 4 76 4 63 4 65 4 76 4 65 4 48 4 76 4 48 4 47 4 73 108 5 2 63 76 30 76 163 108 71 108 30 76 71 108 135 76 28 90 117 53 156 53 28 90 156 53 137 90 141 9 137 9 156 77 141 9 156 77 153 77 153 49 98 49 46 95 153 49 46 95 141 95 63 76 5 2 65 35 79 94 30 76 135 76 88 71 96 71 156 53 88 71 156 53 117 53 153 77 156 77 96 29 153 77 96 29 90 29 153 49 90 69 55 69 153 49 55 69 98 49 5 2 48 21 65 35 114 21 39 21 79 36 142 7 49 7 47 7 47 7 49 7 114 7 47 7 114 7 76 7 76 7 114 7 79 7 9 7 12 7 142 7 9 7 142 7 47 7 14 105 92 105 96 71 14 105 96 71 88 71 90 29 96 29 92 101 90 29 92 101 83 101 90 69 83 103 6 103 90 69 6 103 55 69 5 2 47 59 48 21 49 59 151 59 39 21 49 59 39 21 114 21 7 87 57 87 92 105 7 87 92 105 14 105 83 101 92 101 57 26 83 101 57 26 56 26 83 103 56 85 91 85 83 103 91 85 6 103 9 4 47 4 108 4 9 4 108 4 149 4 9 4 149 4 53 4 9 4 53 4 124 4 5 2 108 99 47 59 122 99 151 59 49 59 122 99 49 59 142 99 7 87 67 55 119 55 7 87 119 55 57 87 56 26 57 26 119 92 56 26 119 92 115 92 91 85 56 85 115 51 91 85 115 51 27 51 149 67 108 99 5 2 12 73 122 99 142 99 67 55 86 83 106 83 67 55 106 83 119 55 115 92 119 92 106 79 115 92 106 79 103 79 27 51 115 51 103 81 27 51 103 81 22 81 53 60 149 67 5 2 42 60 12 61 154 60 124 5 72 5 75 5 124 5 75 5 104 5 124 5 104 5 127 5 124 5 127 5 154 5 124 5 154 5 12 5 124 5 12 5 9 5 86 83 144 112 84 112 86 83 84 112 106 83 103 79 106 79 84 66 103 79 84 66 81 66 22 81 103 81 81 110 22 81 81 110 3 110 124 57 53 60 5 2 148 57 42 60 154 60 148 57 154 60 127 57 </p>
        </triangles>
      </mesh>
    </geometry>
    <geometry id="_ISO-4026_M3x410000035_0-con">
      <convex_mesh convex_hull_of="#_ISO-4026_M3x410000035_0-obj"/>
    </geometry>
    <geometry id="_8160579_EAMC-15-10000036_0-obj" name="_8160579_EAMC-15-">
      <mesh>
        <source id="_8160579_EAMC-15-10000036_0-vertex">
          <float_array id="_8160579_EAMC-15-10000036_0-vertex-array" count="1587">6.755 -20.6196 3.9 4.25 -23.3 -7.36122 5.86899 -23.3 -5.86899 -7.824 -20.7 2.09643 -7.32209 -20.4 1.96195 2.09643 -20.7 -7.824 2.1482 -25.5 -8.01718 -1.83697e-16 -27.7 -3 -1.25 -20.7 -2.16506 5.69825 -23.6935 6 4.58815 -15.3 1.22939 -2.3 -25.4117 6.7117 -0.5 -25.6722 6.2605 -7.824 -20.7 -2.09643 5.24643 -25.5 6.59663 7.36122 -23.3 4.25 -7.36122 -27.2 -4.25 -0.5 -25.6722 5.7395 -7.32209 -20.4 -1.96195 -2.3 -25.4117 5.2883 -4.58815 -20.7 1.22939 2.41481 -27.2 0.647048 -2.3 -25.7065 6 0.5 -25.2032 6.87165 4.58815 -15.3 -1.22939 -2.5 -27.2 -4.78756e-15 2.41481 -27.2 -0.647048 -4.89859e-16 -27.7 -8 7.36122 -27.2 -4.25 6.21154 -20.1 4.11966 -6.34297 -20.6196 -4.43697 6.01041 -25.7051 6.01041 0.5 -25.2032 5.12835 6.755 -20.6196 -3.9 -4.58815 -20.7 -1.22939 8.5 -20.7 -5.93954e-15 -2.3 -22.2 6 4.15 -23.3 -7.18801 -4.25 -27.2 7.36122 -7.36122 -23.3 -4.25 7.32209 -20.4 1.96195 -2.3 -27.1148 6.64705 6.54077 -24.7 4.9935 -6.21154 -15.8 4.11966 -0.5 -24.1968 6.87165 -2.58721 -23.3 8.04996 7.36122 -23.3 -4.25 -2.3 -27.1148 5.35295 8.5 -25.5 -5.93954e-15 -0.5 -24.1968 5.12835 -7.48547 -23.3 3.95004 7.32209 -20.4 -1.96195 0.5 -23.7278 6.2605 6.21154 -20.1 -4.11966 0.5 -23.7278 5.7395 -7.42196 -24.053 3.58519 0.647048 -27.2 2.41481 -7 -15.3 -4.89859e-15 6.06218 -15.3 3.5 4.43118 -15.3 1.71089 -7.42196 -25.347 3.58519 2.19996 -27.2 8.21037 -4.15 -23.3 -7.18801 -2.3 -25.6722 6.2605 -6.21154 -15.8 -4.11966 5.35875 -23.7278 6.2605 -2.3 -25.6722 5.7395 0.647048 -27.2 -2.41481 4.43118 -15.3 -1.71089 7.18801 -23.3 4.15 -4.75 -20.7 -5.18944e-15 -6.01041 -27.2 6.01041 -6.01839 -27.2 6 1.76777 -20.7 1.76777 5.99249 -15.3 3.59082 -4.25 -27.2 -7.36122 -3.2685 -26.4678 7.76777 6.06218 -15.3 -3.5 -8.01718 -25.5 2.1482 0.5 -27.2 8.43417 2.19996 -23.3 8.21037 -2.3 -25.95 8.16506 5.97558 -15.3 3.55 -6.4744 -20.7 4.75427 -0.5 -25.5717 6.50325 -2.30934 -25.95 8.16506 -5.86899 -23.3 -5.86899 -0.5 -25.5717 5.49675 1.76777 -20.7 -1.76777 -2.3 -24.1968 6.87165 -7.58038 -20.4 -5.12063e-15 -8.01718 -25.5 -2.1482 2.16506 -27.2 1.25 5.0424 -23.8283 6.50325 -8.1 -20.7 -4.89859e-15 -6.97755 -26.8651 4.75 -2.3 -25.95 3.83494 7.18801 -23.3 -4.15 -4.25 -23.3 -7.36122 -2.3 -24.1968 5.12835 2.1482 -23.3 8.01718 0.5 -23.6935 6 0.5 -27.2 2.43417 0.5 -23.3 8.43417 0.5 -23.9883 6.7117 6.51445 -24.9605 5.0278 0.5 -23.3 8.23417 5.99249 -15.3 -3.59082 2.16506 -27.2 -1.25 -6.9282 -27.7 4 6.9282 -27.7 -4 0.5 -23.9883 5.2883 5.97558 -15.3 -3.55 -4.87904 -20.7 2.12096 8.3 -25.5 -5.91504e-15 -2.07055 -27.7 7.72741 2.07055 -27.7 -7.72741 8.21037 -20.7 2.19996 -6.01041 -27.2 -6.01041 2.19996 -27.2 -8.21037 -6.4744 -20.7 -4.75427 -6.01041 -27.1986 6.01041 4.9207 -25.5 6.59663 -4.87904 -20.7 -2.12096 -6.01041 -22.2014 6.01041 -8.21037 -20.7 2.19996 8.21037 -20.7 -2.19996 -6.755 -20.6196 3.9 8.21037 -25.5 2.19996 6.9282 -27.7 4 -6.9282 -27.7 -4 6.34297 -20.6196 4.43697 4.87904 -20.7 2.12096 -0.5 -27.7 7.93417 4.43124 -24.4395 6.9722 5.68448 -25.6722 6.2605 -6.49519 -15.8 3.75 -6.01041 -23.3 -6.01041 -2.22045e-16 -20.7 -2.5 2.19996 -23.3 -8.21037 6.4744 -20.7 4.75427 -1.25 -27.2 2.16506 -0.5 -24.4395 6.9722 -2.3 -25.5717 6.50325 -8.21037 -20.7 -2.19996 -2.3 -25.5717 5.49675 -8.21037 -25.5 2.19996 -7.24444 -20.1 1.94114 8.21037 -25.5 -2.19996 -0.5 -24.4395 5.0278 4.87904 -20.7 -2.12096 -2.12132 -27.7 2.12132 2.12132 -27.7 -2.12132 -0.5 -27.7 2.93417 7.5 -20.1 -6.67494e-15 6.47621 -25.5 5.40337 2.1482 -23.3 -8.01718 -1.25 -27.2 -2.16506 -4.95982e-16 -20.7 -8.1 -5.20475e-16 -20.7 -8.5 -6.755 -20.6196 -3.9 -7.36122 -22.9186 4.25 -7.24444 -20.1 -1.94114 -8.21037 -25.5 -2.19996 8.1 -20.7 -5.89055e-15 -6.49519 -15.8 -3.75 -2.12132 -27.7 -2.12132 2.12132 -27.7 2.12132 6.34297 -20.6196 -4.43697 2.07055 -27.7 7.72741 -2.07055 -27.7 -7.72741 -1.76777 -20.7 1.76777 -2.3 -26.8651 7.25 0.5 -25.4117 6.7117 0.5 -27.7 2.93417 6.4744 -20.7 -4.75427 -5.08228e-16 -25.5 -8.3 0.5 -25.4117 5.2883 -5.20475e-16 -25.5 -8.5 8.5 -27.2 -6.00881e-15 -6.01839 -22.2 6 6.49519 -15.8 3.75 0.5 -25.7065 6 -2.3 -26.8651 4.75 -1.76777 -20.7 -1.76777 -8.3 -25.5 -4.89859e-15 -6.24675 -20.4 4.20468 4.75 -20.7 -4.02603e-15 0.5 -27.7 7.93417 -2.3 -22.9322 7.76777 -2.3 -24.4395 6.9722 8.5 -23.3 -6.00881e-15 -0.5 -24.7 7.0065 8.01718 -25.5 2.1482 6.49519 -15.8 -3.75 -2.3 -24.4395 5.0278 -2.3 -22.9322 4.23223 -0.5 -24.7 4.9935 4.38655 -24.7 7.0065 -7.53314 -25.95 3.83494 7.8 -20.6196 -6.34188e-15 -6.24675 -20.4 -4.20468 8.01718 -25.5 -2.1482 -4 -27.7 6.9282 4 -27.7 -6.9282 -5.65685 -27.7 5.65685 5.65685 -27.7 -5.65685 0.5 -25.6722 6.2605 0.5 -25.6722 5.7395 1.76777 -27.2 1.76777 6.4373 -25.2032 5.12835 7.24444 -20.1 1.94114 -8.5 -20.7 -4.89859e-15 -8.01718 -23.3 2.1482 -6.51489 -22.2852 5.35295 4.58815 -20.7 1.22939 6.22627 -25.5 5.40337 -7.5 -20.1 -4.89859e-15 1.76777 -27.2 -1.76777 4.58815 -20.7 -1.22939 -0.776457 -27.7 2.89778 0.776457 -27.7 -2.89778 7.24444 -20.1 -1.94114 7.824 -20.7 2.09643 4.43124 -24.9605 6.9722 -8.01718 -23.3 -2.1482 -5.97558 -15.3 3.55 -8.5 -25.5 -4.89859e-15 -2.3 -24.7 7.0065 -0.5 -24.9605 6.9722 1.25 -20.7 2.16506 -5.99249 -15.3 3.59082 -7.36858 -22.9322 4.23223 0.5 -24.1968 6.87165 -2.09643 -20.7 7.824 -2.3 -24.7 4.9935 -6.97755 -22.5349 4.75 -0.5 -24.9605 5.0278 7.824 -20.7 -2.09643 4 -27.7 6.9282 -4 -27.7 -6.9282 0.5 -24.1968 5.12835 5.65685 -27.7 5.65685 -5.65685 -27.7 -5.65685 -2.3 -24.7 3.5 8.3 -23.3 -6.4529e-15 0.776457 -27.7 2.89778 -0.776457 -27.7 -2.89778 8.21037 -27.2 2.19996 1.25 -20.7 -2.16506 -0.5 -20.7 8.43417 6.21154 -15.8 4.11966 -0.5 -20.7 8.03417 -7.01481 -20.7 4.05 -5.97558 -15.3 -3.55 -6.06218 -15.3 3.5 -8.21037 -27.2 2.19996 -5.99249 -15.3 -3.59082 6.15461 -23.8283 5.49675 8.21037 -27.2 -2.19996 6.56481 -20.4 3.79019 8.21037 -23.3 2.19996 -4.43118 -15.3 1.71089 -0.5 -25.5 8.43417 4.43118 -20.7 1.71089 -0.5 -25.5 8.23417 -2.498e-16 -27.2 -2.5 -0.5 -20.7 2.43417 -2.19996 -20.7 8.21037 -2.1482 -25.5 8.01718 -6.56481 -20.4 3.79019 6.01041 -20.7 6.01041 7.53422 -20.6196 2.01879 -8.21037 -27.2 -2.19996 -4.43118 -15.3 -1.71089 4.43118 -20.7 -1.71089 6.21154 -15.8 -4.11966 -7.01481 -20.7 -4.05 -8.21037 -23.3 2.19996 8.21037 -23.3 -2.19996 -6.06218 -15.3 -3.5 0.5 -25.5717 6.50325 -2.16506 -20.7 1.25 4.56228 -25.2032 6.87165 7 -15.3 -5.75584e-15 0.5 -25.5717 5.49675 -2.3 -26.4678 7.76777 7.53422 -20.6196 -2.01879 -2.3 -24.9605 6.9722 -6.66134e-16 -27.2 -8.5 -2.19996 -25.5 8.21037 -0.5 -23.8283 6.50325 6.56481 -20.4 -3.79019 -2.09643 -20.7 -7.824 -2.16506 -20.7 -1.25 -2.59808 -27.7 1.5 2.59808 -27.7 -1.5 5.97558 -20.7 3.55 -0.5 -23.8283 5.49675 -2.3 -24.9605 5.0278 -8.21037 -23.3 -2.19996 -1.76777 -27.2 1.76777 -6.56481 -20.4 -3.79019 -2.3 -26.4678 4.23223 5.36812 -25.5717 6.50325 -4.25 -22.6203 7.36122 4.77074 -23.9883 6.7117 -2.59808 -27.7 -1.5 2.59808 -27.7 1.5 -4.39494 -26.8651 7.25 -4.44089e-16 -23.3 -8.3 -6.66134e-16 -23.3 -8.5 4.25 -20.7 7.36122 -1.76777 -27.2 -1.76777 -2.3 -22.5349 7.25 6.01041 -20.7 -6.01041 -5.18072 -22.2852 6.64705 5.97558 -20.7 -3.55 -8.3 -23.3 -4.89859e-15 -2.3 -22.5349 4.75 -0.647048 -20.7 2.41481 -4.58815 -15.3 1.22939 -2.3 -25.5 8.16893 -2.3 -25.5 7.95431 -6.21154 -20.1 4.11966 -7.45725 -24.7 3.5 -2.1482 -25.5 -8.01718 4.25 -25.5 7.36122 -2.19996 -20.7 -8.21037 -4.58815 -15.3 -1.22939 6.01041 -25.5 -6.01041 8.01718 -23.3 2.1482 -0.5 -25.2032 6.87165 -0.647048 -20.7 -2.41481 0.5 -24.4395 6.9722 6.31456 -23.9883 5.2883 -6.51489 -27.1148 5.35295 -0.5 -25.2032 5.12835 0.5 -24.4395 5.0278 -2.19996 -25.5 -8.21037 -2.3 -23.8283 6.50325 8.01718 -23.3 -2.1482 -4.05 -20.7 7.01481 -2.3 -23.8283 5.49675 -7.36858 -26.4678 4.23223 -6.21154 -20.1 -4.11966 -7.18801 -25.5 -4.15 4.25 -20.7 -7.36122 6.76148 -15.3 1.81173 4.15 -25.5 7.18801 -7.72741 -27.7 2.07055 7.72741 -27.7 -2.07055 -8.5 -27.2 -4.67654e-15 -5.72756 -20.7 5.72756 -0.5 -23.7278 6.2605 -7.36122 -20.7 4.25 4.77074 -25.4117 6.7117 -0.5 -23.7278 5.7395 5.72756 -20.7 5.72756 -2.41481 -20.7 0.647048 -4.25 -26.7797 7.36122 6.24675 -20.4 4.20468 6.76148 -15.3 -1.81173 2.5 -20.7 -5.17614e-15 -2.41481 -20.7 -0.647048 7.36122 -20.7 4.25 -7.24444 -15.8 1.94114 4.25 -25.5 -7.36122 -7.72741 -27.7 -2.07055 7.72741 -27.7 2.07055 5.86899 -25.5 -5.86899 4.05 -20.7 7.01481 -4.75 -15.3 -8.00721e-15 -2.3 -25.9407 8.16893 -7.53422 -20.6196 2.01879 7.5 -15.8 -6.00881e-15 1.25 -27.2 2.16506 -8.5 -23.3 -4.67654e-15 -2.3 -25.2032 6.87165 -7.24444 -15.8 -1.94114 0.5 -24.7 7.0065 7.36122 -25.5 4.25 -4.05 -20.7 -7.01481 -2.3 -25.2032 5.12835 -7.53422 -20.6196 -2.01879 -2.89778 -27.7 0.776457 2.89778 -27.7 -0.776457 -7.36122 -20.7 -4.25 5.96835 -23.7278 5.7395 1.25 -27.2 -2.16506 2.41481 -20.7 0.647048 -7.39572 -25.5 3.64854 6.24675 -20.4 -4.20468 0.5 -24.7 4.9935 -0.5 -27.2 8.43417 -2.5 -20.7 -4.84308e-15 -2.89778 -27.7 -0.776457 2.89778 -27.7 0.776457 2.41481 -20.7 -0.647048 -5.72756 -20.7 -5.72756 7.36122 -20.7 -4.25 -2.3 -23.45 3.83494 6.31456 -25.4117 5.2883 5.72756 -20.7 -5.72756 4.15 -25.5 -7.18801 -4.25 -20.7 7.36122 -7.36122 -25.5 -4.25 -4.87904 -15.3 2.12096 -0.5 -23.6935 6 -0.5 -27.2 2.43417 -0.5 -23.3 8.43417 -0.5 -23.9883 6.7117 -6.49519 -20.1 3.75 -0.5 -23.3 8.23417 -2.3 -23.7278 6.2605 -2.19996 -27.2 8.21037 7.36122 -25.5 -4.25 6.01041 -27.2 6.01041 -2.3 -23.7278 5.7395 -2.1482 -23.3 8.01718 4.05 -20.7 -7.01481 -0.5 -23.9883 5.2883 -4.87904 -15.3 -2.12096 -3 -27.7 -4.89859e-15 3 -27.7 -5.26598e-15 -2.16506 -27.2 1.25 0.647048 -20.7 2.41481 -5.18072 -27.1148 6.64705 -7.31851 -23.45 3.83494 -7.36122 -26.4814 4.25 4.87904 -15.3 2.12096 -2.16506 -27.2 -1.25 -2.19996 -23.3 8.21037 6.01041 -23.3 6.01041 2.19996 -20.7 8.21037 -4.15 -25.5 -7.18801 -6.49519 -20.1 -3.75 -2.3 -22.2852 6.64705 0.5 -24.9605 6.9722 6.4373 -24.1968 5.12835 7.18801 -25.5 4.15 -2.3 -22.2852 5.35295 0.647048 -20.7 -2.41481 5.86899 -23.7107 5.86899 0.5 -24.9605 5.0278 4.87904 -15.3 -2.12096 -5.97558 -20.7 3.55 -6.01041 -20.7 6.01041 4.25 -27.2 7.36122 6.49519 -20.1 3.75 -8 -27.7 -4.89859e-15 8 -27.7 -5.8783e-15 2.19996 -25.5 8.21037 -2.3 -27.2 6 7.24444 -15.8 1.94114 -4.25 -20.7 -7.36122 6.01041 -27.2 -6.01041 -4.39494 -22.5349 7.25 0.5 -20.7 8.43417 0.5 -20.7 8.03417 -5.86899 -25.5 -5.86899 -7.5 -15.8 -4.78756e-15 -0.647048 -27.2 2.41481 -1.5 -27.7 2.59808 1.5 -27.7 -2.59808 -7.61035 -25.5 3.64854 -2.3 -23.6935 6 -2.3 -23.9883 6.7117 7.24444 -15.8 -1.94114 -2.3 -23.3 8.04996 -2.3 -23.3 7.95431 -2.19996 -27.2 -8.21037 -7.8 -20.6196 -4.56552e-15 -2.1482 -23.3 -8.01718 -5.97558 -20.7 -3.55 7.18801 -25.5 -4.15 4.25 -23.3 7.36122 -2.3 -23.9883 5.2883 -4.25 -25.5 -7.36122 2.16506 -20.7 1.25 2.1482 -25.5 8.01718 2.09643 -20.7 7.824 0.5 -25.5 8.43417 0.5 -25.5 8.23417 6.01041 -23.3 -6.01041 6.49519 -20.1 -3.75 0.5 -20.7 2.43417 -0.647048 -27.2 -2.41481 7.58038 -20.4 -6.4529e-15 -0.5 -25.4117 6.7117 -1.5 -27.7 -2.59808 1.5 -27.7 2.59808 2.16506 -20.7 -1.25 6.21828 -25.6722 5.7395 5.86899 -23.3 5.86899 4.75 -15.3 -5.56472e-15 -0.5 -25.4117 5.2883 7.01481 -20.7 4.05 -4.43118 -20.7 1.71089 -0.5 -25.7065 6 -2.19996 -23.3 -8.21037 -3.2685 -22.9322 7.76777 -6.01041 -20.7 -6.01041 -6.76148 -15.3 1.81173 2.19996 -20.7 -8.21037 -4.43118 -20.7 -1.71089 6.40455 -25.5717 5.49675 0.5 -23.8283 6.50325 6.01839 -25.7065 6 -7.18801 -23.3 -4.15 0.5 -23.8283 5.49675 -7.27084 -23.3 3.95004 4.25 -27.2 -7.36122 -6.76148 -15.3 -1.81173 4.15 -23.3 7.18801 -2.3 -24.053 3.58519 -6.01041 -25.5 -6.01041 -7.36122 -27.2 4.25 2.19996 -25.5 -8.21037 -2.41481 -27.2 0.647048 7.01481 -20.7 -4.05 2.5 -27.2 -5.25941e-15 -2.3 -25.347 3.58519 4.56228 -24.1968 6.87165 -2.41481 -27.2 -0.647048 -1.25 -20.7 2.16506 -6.34297 -20.6196 4.43697 6.51445 -24.4395 5.0278 7.36122 -27.2 4.25 </float_array>
          <technique_common>
            <accessor source="#_8160579_EAMC-15-10000036_0-vertex-array" count="529" stride="3">
              <param name="X" type="float"/>
              <param name="Y" type="float"/>
              <param name="Z" type="float"/>
            </accessor>
          </technique_common>
        </source>
        <source id="_8160579_EAMC-15-10000036_0-normal">
          <float_array id="_8160579_EAMC-15-10000036_0-normal-array" count="573">0 0 0.991445 0 0 -0.991445 0.0926916 -0.704063 -0.704063 0.0926916 -0.704063 0.704063 0 -1 0 0 1 0 -0.206987 0.965366 0.158826 -0.206987 0.965366 -0.158826 -0.224014 0.965366 0.129334 -0.224014 0.965366 -0.129334 -0.249855 0.965366 0.0669484 0.130526 0 -0.991445 -0.130526 0 0.991445 -0.249855 0.965366 -0.0669484 -0.258669 0.965366 0 0.182225 -0.704063 -0.680072 -0.130526 0 -0.991445 0.130526 0 0.991445 0.958209 0.256751 0 0.182225 -0.704063 0.680072 0.925559 0.256751 0.248003 0.925559 0.256751 -0.248003 -0.766758 0.256751 0.588354 -0.766758 0.256751 -0.588354 0.256605 0 -0.957662 -0.256605 0 0.957662 0 -0.608761 -0.793353 0 -0.608761 0.793353 0.829833 0.256751 0.479105 0.256605 0 0.957662 -0.256605 0 -0.957662 0.829833 0.256751 -0.479105 -0.829833 0.256751 0.479105 -0.385188 0.834714 0.295565 -0.829833 0.256751 -0.479105 0.352031 -0.704063 -0.609736 -0.385188 0.834714 -0.295565 0.352031 -0.704063 0.609736 0.766758 0.256751 0.588354 -0.416875 0.834714 0.240683 -0.416875 0.834714 -0.240683 0.766758 0.256751 -0.588354 -0.382683 0 0.92388 -0.464964 0.834714 0.124587 -0.464964 0.834714 -0.124587 -0.925559 0.256751 0.248003 -0.925559 0.256751 -0.248003 -0.481366 0.834714 0 0 0.495722 0.858616 0 -0.495722 -0.858616 -0.958209 0.256751 0 0 -0.495722 0.858616 0 0.495722 -0.858616 0.497847 -0.704063 -0.497847 0.497847 -0.704063 0.497847 0.495722 0 -0.858616 -0.495722 0 0.858616 0.495722 0 0.858616 -0.495722 0 -0.858616 -0.56339 0.704063 0.432305 -0.56339 0.704063 -0.432305 -0.609736 0.704063 0.352031 0.609736 -0.704063 -0.352031 -0.609736 0.704063 -0.352031 0.609736 -0.704063 0.352031 0 0.382683 0.92388 0 0.382683 -0.92388 -0.608761 0 0.793353 0.608761 0 0.793353 -0.680072 0.704063 0.182225 0.680072 -0.704063 -0.182225 -0.680072 0.704063 -0.182225 0.680072 -0.704063 0.182225 -0.704063 0.704063 0 0.704063 -0.704063 0 0 -0.858616 -0.495722 0 0.858616 0.495722 -0.675307 0 0.737536 0.675307 0 -0.737536 0 -0.858616 0.495722 0 0.858616 -0.495722 -0.675307 0 -0.737536 0.675307 0 0.737536 0 -0.793353 -0.608761 0 0.793353 0.608761 0.701057 0 -0.701057 -0.701057 0 0.701057 0 -0.793353 0.608761 0 0.793353 -0.608761 0.701057 0 0.701057 -0.701057 0 -0.701057 -0.73433 0 0.673149 0.73433 0 -0.673149 0 -0.957662 -0.256605 0 0.957662 0.256605 -0.73433 0 -0.673149 0.73433 0 0.673149 0 -0.957662 0.256605 0 0.957662 -0.256605 0.793353 0 -0.608761 -0.793353 0 0.608761 0.793353 0 0.608761 -0.793353 0 -0.608761 0 -0.991445 -0.130526 0 -0.991445 0 0 0.991445 0 0 -0.991445 0.130526 0 0.991445 -0.130526 0.858616 0 -0.495722 -0.858616 0 0.495722 -0.858616 0 -0.495722 0.858616 0 0.495722 0.704063 0.704063 0 -0.704063 -0.704063 0 0.680072 0.704063 0.182225 -0.680072 -0.704063 -0.182225 0.680072 0.704063 -0.182225 -0.680072 -0.704063 0.182225 0.92388 0 -0.382683 -0.92388 0 0.382683 -0.92388 0 -0.382683 0.92388 0 0.382683 -0.950755 0 0.309944 0.950755 0 -0.309944 -0.950755 0 -0.309944 0.950755 0 0.309944 0.957662 0 -0.256605 -0.957662 0 0.256605 0.957662 0 0.256605 -0.957662 0 -0.256605 -0.9711 0 0.220235 0.9711 0 -0.220235 -0.9711 0 -0.220235 0.9711 0 0.220235 0.609736 0.704063 0.352031 -0.609736 -0.704063 -0.352031 0.609736 0.704063 -0.352031 -0.609736 -0.704063 0.352031 0.991445 0 0 -0.991445 0 0 -1 0 0 1 0 0 0.56339 0.704063 0.432305 0.56339 0.704063 -0.432305 -0.56339 -0.704063 0.432305 0.481366 0.834714 0 0 0.256605 0.957662 0 -0.256605 -0.957662 0.464964 0.834714 0.124587 0.464964 0.834714 -0.124587 -0.497847 -0.704063 -0.497847 0 -0.256605 0.957662 0 0.256605 -0.957662 -0.497847 -0.704063 0.497847 0.416875 0.834714 0.240683 0.416875 0.834714 -0.240683 0.385188 0.834714 0.295565 0.385188 0.834714 -0.295565 -0.665074 0.480407 0.510329 -0.665074 0.480407 -0.510329 -0.352031 -0.704063 -0.609736 -0.719785 0.480407 0.415568 -0.352031 -0.704063 0.609736 0.258669 0.965366 0 -0.719785 0.480407 -0.415568 0.249855 0.965366 0.0669484 0.249855 0.965366 -0.0669484 0.224014 0.965366 0.129334 0 -0.701057 -0.701057 0 0.701057 0.701057 0.224014 0.965366 -0.129334 0 -0.701057 0.701057 0 0.701057 -0.701057 0.206987 0.965366 0.158826 0.206987 0.965366 -0.158826 -0.802816 0.480407 0.215114 -0.802816 0.480407 -0.215114 0.831136 0.480407 0 -0.831136 0.480407 0 0.802816 0.480407 0.215114 0.802816 0.480407 -0.215114 -0.182225 -0.704063 -0.680072 -0.182225 -0.704063 0.680072 0.719785 0.480407 0.415568 0.719785 0.480407 -0.415568 -0.0926916 -0.704063 -0.704063 0.665074 0.480407 0.510329 0.665074 0.480407 -0.510329 -0.0926916 -0.704063 0.704063 0 -0.704063 -0.704063 0 -0.704063 0.704063 </float_array>
          <technique_common>
            <accessor source="#_8160579_EAMC-15-10000036_0-normal-array" count="191" stride="3">
              <param name="X" type="float"/>
              <param name="Y" type="float"/>
              <param name="Z" type="float"/>
            </accessor>
          </technique_common>
        </source>
        <vertices id="_8160579_EAMC-15-10000036_0-vertex-obj">
          <input semantic="POSITION" source="#_8160579_EAMC-15-10000036_0-vertex"/>
        </vertices>
        <triangles material="Nr10000036_0Mat0" count="1062">
          <input semantic="VERTEX" source="#_8160579_EAMC-15-10000036_0-vertex-obj" offset="0"/>
          <input semantic="NORMAL" source="#_8160579_EAMC-15-10000036_0-normal" offset="1"/>
          <p>107 5 112 5 77 5 77 5 112 5 445 5 77 5 445 5 362 5 362 5 445 5 68 5 362 5 68 5 24 5 284 5 362 5 24 5 284 5 24 5 495 5 284 5 495 5 10 5 284 5 10 5 59 5 284 5 59 5 348 5 430 5 82 5 58 5 430 5 58 5 348 5 430 5 348 5 59 5 58 5 82 5 74 5 329 5 274 5 513 5 513 5 274 5 422 5 513 5 422 5 280 5 280 5 422 5 254 5 280 5 254 5 257 5 262 5 321 5 57 5 57 5 321 5 372 5 57 5 372 5 513 5 513 5 372 5 329 5 231 5 226 5 255 5 255 5 226 5 407 5 255 5 407 5 503 5 503 5 407 5 262 5 503 5 262 5 57 5 27 4 116 4 170 4 170 4 116 4 204 4 170 4 204 4 240 4 240 4 204 4 206 4 240 4 206 4 243 4 243 4 206 4 110 4 243 4 110 4 130 4 130 4 110 4 7 4 130 4 7 4 247 4 110 4 351 4 152 4 110 4 152 4 464 4 110 4 464 4 221 4 110 4 221 4 7 4 397 4 424 4 451 4 451 4 424 4 386 4 451 4 386 4 351 4 351 4 386 4 296 4 351 4 296 4 152 4 491 4 167 4 369 4 369 4 167 4 308 4 369 4 308 4 451 4 451 4 308 4 397 4 369 4 129 4 174 4 369 4 174 4 246 4 369 4 246 4 491 4 174 4 129 4 242 4 174 4 242 4 239 4 174 4 239 4 169 4 174 4 169 4 188 4 247 4 490 4 130 4 130 4 490 4 166 4 130 4 166 4 368 4 368 4 166 4 307 4 368 4 307 4 396 4 423 4 385 4 450 4 423 4 450 4 368 4 423 4 368 4 396 4 295 4 151 4 350 4 295 4 350 4 450 4 295 4 450 4 385 4 350 4 151 4 463 4 350 4 463 4 220 4 350 4 220 4 153 4 350 4 153 4 109 4 153 4 133 4 115 4 153 4 115 4 203 4 153 4 203 4 205 4 153 4 205 4 109 4 290 5 263 5 265 5 290 5 265 5 269 5 290 5 269 5 323 5 290 5 323 5 322 5 290 25 415 25 394 12 290 25 394 12 263 12 115 182 133 188 394 188 115 182 394 188 415 182 462 15 409 2 153 2 462 15 153 2 220 15 267 11 409 11 462 24 267 11 462 24 320 24 63 98 12 98 499 105 63 98 499 105 22 105 143 80 84 80 12 98 143 80 12 98 63 98 84 80 143 80 11 172 84 80 11 172 489 172 19 169 145 76 87 76 19 169 87 76 496 169 499 141 12 141 263 141 263 141 12 141 84 141 263 141 84 141 265 141 265 141 84 141 489 141 265 141 489 141 332 141 394 141 133 141 409 141 394 141 409 141 87 141 394 141 87 141 17 141 394 141 17 141 499 141 394 141 499 141 263 141 413 141 265 141 332 141 413 141 332 141 229 141 413 141 229 141 192 141 413 141 192 141 142 141 413 141 142 141 44 141 413 141 44 141 411 141 413 141 411 141 291 141 413 141 291 141 354 141 413 141 354 141 408 141 413 141 408 141 267 141 413 141 267 141 410 141 410 141 267 141 252 141 410 141 252 141 250 141 267 141 408 141 357 141 267 141 357 141 298 141 267 141 298 141 421 141 267 141 421 141 49 141 267 141 49 141 149 141 267 141 149 141 197 141 267 141 197 141 237 141 267 141 237 141 337 141 267 141 337 141 409 141 496 141 87 141 409 141 496 141 409 141 337 141 409 141 133 141 153 141 66 94 17 94 87 76 66 94 87 76 145 76 22 105 499 105 17 94 22 105 17 94 66 94 419 25 269 25 265 12 419 25 265 12 413 12 378 52 332 52 489 172 378 52 489 172 11 172 288 152 229 152 332 52 288 152 332 52 378 52 228 1 192 1 229 152 228 1 229 152 288 152 192 1 228 1 190 147 192 1 190 147 142 147 89 49 44 49 142 147 89 49 142 147 190 147 44 49 89 49 467 168 44 49 467 168 411 168 340 75 291 75 411 168 340 75 411 168 467 168 291 75 340 75 414 93 291 75 414 93 354 93 354 93 414 93 466 104 354 93 466 104 408 104 408 104 466 104 418 97 408 104 418 97 357 97 343 79 298 79 357 97 343 79 357 97 418 97 298 79 343 79 477 171 298 79 477 171 421 171 421 171 477 171 99 51 421 171 99 51 49 51 49 51 99 51 195 151 49 51 195 151 149 151 235 0 197 0 149 151 235 0 149 151 195 151 197 0 235 0 299 146 197 0 299 146 237 146 237 146 299 146 383 48 237 146 383 48 337 48 19 169 496 169 337 48 19 169 337 48 383 48 328 5 455 5 293 5 328 5 293 5 158 5 328 5 158 5 504 5 328 5 504 5 159 5 120 5 399 5 502 5 502 5 399 5 382 5 502 5 382 5 455 5 455 5 382 5 293 5 3 5 94 5 212 5 212 5 94 5 13 5 212 5 13 5 144 5 144 5 13 5 277 5 144 5 277 5 387 5 387 5 277 5 120 5 387 5 120 5 502 5 353 5 83 5 355 5 355 5 83 5 253 5 355 5 253 5 125 5 125 5 253 5 3 5 125 5 3 5 212 5 250 5 252 5 268 5 268 5 252 5 234 5 268 5 234 5 405 5 405 5 234 5 342 5 405 5 342 5 447 5 447 5 342 5 353 5 447 5 353 5 355 5 403 5 315 5 420 5 420 5 315 5 347 5 420 5 347 5 5 5 5 5 347 5 504 5 5 5 504 5 158 5 164 5 35 5 238 5 238 5 35 5 126 5 238 5 126 5 520 5 520 5 126 5 400 5 520 5 400 5 175 5 175 5 400 5 315 5 175 5 315 5 403 5 140 5 365 5 497 5 497 5 365 5 117 5 497 5 117 5 223 5 223 5 117 5 35 5 223 5 35 5 164 5 459 5 434 5 481 5 481 5 434 5 312 5 481 5 312 5 371 5 371 5 312 5 271 5 371 5 271 5 358 5 358 5 271 5 365 5 358 5 365 5 140 5 434 5 459 5 458 5 268 25 432 25 410 12 268 25 410 12 250 12 322 42 373 42 415 25 415 25 373 42 85 42 415 25 85 42 38 56 38 56 85 42 76 42 38 56 76 42 360 56 322 42 415 25 290 25 415 182 38 162 203 162 415 182 203 162 115 182 141 35 462 15 220 15 141 35 220 15 463 35 320 24 462 24 141 55 320 24 141 55 525 55 453 105 72 105 121 107 453 105 121 107 427 98 453 105 427 98 41 98 41 98 427 98 309 80 41 98 309 80 172 80 172 80 309 80 360 88 172 80 360 88 76 172 172 80 76 172 286 172 81 52 286 172 76 172 81 52 76 172 85 52 85 52 373 66 81 52 401 140 515 140 477 140 401 140 477 140 343 140 401 140 343 140 418 140 401 140 418 140 466 140 401 140 466 140 470 140 401 140 470 140 196 140 299 140 235 140 244 140 244 140 235 140 195 140 244 140 195 140 515 140 515 140 195 140 99 140 515 140 99 140 477 140 145 140 19 140 522 140 522 140 19 140 383 140 522 140 383 140 244 140 244 140 383 140 299 140 145 140 522 140 66 140 66 140 522 140 96 140 66 140 96 140 22 140 22 140 96 140 373 140 22 140 373 140 322 140 453 140 41 140 47 140 47 140 41 140 172 140 47 140 172 140 183 140 183 140 172 140 286 140 183 140 286 140 303 140 303 140 286 140 81 140 303 140 81 140 96 140 96 140 81 140 373 140 36 140 441 140 437 140 437 140 441 140 319 140 437 140 319 140 314 140 314 140 319 140 196 140 314 140 196 140 189 140 189 140 196 140 470 140 189 140 470 140 469 140 470 140 466 140 414 140 470 140 414 140 340 140 470 140 340 140 467 140 470 140 467 140 89 140 470 140 89 140 190 140 470 140 190 140 228 140 470 140 228 140 288 140 470 140 288 140 378 140 470 140 378 140 323 140 378 140 11 140 323 140 323 140 11 140 143 140 323 140 143 140 322 140 322 140 143 140 63 140 322 140 63 140 22 140 344 169 303 169 96 48 344 169 96 48 199 48 303 169 344 169 429 84 303 169 429 84 95 76 303 169 95 76 183 76 336 94 47 94 183 76 336 94 183 76 95 76 47 94 336 94 72 105 47 94 72 105 453 105 269 25 419 25 470 42 269 25 470 42 323 42 501 168 189 168 469 26 501 168 469 26 45 26 189 168 501 168 305 83 189 168 305 83 457 75 189 168 457 75 314 75 316 93 437 93 314 75 316 93 314 75 457 75 437 93 316 93 124 103 437 93 124 103 180 104 437 93 180 104 36 104 214 97 441 97 36 104 214 97 36 104 180 104 236 79 319 79 441 97 236 79 441 97 214 97 319 79 236 79 161 87 319 79 161 87 232 171 319 79 232 171 196 171 401 51 196 171 232 171 401 51 232 171 511 27 401 51 511 27 428 51 511 27 232 171 50 27 405 56 305 56 501 42 405 56 501 42 45 42 405 56 45 42 432 25 405 56 432 25 268 25 419 4 413 4 432 4 419 4 432 4 469 4 419 4 469 4 470 4 432 4 413 4 410 4 469 4 432 4 45 4 38 56 360 56 309 67 38 56 309 67 427 67 38 56 427 67 121 86 38 56 121 86 71 86 38 162 71 153 205 153 38 162 205 153 203 162 301 53 141 35 463 35 301 53 463 35 151 53 301 85 171 85 525 55 301 85 525 55 141 55 96 48 522 146 60 146 96 48 60 146 391 65 96 48 391 65 465 65 96 48 465 65 199 48 55 151 515 151 401 51 55 151 401 51 428 51 515 151 55 151 325 0 515 151 325 0 244 0 244 0 325 0 60 146 244 0 60 146 522 146 405 56 447 86 124 86 405 56 124 86 316 67 405 56 316 67 457 67 405 56 457 67 305 56 270 161 186 158 324 22 270 161 324 22 412 32 517 109 72 100 336 100 517 109 336 100 95 100 517 109 95 100 429 109 121 86 72 100 71 86 72 144 517 137 109 137 72 144 109 137 205 153 72 144 205 153 71 153 301 53 151 53 295 62 301 53 295 62 425 62 171 85 301 85 425 108 171 85 425 108 282 108 231 121 43 121 226 111 226 111 43 121 324 121 226 111 324 121 446 111 446 111 324 121 186 121 446 111 186 121 526 121 446 111 526 121 83 121 446 111 113 96 407 96 446 111 407 96 226 111 355 109 161 109 236 100 355 109 236 100 214 100 355 109 214 100 180 100 355 109 180 100 124 86 355 109 124 86 447 86 412 109 324 100 43 100 412 109 43 100 136 109 136 61 43 59 231 59 136 61 231 59 255 61 127 39 526 33 186 158 127 39 186 158 270 161 253 8 83 6 526 33 253 8 526 33 127 39 4 175 270 161 412 32 4 175 412 32 147 45 146 127 256 127 517 109 146 127 517 109 429 109 146 127 429 109 344 119 146 127 344 119 199 119 146 127 199 119 465 119 517 137 256 117 350 117 517 137 350 117 109 137 425 62 295 62 385 70 425 62 385 70 519 70 282 108 425 108 519 126 282 108 519 126 359 126 213 127 78 127 60 119 213 127 60 119 325 119 213 127 325 119 55 119 213 127 55 119 428 119 213 127 428 119 511 119 60 119 78 127 391 119 113 96 498 82 262 82 113 96 262 82 407 96 498 123 20 131 321 131 498 123 321 131 262 123 500 4 311 4 310 4 310 4 311 4 139 4 310 4 139 4 156 4 156 4 139 4 1 4 156 4 1 4 37 4 37 4 1 4 484 4 37 4 484 4 2 4 2 4 484 4 46 4 2 4 46 4 97 4 97 4 46 4 279 4 97 4 279 4 341 4 341 4 279 4 245 4 103 4 106 4 80 4 80 4 106 4 100 4 80 4 100 4 476 4 476 4 100 4 514 4 476 4 514 4 433 4 433 4 514 4 494 4 433 4 494 4 15 4 15 4 494 4 69 4 15 4 69 4 261 4 261 4 69 4 331 4 261 4 331 4 191 4 191 4 331 4 245 4 191 4 245 4 279 4 225 4 300 4 509 4 509 4 300 4 39 4 509 4 39 4 86 4 86 4 39 4 137 4 86 4 137 4 62 4 62 4 137 4 98 4 62 4 98 4 473 4 473 4 98 4 500 4 473 4 500 4 310 4 511 4 278 4 213 4 213 4 278 4 377 4 213 4 377 4 318 4 318 4 377 4 300 4 318 4 300 4 225 4 278 4 511 4 50 4 278 127 50 119 232 119 278 127 232 119 161 109 278 127 161 109 355 109 278 127 355 109 125 127 366 127 147 127 412 109 366 127 412 109 136 109 366 69 136 61 255 61 366 69 255 61 503 69 374 43 127 39 270 161 374 43 270 161 4 175 3 10 253 8 127 39 3 10 127 39 374 43 90 178 4 175 147 45 90 178 147 45 217 50 256 127 146 127 227 139 256 127 227 139 352 139 350 117 256 117 352 113 350 117 352 113 450 113 519 70 385 70 423 74 519 70 423 74 25 74 359 126 519 126 25 138 359 126 25 138 395 138 78 127 213 127 318 139 78 127 318 139 185 139 20 131 70 138 372 138 20 131 372 138 321 131 278 127 125 127 212 139 278 127 212 139 377 139 461 139 217 139 147 127 461 139 147 127 366 127 461 73 366 69 503 69 461 73 503 69 57 73 472 47 374 43 4 175 472 47 4 175 90 178 94 14 3 10 374 43 94 14 374 43 472 47 90 178 217 50 162 46 90 178 162 46 18 176 227 139 163 129 273 129 227 139 273 129 352 139 450 113 352 113 273 115 450 113 273 115 368 115 25 74 423 74 396 72 25 74 396 72 524 72 524 128 364 128 395 138 524 128 395 138 25 138 225 129 91 129 185 139 225 129 185 139 318 139 329 133 372 138 70 138 329 133 70 138 34 133 300 129 377 139 212 139 300 129 212 139 144 129 379 129 162 129 217 139 379 129 217 139 461 139 461 73 57 73 513 71 461 73 513 71 379 71 472 47 90 178 18 176 472 47 18 176 384 44 13 13 94 14 472 47 13 13 472 47 384 44 436 34 302 164 18 176 436 34 18 176 162 46 406 110 16 110 273 129 406 110 273 129 163 129 130 135 368 115 273 115 130 135 273 115 16 135 431 64 524 72 396 72 431 64 396 72 307 64 364 128 524 128 431 111 364 128 431 111 294 111 509 110 346 110 91 129 509 110 91 129 225 129 254 108 422 92 123 92 254 108 123 92 474 108 505 78 123 92 422 92 505 78 422 92 274 78 34 133 505 125 274 125 34 133 274 125 329 133 144 129 387 110 39 110 144 129 39 110 300 129 165 110 436 110 162 129 165 110 162 129 379 129 379 71 513 71 280 63 379 71 280 63 165 63 384 44 18 176 302 164 384 44 302 164 160 40 13 13 384 44 160 40 13 13 160 40 277 9 436 34 345 23 201 159 436 34 201 159 302 164 406 110 516 90 118 90 406 110 118 90 16 110 243 150 130 135 16 135 243 150 16 135 118 150 313 54 431 64 307 64 313 54 307 64 166 54 313 89 184 89 294 111 313 89 294 111 431 111 86 90 460 90 346 110 86 90 346 110 509 110 474 108 120 118 30 118 474 108 30 118 201 118 474 108 201 118 345 118 474 108 345 118 64 118 474 108 64 118 257 118 474 108 257 118 254 108 137 90 39 110 387 110 137 90 387 110 502 90 345 102 436 110 165 110 345 102 165 110 64 102 64 60 165 63 280 63 64 60 280 63 257 60 302 164 201 159 30 36 302 164 30 36 160 40 277 9 160 40 30 36 277 9 30 36 120 7 516 90 478 58 75 58 516 90 75 58 118 90 75 160 240 160 243 150 75 160 243 150 118 150 490 37 157 37 313 54 490 37 313 54 166 54 184 89 313 89 157 57 184 89 157 57 8 57 62 58 435 58 460 90 62 58 460 90 86 90 98 58 137 90 502 90 98 58 502 90 455 58 339 30 471 30 75 58 339 30 75 58 478 58 170 181 240 160 75 160 170 181 75 160 471 181 247 19 487 19 157 37 247 19 157 37 490 37 487 29 333 29 8 57 487 29 8 57 157 57 473 30 326 30 435 58 473 30 435 58 62 58 328 30 500 30 98 58 328 30 98 58 455 58 339 30 178 1 289 1 339 30 289 1 471 30 27 189 170 181 471 181 27 189 471 181 289 189 247 19 7 190 266 190 247 19 266 190 487 19 266 0 138 0 333 29 266 0 333 29 487 29 310 1 176 1 326 30 310 1 326 30 473 30 311 1 500 30 328 30 311 1 328 30 159 1 518 24 119 24 289 1 518 24 289 1 178 1 289 189 119 15 116 15 289 189 116 15 27 189 7 190 221 182 67 182 7 190 67 182 266 190 138 0 266 0 67 25 138 0 67 25 442 25 156 24 6 24 176 1 156 24 176 1 310 1 504 24 139 24 311 1 504 24 311 1 159 1 518 24 367 55 512 55 518 24 512 55 119 24 119 15 512 35 204 35 119 15 204 35 116 15 221 182 464 162 389 162 221 182 389 162 67 182 389 56 249 56 442 25 389 56 442 25 67 25 37 55 404 55 6 24 37 55 6 24 156 24 1 55 139 24 504 24 1 55 504 24 347 55 367 55 330 85 456 85 367 55 456 85 512 55 512 35 456 53 206 53 512 35 206 53 204 35 464 162 152 153 218 153 464 162 218 153 389 162 249 56 389 56 218 86 249 56 218 86 88 86 2 85 370 85 404 55 2 85 404 55 37 55 484 85 1 55 347 55 484 85 347 55 315 85 292 184 392 187 53 41 292 184 53 41 485 31 416 108 28 108 456 85 416 108 456 85 330 85 28 62 110 62 206 53 28 62 206 53 456 53 296 137 108 137 218 153 296 137 218 153 152 153 108 109 492 109 88 86 108 109 88 86 218 86 97 108 475 108 370 85 97 108 370 85 2 85 107 120 276 120 112 110 112 110 276 120 53 120 112 110 53 120 317 110 317 110 53 120 392 120 317 110 392 120 168 120 317 110 168 120 175 120 445 95 112 110 317 110 445 95 317 110 150 95 315 85 400 108 46 108 315 85 46 108 484 85 485 108 53 99 276 99 485 108 276 99 194 108 194 136 276 143 107 143 194 136 107 143 77 136 392 187 292 184 33 155 392 187 33 155 168 157 520 170 175 174 168 157 520 170 168 157 33 155 222 21 51 180 292 184 222 21 292 184 485 31 416 108 148 126 259 126 416 108 259 126 28 108 259 70 351 70 110 62 259 70 110 62 28 62 386 117 26 117 108 137 386 117 108 137 296 137 492 109 108 109 26 127 492 109 26 127 398 127 341 126 202 126 475 108 341 126 475 108 97 108 150 95 275 81 68 81 150 95 68 81 445 95 275 122 219 130 24 130 275 122 24 130 68 122 279 126 46 108 400 108 279 126 400 108 126 126 468 126 222 126 485 108 468 126 485 108 194 108 77 136 362 116 468 116 77 136 468 116 194 136 292 184 51 180 287 149 292 184 287 149 33 155 33 155 287 149 238 166 33 155 238 166 520 170 222 21 154 18 488 177 222 21 488 177 51 180 48 138 179 138 259 126 48 138 259 126 148 126 179 74 451 74 351 70 179 74 351 70 259 70 424 113 521 113 26 117 424 113 26 117 386 117 521 139 363 139 398 127 521 139 398 127 26 127 245 138 114 138 202 126 245 138 202 126 341 126 219 130 187 139 495 139 219 130 495 139 24 130 126 126 35 138 191 138 126 126 191 138 279 126 375 138 154 138 222 126 375 138 222 126 468 126 284 112 375 112 468 116 284 112 468 116 362 116 51 180 488 177 200 145 51 180 200 145 287 149 287 149 200 145 164 163 287 149 164 163 238 166 211 20 40 179 488 177 211 20 488 177 154 18 48 138 128 128 248 128 48 138 248 128 179 138 179 74 248 72 369 72 179 74 369 72 451 74 424 113 397 115 21 115 424 113 21 115 521 113 363 139 521 139 21 129 363 139 21 129 390 129 331 128 193 128 114 138 331 128 114 138 245 138 187 139 215 132 10 132 187 139 10 132 495 139 261 128 191 138 35 138 261 128 35 138 117 128 454 128 211 128 154 138 454 128 154 138 375 138 348 114 454 114 375 112 348 114 375 112 284 112 40 179 272 148 200 145 40 179 200 145 488 177 272 148 223 165 164 163 272 148 164 163 200 145 449 28 260 183 40 179 449 28 40 179 211 20 381 111 528 111 248 128 381 111 248 128 128 128 248 72 528 64 129 64 248 72 129 64 369 72 397 115 308 135 92 135 397 115 92 135 21 115 92 110 479 110 390 129 92 110 390 129 21 129 69 111 440 111 193 128 69 111 193 128 331 128 215 132 264 124 59 124 215 132 59 124 10 132 297 109 82 109 430 91 297 109 430 91 132 91 264 77 132 91 430 91 264 77 430 91 59 77 117 128 365 111 15 111 117 128 15 111 261 128 181 111 449 111 211 128 181 111 211 128 454 128 348 114 58 134 181 134 348 114 181 134 454 114 260 183 0 154 272 148 260 183 272 148 40 179 0 154 497 167 223 165 0 154 223 165 272 148 449 28 29 38 361 186 449 28 361 186 260 183 518 5 178 5 176 5 176 5 178 5 339 5 176 5 339 5 326 5 326 5 339 5 478 5 326 5 478 5 435 5 435 5 478 5 516 5 435 5 516 5 460 5 460 5 516 5 406 5 460 5 406 5 346 5 346 5 406 5 163 5 346 5 163 5 91 5 91 5 163 5 227 5 91 5 227 5 185 5 185 5 227 5 78 5 78 5 227 5 146 5 78 5 146 5 465 5 78 5 465 5 391 5 114 5 48 5 202 5 202 5 48 5 148 5 202 5 148 5 475 5 475 5 148 5 416 5 475 5 416 5 370 5 370 5 416 5 330 5 370 5 330 5 404 5 404 5 330 5 367 5 404 5 367 5 6 5 6 5 367 5 518 5 6 5 518 5 176 5 216 5 381 5 440 5 440 5 381 5 128 5 440 5 128 5 193 5 193 5 128 5 48 5 193 5 48 5 114 5 381 5 216 5 155 5 506 101 493 101 381 111 381 111 493 101 508 101 381 111 508 101 417 89 417 89 508 101 31 89 381 111 417 89 528 111 506 101 381 111 155 101 242 54 129 64 528 64 242 54 528 64 417 54 308 135 167 150 209 150 308 135 209 150 92 135 479 110 92 110 209 90 479 110 209 90 73 90 508 105 182 105 207 98 508 105 207 98 135 98 508 105 135 98 31 107 285 76 506 76 155 84 285 76 155 84 216 84 285 76 216 84 402 169 285 76 402 169 177 169 506 76 285 76 208 94 506 76 208 94 493 94 182 105 508 105 493 94 182 105 493 94 208 94 69 111 494 89 443 89 69 111 443 89 388 101 69 111 388 101 258 101 69 111 258 101 335 101 69 111 335 101 439 101 69 111 439 101 527 101 69 111 527 101 42 101 69 111 42 101 105 101 69 111 105 101 210 101 69 111 210 101 440 111 402 101 216 101 440 111 402 101 440 111 210 101 54 97 388 97 443 106 54 97 443 106 9 104 54 97 9 104 101 104 388 97 54 97 510 79 388 97 510 79 258 79 131 119 361 119 297 109 297 109 361 119 29 119 297 109 29 119 82 109 82 109 29 119 251 119 82 109 251 119 74 119 131 119 297 109 140 119 111 171 335 171 258 79 111 171 258 79 510 79 335 171 111 171 241 51 335 171 241 51 439 51 338 151 527 151 439 51 338 151 439 51 241 51 393 0 42 0 527 151 393 0 527 151 338 151 42 0 393 0 444 146 42 0 444 146 105 146 32 48 210 48 105 146 32 48 105 146 444 146 177 169 402 169 210 48 177 169 210 48 32 48 433 89 15 111 365 111 433 89 365 111 271 89 29 101 449 111 181 111 29 101 181 111 251 101 58 134 74 142 251 142 58 134 251 142 181 134 260 183 361 186 131 156 260 183 131 156 0 154 131 156 140 173 497 167 131 156 497 167 0 154 483 5 452 5 480 5 480 5 452 5 327 5 480 5 327 5 349 5 349 5 327 5 14 5 349 5 14 5 122 5 452 5 483 5 482 5 448 57 417 89 135 68 448 57 135 68 304 68 448 57 304 68 14 68 448 57 14 68 327 57 135 68 417 89 31 89 417 54 448 37 239 37 417 54 239 37 242 54 209 150 167 150 491 160 209 150 491 160 376 160 230 58 73 90 209 90 230 58 209 90 376 58 281 80 304 80 135 98 281 80 135 98 207 98 122 88 14 88 304 80 122 88 304 80 281 80 122 88 281 80 173 172 122 88 173 172 356 172 514 57 349 57 198 68 514 57 198 68 134 68 514 57 134 68 523 68 514 57 523 68 306 68 514 57 306 68 93 68 514 57 93 68 65 68 514 57 65 68 9 68 514 57 9 68 443 89 514 57 443 89 494 89 349 57 122 68 356 68 349 57 356 68 283 68 349 57 283 68 224 68 349 57 224 68 198 68 356 172 173 172 23 52 356 172 23 52 283 52 283 52 23 52 438 152 283 52 438 152 224 152 380 1 198 1 224 152 380 1 224 152 438 152 198 1 380 1 334 147 198 1 334 147 134 147 233 49 523 49 134 147 233 49 134 147 334 147 104 168 306 168 523 49 104 168 523 49 233 49 306 168 104 168 507 75 306 168 507 75 93 75 93 75 507 75 52 93 93 75 52 93 65 93 101 104 9 104 65 93 101 104 65 93 52 93 271 89 312 57 476 57 271 89 476 57 433 89 448 57 327 57 452 29 448 57 452 29 61 29 169 19 239 37 448 37 169 19 448 37 61 19 376 160 491 160 246 181 376 160 246 181 56 181 230 58 376 58 56 30 230 58 56 30 426 30 349 57 514 57 100 29 349 57 100 29 480 29 158 5 293 5 5 5 5 5 293 5 382 5 5 5 382 5 420 5 420 5 382 5 399 5 420 5 399 5 403 5 403 5 399 5 120 5 403 5 120 5 175 5 175 5 120 5 474 5 175 5 474 5 317 5 317 5 474 5 138 5 317 5 138 5 442 5 359 5 395 5 70 5 70 5 395 5 364 5 70 5 364 5 34 5 34 5 364 5 294 5 34 5 294 5 505 5 505 5 294 5 184 5 505 5 184 5 123 5 123 5 184 5 8 5 123 5 8 5 474 5 474 5 8 5 333 5 474 5 333 5 138 5 320 5 525 5 113 5 113 5 525 5 171 5 113 5 171 5 498 5 498 5 171 5 282 5 498 5 282 5 20 5 20 5 282 5 359 5 20 5 359 5 70 5 267 5 320 5 113 5 267 5 113 5 446 5 267 5 446 5 83 5 267 5 83 5 353 5 267 5 353 5 342 5 267 5 342 5 234 5 267 5 234 5 252 5 398 5 219 5 492 5 492 5 219 5 275 5 492 5 275 5 88 5 88 5 275 5 150 5 88 5 150 5 249 5 249 5 150 5 317 5 249 5 317 5 442 5 230 5 132 5 73 5 73 5 132 5 264 5 73 5 264 5 479 5 479 5 264 5 215 5 479 5 215 5 390 5 390 5 215 5 187 5 390 5 187 5 363 5 363 5 187 5 219 5 363 5 219 5 398 5 140 5 297 5 486 5 486 5 297 5 132 5 486 5 132 5 426 5 426 5 132 5 230 5 486 5 459 5 481 5 486 5 481 5 371 5 486 5 371 5 358 5 486 5 358 5 140 5 434 29 80 29 476 57 434 29 476 57 312 57 452 29 482 17 79 17 452 29 79 17 61 29 169 19 61 19 79 3 169 19 79 3 188 3 56 181 246 181 174 185 56 181 174 185 102 185 102 16 486 16 426 30 102 16 426 30 56 30 106 140 103 140 458 140 106 140 458 140 459 140 106 140 459 140 486 140 106 140 486 140 101 140 106 140 101 140 52 140 106 140 52 140 507 140 106 140 507 140 104 140 106 140 104 140 233 140 106 140 233 140 334 140 106 140 334 140 380 140 106 140 380 140 438 140 106 140 438 140 23 140 106 140 23 140 483 140 486 140 102 140 32 140 486 140 32 140 444 140 486 140 444 140 393 140 486 140 393 140 338 140 486 140 338 140 241 140 486 140 241 140 111 140 486 140 111 140 510 140 486 140 510 140 54 140 486 140 54 140 101 140 102 140 174 140 79 140 102 140 79 140 482 140 102 140 482 140 182 140 102 140 182 140 208 140 102 140 208 140 285 140 102 140 285 140 177 140 102 140 177 140 32 140 23 140 173 140 483 140 483 140 173 140 281 140 483 140 281 140 482 140 482 140 281 140 207 140 482 140 207 140 182 140 79 140 174 140 188 140 106 17 483 17 480 29 106 17 480 29 100 29 103 17 80 29 434 29 103 17 434 29 458 17 </p>
        </triangles>
      </mesh>
    </geometry>
    <geometry id="_8160579_EAMC-15-10000036_0-con">
      <convex_mesh convex_hull_of="#_8160579_EAMC-15-10000036_0-obj"/>
    </geometry>
    <geometry id="_4953161_EAMC-15-10000037_0-obj" name="_4953161_EAMC-15-">
      <mesh>
        <source id="_4953161_EAMC-15-10000037_0-vertex">
          <float_array id="_4953161_EAMC-15-10000037_0-vertex-array" count="576">4.94975 -15.7 2.30025 -3.1 -16.2 -4.89859e-15 2.68468 -20.2 1.55 2.99437 -16.2 -0.802339 2.54558 -20.7 2.54558 -2.54558 -20.7 -2.54558 -2.68468 -20.2 -1.55 0.802339 -16.2 -2.99437 4.94975 -15.7 -2.30025 4.11648 -15.7 6.21398 6.06218 -20.7 3.75 -6.06218 -20.7 -3.75 5.3033 -20.7 5.3033 -5.3033 -20.7 -5.3033 -1.55 -20.2 -2.68468 3.11769 -15.7 -1.8 4.18964 -15.7 1.64224 3.47733 -15.7 0.931749 2.30025 -15.7 -4.94975 1.8 -15.7 -3.11769 -2.30025 -15.7 -4.94975 -0.931749 -15.7 3.47733 1.64224 -20.7 4.18964 -1.64224 -20.7 -4.18964 0.931749 -20.7 3.47733 -0.931749 -20.7 -3.47733 -3.47733 -15.7 0.931749 -0.931749 -15.7 -3.47733 0 -15.7 4.5 -1.64224 -15.7 -4.18964 2.30025 -20.7 4.94975 -2.30025 -20.7 -4.94975 -1.8 -20.7 3.11769 1.8 -20.7 -3.11769 -2.30025 -20.7 4.94975 2.30025 -20.7 -4.94975 3.47733 -20.7 0.931749 -3.47733 -20.7 -0.931749 4.18964 -20.7 1.64224 -4.18964 -20.7 -1.64224 -6.21398 -15.7 -4.11648 -3.11769 -20.7 1.8 3.11769 -20.7 -1.8 1.55 -16.2 2.68468 5.3033 -15.7 5.3033 3.75 -15.7 6.06218 6.06218 -15.7 3.75 -4.5 -15.7 -4.89859e-15 4.94975 -20.7 -2.30025 -4.94975 -20.7 2.30025 -0.802339 -20.2 2.99437 2.68468 -16.2 1.55 2.54558 -15.7 2.54558 -2.99437 -20.2 0.802339 -2.68468 -16.2 -1.55 3.1 -20.2 -4.89859e-15 4.94975 -20.7 2.30025 -4.94975 -20.7 -2.30025 -1.55 -16.2 -2.68468 0 -20.2 -3.1 -2.54558 -20.7 2.54558 2.54558 -20.7 -2.54558 -2.54558 -15.7 -2.54558 4.5 -15.7 -4.89859e-15 -6.06218 -15.7 -3.75 -3.75 -15.7 -6.06218 -5.3033 -15.7 -5.3033 -3.75 -20.7 6.06218 3.75 -20.7 -6.06218 6.21398 -15.7 4.11648 -6.06218 -20.7 3.75 6.06218 -20.7 -3.75 1.64224 -15.7 4.18964 0 -15.7 -4.5 0.931749 -15.7 3.47733 3.47733 -15.7 -0.931749 0.931749 -15.7 -3.47733 -0.802339 -16.2 2.99437 2.30025 -15.7 4.94975 -1.8 -15.7 3.11769 -2.30025 -15.7 4.94975 -3.47733 -15.7 -0.931749 -4.18964 -15.7 -1.64224 -3.11769 -15.7 1.8 -2.99437 -16.2 0.802339 3.1 -16.2 -4.89859e-15 -4.11648 -15.7 -6.21398 -4.94975 -15.7 2.30025 0 -16.2 -3.1 -1.55 -20.2 2.68468 1.16469 -20.7 4.34667 -1.16469 -20.7 -4.34667 -2.68468 -20.2 1.55 -4.94975 -15.7 -2.30025 -1.16469 -20.7 4.34667 1.16469 -20.7 -4.34667 -2.54558 -15.7 2.54558 -4.34667 -20.7 1.16469 4.34667 -20.7 -1.16469 4.34667 -20.7 1.16469 -4.34667 -20.7 -1.16469 -3.75 -15.7 6.06218 -2.19203 -20.2 2.19203 -6.06218 -15.7 3.75 0.802339 -20.2 2.99437 -4.11648 -20.7 6.21398 4.11648 -20.7 -6.21398 -6.21398 -20.7 4.11648 6.21398 -20.7 -4.11648 -2.99437 -20.2 -0.802339 -1.55 -16.2 2.68468 -2.68468 -16.2 1.55 2.19203 -20.2 2.19203 -1.64224 -20.7 4.18964 1.64224 -20.7 -4.18964 1.16469 -15.7 4.34667 -4.18964 -20.7 1.64224 4.18964 -20.7 -1.64224 -2.19203 -20.2 -2.19203 0 -20.7 3.6 0 -20.7 -3.6 -1.16469 -15.7 4.34667 1.8 -20.7 3.11769 -1.8 -20.7 -3.11769 -2.19203 -16.2 2.19203 2.99437 -20.2 0.802339 -4.34667 -15.7 1.16469 3.6 -20.7 -4.89859e-15 -3.6 -20.7 -4.89859e-15 -4.34667 -15.7 -1.16469 -5.3033 -20.7 5.3033 5.3033 -20.7 -5.3033 3.11769 -15.7 1.8 0.802339 -16.2 2.99437 -0.802339 -20.2 -2.99437 3.11769 -20.7 1.8 -3.11769 -20.7 -1.8 5.3033 -15.7 -5.3033 3.6 -15.7 -4.89859e-15 -2.99437 -16.2 -0.802339 -4.11648 -15.7 6.21398 2.19203 -20.2 -2.19203 -1.8 -15.7 -3.11769 0 -15.7 -3.6 2.19203 -16.2 2.19203 -6.21398 -15.7 4.11648 4.18964 -15.7 -1.64224 1.64224 -15.7 -4.18964 -2.19203 -16.2 -2.19203 -1.64224 -15.7 4.18964 2.68468 -20.2 -1.55 1.55 -20.2 -2.68468 2.99437 -16.2 0.802339 -4.18964 -15.7 1.64224 6.21398 -15.7 -4.11648 0 -15.7 3.6 1.8 -15.7 3.11769 4.11648 -15.7 -6.21398 -0.802339 -16.2 -2.99437 -3.6 -15.7 -4.89859e-15 -5.3033 -15.7 5.3033 -3.11769 -15.7 -1.8 2.19203 -16.2 -2.19203 4.34667 -15.7 1.16469 4.34667 -15.7 -1.16469 1.16469 -15.7 -4.34667 2.68468 -16.2 -1.55 -1.16469 -15.7 -4.34667 1.55 -16.2 -2.68468 0 -20.2 3.1 4.11648 -20.7 6.21398 -4.11648 -20.7 -6.21398 -3.1 -20.2 -4.89859e-15 2.99437 -20.2 -0.802339 0.802339 -20.2 -2.99437 -0.931749 -20.7 3.47733 0.931749 -20.7 -3.47733 -3.47733 -20.7 0.931749 3.47733 -20.7 -0.931749 0 -20.7 4.5 0 -20.7 -4.5 6.06218 -15.7 -3.75 6.21398 -20.7 4.11648 -6.21398 -20.7 -4.11648 3.75 -15.7 -6.06218 3.75 -20.7 6.06218 -3.75 -20.7 -6.06218 4.5 -20.7 -4.89859e-15 -4.5 -20.7 -4.89859e-15 2.54558 -15.7 -2.54558 0 -16.2 3.1 1.55 -20.2 2.68468 </float_array>
          <technique_common>
            <accessor source="#_4953161_EAMC-15-10000037_0-vertex-array" count="192" stride="3">
              <param name="X" type="float"/>
              <param name="Y" type="float"/>
              <param name="Z" type="float"/>
            </accessor>
          </technique_common>
        </source>
        <source id="_4953161_EAMC-15-10000037_0-normal">
          <float_array id="_4953161_EAMC-15-10000037_0-normal-array" count="366">0.701057 0 0.701057 -0.701057 0 -0.701057 -0.682411 0 -0.723928 0.682411 0 0.723928 0.723928 0 0.682411 -0.723928 0 -0.682411 0 -1 0 0 1 0 0.654503 0 0.75606 -0.654503 0 -0.75606 -0.75606 0 -0.654503 0.75606 0 0.654503 -0.608761 0 -0.793353 0.608761 0 0.793353 0.352031 0.704063 0.609736 -0.352031 -0.704063 -0.609736 0.793353 0 0.608761 -0.793353 0 -0.608761 -0.609736 0.704063 -0.352031 0.609736 -0.704063 0.352031 0.495722 0 0.858616 -0.495722 0 -0.858616 0.858616 0 0.495722 -0.858616 0 -0.495722 0.182225 0.704063 0.680072 -0.182225 -0.704063 -0.680072 -0.680072 0.704063 -0.182225 0.680072 -0.704063 0.182225 -0.382683 0 -0.92388 0.382683 0 0.92388 0.92388 0 0.382683 -0.92388 0 -0.382683 -0.312368 0 -0.949961 0.312368 0 0.949961 0 0.704063 0.704063 0 -0.704063 -0.704063 -0.704063 0.704063 0 0.704063 -0.704063 0 0.949961 0 0.312368 -0.949961 0 -0.312368 0.256605 0 0.957662 -0.256605 0 -0.957662 -0.957662 0 -0.256605 0.957662 0 0.256605 -0.221447 0 -0.970703 0.221447 0 0.970703 0.970703 0 0.221447 -0.970703 0 -0.221447 -0.182225 0.704063 0.680072 0.182225 -0.704063 -0.680072 -0.680072 0.704063 0.182225 0.680072 -0.704063 -0.182225 -0.352031 0.704063 0.609736 0.352031 -0.704063 -0.609736 -0.609736 0.704063 0.352031 0.609736 -0.704063 -0.352031 -0.497847 0.704063 0.497847 0.497847 -0.704063 -0.497847 0 0 0.991445 0 0 -0.991445 -0.991445 0 0 0.991445 0 0 0.221447 0 -0.970703 -0.221447 0 0.970703 0.970703 0 -0.221447 -0.970703 0 0.221447 -0.256605 0 0.957662 0.256605 0 -0.957662 -0.957662 0 0.256605 0.957662 0 -0.256605 0.312368 0 -0.949961 -0.312368 0 0.949961 -0.497847 -0.704063 0.497847 0.497847 0.704063 -0.497847 0.949961 0 -0.312368 -0.949961 0 0.312368 -0.609736 -0.704063 0.352031 0.609736 0.704063 -0.352031 -0.352031 -0.704063 0.609736 0.352031 0.704063 -0.609736 0.382683 0 -0.92388 -0.382683 0 0.92388 0.92388 0 -0.382683 -0.92388 0 0.382683 0.495722 0 -0.858616 -0.495722 0 0.858616 -0.858616 0 0.495722 0.858616 0 -0.495722 -0.680072 -0.704063 0.182225 0.680072 0.704063 -0.182225 -0.182225 -0.704063 0.680072 0.182225 0.704063 -0.680072 0.608761 0 -0.793353 -0.608761 0 0.793353 -0.701057 0 0.701057 0.701057 0 -0.701057 0.793353 0 -0.608761 -0.793353 0 0.608761 0.682411 0 -0.723928 -0.682411 0 0.723928 0.723928 0 -0.682411 -0.723928 0 0.682411 0.654503 0 -0.75606 -0.654503 0 0.75606 0.75606 0 -0.654503 -0.75606 0 0.654503 -0.704063 -0.704063 0 0.704063 0.704063 0 0 -0.704063 0.704063 0 0.704063 -0.704063 -0.680072 -0.704063 -0.182225 0.680072 0.704063 0.182225 0.182225 -0.704063 0.680072 -0.182225 0.704063 -0.680072 -0.609736 -0.704063 -0.352031 0.609736 0.704063 0.352031 0.352031 -0.704063 0.609736 -0.352031 0.704063 -0.609736 0.497847 0.704063 0.497847 -0.497847 -0.704063 -0.497847 0.497847 -0.704063 0.497847 -0.497847 0.704063 -0.497847 </float_array>
          <technique_common>
            <accessor source="#_4953161_EAMC-15-10000037_0-normal-array" count="122" stride="3">
              <param name="X" type="float"/>
              <param name="Y" type="float"/>
              <param name="Z" type="float"/>
            </accessor>
          </technique_common>
        </source>
        <vertices id="_4953161_EAMC-15-10000037_0-vertex-obj">
          <input semantic="POSITION" source="#_4953161_EAMC-15-10000037_0-vertex"/>
        </vertices>
        <triangles material="Nr10000037_0Mat0" count="384">
          <input semantic="VERTEX" source="#_4953161_EAMC-15-10000037_0-vertex-obj" offset="0"/>
          <input semantic="NORMAL" source="#_4953161_EAMC-15-10000037_0-normal" offset="1"/>
          <p>79 7 96 7 160 7 160 7 96 7 83 7 160 7 83 7 145 7 145 7 83 7 26 7 145 7 26 7 103 7 103 7 26 7 153 7 103 7 153 7 87 7 160 7 140 7 79 7 79 7 140 7 101 7 79 7 101 7 21 7 21 7 101 7 149 7 21 7 149 7 121 7 66 7 40 7 86 7 86 7 40 7 64 7 86 7 64 7 65 7 65 7 64 7 93 7 65 7 93 7 20 7 20 7 93 7 82 7 20 7 82 7 29 7 29 7 82 7 129 7 29 7 129 7 167 7 167 7 129 7 62 7 167 7 62 7 142 7 159 7 81 7 47 7 47 7 81 7 161 7 47 7 161 7 129 7 129 7 161 7 62 7 159 7 47 7 126 7 159 7 126 7 153 7 159 7 153 7 26 7 73 7 167 7 142 7 73 7 142 7 27 7 73 7 27 7 143 7 73 7 143 7 165 7 147 7 165 7 143 7 147 7 143 7 76 7 147 7 76 7 184 7 147 7 184 7 18 7 184 7 76 7 157 7 157 7 76 7 19 7 157 7 19 7 137 7 137 7 19 7 189 7 137 7 189 7 15 7 164 7 146 7 75 7 75 7 146 7 181 7 75 7 181 7 15 7 15 7 181 7 154 7 15 7 154 7 137 7 75 7 138 7 164 7 164 7 138 7 17 7 164 7 17 7 63 7 63 7 17 7 132 7 63 7 132 7 52 7 44 7 69 7 9 7 9 7 69 7 46 7 9 7 46 7 45 7 45 7 46 7 0 7 45 7 0 7 78 7 78 7 0 7 16 7 78 7 16 7 72 7 72 7 16 7 163 7 72 7 163 7 115 7 115 7 163 7 63 7 115 7 63 7 52 7 52 7 156 7 28 7 28 7 156 7 74 7 28 7 74 7 121 7 121 7 74 7 155 7 121 7 155 7 21 7 52 7 28 7 115 7 181 7 146 7 8 7 149 7 101 7 80 7 42 6 61 6 131 6 131 6 61 6 33 6 131 6 33 6 106 6 106 6 33 6 176 6 106 6 176 6 68 6 68 6 176 6 114 6 68 6 114 6 35 6 131 6 108 6 42 6 42 6 108 6 71 6 42 6 71 6 178 6 178 6 71 6 117 6 178 6 117 6 98 6 13 6 171 6 183 6 183 6 171 6 186 6 183 6 186 6 11 6 11 6 186 6 31 6 11 6 31 6 57 6 57 6 31 6 23 6 57 6 23 6 39 6 39 6 23 6 91 6 39 6 91 6 100 6 100 6 91 6 5 6 100 6 5 6 136 6 120 6 25 6 180 6 180 6 25 6 123 6 180 6 123 6 91 6 91 6 123 6 5 6 120 6 180 6 95 6 120 6 95 6 114 6 120 6 114 6 176 6 188 6 100 6 136 6 188 6 136 6 37 6 188 6 37 6 128 6 188 6 128 6 97 6 116 6 97 6 128 6 116 6 128 6 177 6 116 6 177 6 70 6 116 6 70 6 49 6 107 6 70 6 177 6 107 6 177 6 41 6 107 6 41 6 60 6 107 6 60 6 130 6 32 6 175 6 67 6 32 6 67 6 105 6 32 6 105 6 130 6 32 6 130 6 60 6 34 6 67 6 113 6 113 6 67 6 175 6 113 6 175 6 94 6 94 6 175 6 119 6 94 6 119 6 24 6 179 6 94 6 24 6 179 6 24 6 122 6 179 6 122 6 4 6 179 6 4 6 99 6 179 6 99 6 90 6 12 6 170 6 182 6 182 6 170 6 185 6 182 6 185 6 10 6 10 6 185 6 30 6 10 6 30 6 56 6 56 6 30 6 22 6 56 6 22 6 38 6 38 6 22 6 90 6 38 6 90 6 99 6 4 6 135 6 187 6 187 6 135 6 36 6 187 6 36 6 98 6 98 6 36 6 127 6 98 6 127 6 178 6 4 6 187 6 99 6 117 6 71 6 48 6 112 119 4 119 122 15 112 119 122 15 191 15 144 1 112 1 191 21 144 1 191 21 43 21 156 117 52 121 144 121 156 117 144 121 43 117 9 13 170 13 12 0 9 13 12 0 44 0 185 85 170 81 9 81 185 85 9 81 45 85 104 25 191 15 122 15 104 25 122 15 24 25 43 21 191 21 104 41 43 21 104 41 133 41 156 117 43 117 133 113 156 117 133 113 74 113 90 45 22 33 72 33 90 45 72 33 115 45 22 105 30 99 78 99 22 105 78 99 72 105 45 85 78 99 30 99 45 85 30 99 185 85 169 35 104 25 24 25 169 35 24 25 119 35 133 41 104 41 169 59 133 41 169 59 190 59 74 113 133 113 190 109 74 113 190 109 155 109 179 58 90 45 115 45 179 58 115 45 28 58 119 35 175 49 50 49 119 35 50 49 169 35 190 59 169 59 50 67 190 59 50 67 77 67 21 91 155 109 190 109 21 91 190 109 77 91 94 63 179 58 28 58 94 63 28 58 121 63 175 49 32 53 89 53 175 49 89 53 50 49 77 67 50 67 89 84 77 67 89 84 110 84 79 79 21 91 77 91 79 79 77 91 110 79 80 3 101 20 67 20 80 3 67 20 34 3 121 63 149 71 113 71 121 63 113 71 94 63 34 3 113 11 149 11 34 3 149 11 80 3 89 53 32 53 60 57 89 53 60 57 102 57 110 84 89 84 102 95 110 84 102 95 124 95 96 73 79 79 110 79 96 73 110 79 124 73 140 93 160 94 130 94 140 93 130 94 105 93 105 29 67 20 101 20 105 29 101 20 140 29 92 55 102 57 60 57 92 55 60 57 41 55 124 95 102 95 92 87 124 95 92 87 111 87 96 73 124 73 111 77 96 73 111 77 83 77 145 97 107 97 130 94 145 97 130 94 160 94 103 23 87 5 49 5 103 23 49 5 70 23 70 23 107 31 145 31 70 23 145 31 103 23 53 51 92 55 41 55 53 51 41 55 177 51 111 87 92 87 53 69 111 87 53 69 84 69 83 77 111 77 84 89 83 77 84 89 26 89 97 65 116 75 153 75 97 65 153 75 126 65 87 5 153 9 116 9 87 5 116 9 49 5 172 37 53 51 177 51 172 37 177 51 128 37 84 69 53 69 172 61 84 69 172 61 1 61 26 89 84 89 1 107 26 89 1 107 159 107 188 60 97 65 126 65 188 60 126 65 47 60 37 27 109 27 172 37 37 27 172 37 128 37 1 61 172 61 109 43 1 61 109 43 139 43 1 107 139 111 81 111 1 107 81 111 159 107 100 47 188 60 47 60 100 47 47 60 129 47 136 19 6 19 109 27 136 19 109 27 37 27 139 43 109 43 6 22 139 43 6 22 54 22 139 111 54 115 161 115 139 111 161 115 81 111 39 39 100 47 129 47 39 39 129 47 82 39 82 103 93 101 57 101 82 103 57 101 39 103 93 101 64 86 11 86 93 101 11 86 57 101 5 120 118 120 6 19 5 120 6 19 136 19 54 22 6 22 118 0 54 22 118 0 148 0 54 115 148 118 62 118 54 115 62 118 161 115 13 1 183 17 40 17 13 1 40 17 66 1 183 83 11 86 64 86 183 83 64 86 40 83 5 120 123 116 14 116 5 120 14 116 118 120 148 0 118 0 14 20 148 0 14 20 58 20 58 14 142 14 62 118 58 14 62 118 148 118 86 12 171 12 13 1 86 12 13 1 66 1 31 98 186 84 65 84 31 98 65 84 20 98 186 84 171 80 86 80 186 84 86 80 65 84 123 116 25 112 134 112 123 116 134 112 14 116 58 20 14 20 134 40 58 20 134 40 158 40 27 24 142 14 58 14 27 24 58 14 158 24 20 98 29 104 23 104 20 98 23 104 31 98 91 44 23 32 29 32 91 44 29 32 167 44 25 112 120 108 59 108 25 112 59 108 134 112 158 40 134 40 59 58 158 40 59 58 88 58 88 34 143 34 27 24 88 34 27 24 158 24 180 59 91 44 167 44 180 59 167 44 73 59 176 90 174 90 59 108 176 90 59 108 120 108 88 58 59 58 174 66 88 58 174 66 7 66 88 34 7 48 76 48 88 34 76 48 143 34 95 62 180 59 73 59 95 62 73 59 165 62 33 78 151 78 174 90 33 78 174 90 176 90 7 66 174 66 151 85 7 66 151 85 168 85 7 48 168 52 19 52 7 48 19 52 76 48 114 70 95 62 165 62 114 70 165 62 147 70 35 2 114 10 147 10 35 2 147 10 18 2 18 2 184 21 68 21 18 2 68 21 35 2 61 72 141 72 151 78 61 72 151 78 33 78 168 85 151 85 141 94 168 85 141 94 162 94 168 52 162 56 189 56 168 52 189 56 19 52 131 95 106 92 157 92 131 95 157 92 137 95 106 28 68 21 184 21 106 28 184 21 157 28 61 72 42 76 150 76 61 72 150 76 141 72 162 94 141 94 150 86 162 94 150 86 166 86 166 54 15 54 189 56 166 54 189 56 162 56 137 95 154 96 108 96 137 95 108 96 131 95 71 22 108 30 154 30 71 22 154 30 181 22 42 76 178 88 173 88 42 76 173 88 150 76 166 86 150 86 173 68 166 86 173 68 3 68 75 50 15 54 166 54 75 50 166 54 3 50 117 8 48 4 8 4 117 8 8 4 146 8 181 22 8 4 48 4 181 22 48 4 71 22 98 64 117 74 146 74 98 64 146 74 164 64 178 88 127 106 55 106 178 88 55 106 173 88 3 68 173 68 55 60 3 68 55 60 85 60 85 36 138 36 75 50 85 36 75 50 3 50 187 61 98 64 164 64 187 61 164 64 63 61 127 106 36 110 125 110 127 106 125 110 55 106 85 60 55 60 125 42 85 60 125 42 152 42 17 26 138 36 85 36 17 26 85 36 152 26 99 46 187 61 63 61 99 46 63 61 163 46 125 110 36 110 135 114 125 110 135 114 2 114 152 42 125 42 2 23 152 42 2 23 51 23 132 18 17 26 152 26 132 18 152 26 51 18 38 38 99 46 163 46 38 38 163 46 16 38 0 100 46 87 10 87 0 100 10 87 56 100 56 100 38 102 16 102 56 100 16 102 0 100 2 114 135 114 4 119 2 114 4 119 112 119 51 23 2 23 112 1 51 23 112 1 144 1 52 121 132 18 51 18 52 121 51 18 144 121 69 16 44 0 12 0 69 16 12 0 182 16 182 82 10 87 46 87 182 82 46 87 69 82 </p>
        </triangles>
      </mesh>
    </geometry>
    <geometry id="_4953161_EAMC-15-10000037_0-con">
      <convex_mesh convex_hull_of="#_4953161_EAMC-15-10000037_0-obj"/>
    </geometry>
    <geometry id="_ISO-4762_M2_5x810000038_0-obj" name="_ISO-4762_M2_5x8">
      <mesh>
        <source id="_ISO-4762_M2_5x810000038_0-vertex">
          <float_array id="_ISO-4762_M2_5x810000038_0-vertex-array" count="831">-4.66 -23.834 5.5 -2.46 -24.1177 8.17333 -3.12265 -24.7 6 -2.46 -25.2823 3.82667 -1.79 -23.4926 5.67648 5.7 -23.7592 6.25209 -1.79 -25.9074 6.32352 -4.8 -24.9951 7.10116 -4.55 -25.2823 3.82667 -4.66 -24.7 7 -3.7 -24.7 7 -4.66 -23.834 6.5 -3.7 -23.834 6.5 -3.7 -24.7 5 -4.8 -24.4049 4.89884 -4.66 -24.7 5 -3.7 -25.566 5.5 -4.8 -24.7 8 5.424 -25.9074 6.32352 -4.66 -25.566 5.5 -4.55 -23.109 7.59099 -2.46 -23.109 7.59099 -4.8 -22.9679 7 -2.46 -26.291 4.40901 -4.8 -24.7 4 -4.8 -25.7 7.73205 -4.55 -26.291 4.40901 -2.3 -26.1779 4.52215 -2.3 -23.2221 7.47785 -3.7 -24.4412 6.96593 -4.8 -26.4321 5 -2.3 -25.745 4.19001 -2.3 -23.655 7.80999 -4.69528 -23.9679 6.73205 -4.8 -23.7 4.26795 -4.55 -26.291 7.59099 -2.3 -26.0423 5.225 -2.3 -23.3577 6.775 -3.7 -24.9588 5.03407 -2.46 -26.291 7.59099 -2.3 -24.2988 4.50282 -2.3 -25.1012 7.49718 -2.46 -23.109 4.40901 5.7 -24.213 5.15649 -4.69528 -25.4321 5.26795 -4.55 -23.109 4.40901 -3.7 -24.2 6.86603 5.7 -23.8565 5.513 -4.8 -23.2858 7.41421 -3.7 -25.2 5.13397 -4.8 -25.6873 6.57 -4.69528 -24.4321 7 5.7 -25.5435 5.513 -4.8 -26.1142 4.58579 -3.7 -25.6659 6.25882 -4.8 -23.7127 5.43 -4.55 -26.8733 6.58234 -4.8 -22.7 6 -4.8 -24.1824 7.93185 -4.69528 -24.9679 5 -2.46 -26.8733 6.58234 -3.7 -23.7341 5.74118 -2.46 -22.5267 5.41766 -4.69528 -25.4321 6.73205 5.7 -24.4479 5.05919 -2.3 -23.604 4.90398 -2.3 -25.796 7.09602 -4.55 -25.825 7.94856 -4.55 -22.5267 5.41766 5.7 -25.187 6.84351 -4.8 -26.7 6 -4.8 -25.2176 4.06815 -2.46 -25.825 7.94856 -2.46 -23.575 4.05144 5.424 -24.7 4.75 -2.3 -26.7188 5.45907 -2.3 -22.6812 6.54093 -4.69528 -23.9679 5.26795 -4.55 -23.575 4.05144 5.7 -25.5435 6.487 -2.3 -26.79 6 -2.3 -22.61 6 -4.55 -25.2823 8.17333 5.7 -23.8565 6.487 -1.79 -24.7 4.75 -2.46 -25.2823 8.17333 -2.46 -24.1177 3.82667 -1.79 -24.7 7.25 -2.3 -23.2221 4.52215 -2.3 -26.1779 7.47785 -4.8 -25.8357 6.03298 -4.55 -24.1177 3.82667 -4.8 -23.7 7.73205 -4.55 -24.7 8.25 5.7 -24.9521 6.94081 -4.8 -25.8012 6.29505 -2.46 -24.7 8.25 -2.46 -24.7 3.75 -4.8 -23.5643 5.96702 5.424 -24.7 7.25 -4.8 -25.7 4.26795 -4.55 -24.7 3.75 -4.8 -24.1607 7 -4.8 -23.5988 5.70495 -4.55 -22.45 6 5.424 -23.8161 5.11612 -4.8 -24.1036 6.96702 -4.8 -24.1226 7 -2.46 -22.45 6 -4.8 -24.4049 7.10116 -2.46 -26.95 6 -4.8 -23.7127 6.57 -3.7 -23.7341 6.25882 -3.7 -24.1226 7 -4.8 -25.2393 5 -4.55 -26.95 6 -3.7 -25.6659 5.74118 -3.7 -25.2774 5 -2.3 -26.1972 5.59883 -2.3 -23.2028 6.40117 5.7 -24.7 5.026 -4.8 -26.6319 6.51764 -4.8 -25.2964 5.03298 -4.8 -25.2774 5 -2.3 -25.475 4.65766 -2.3 -23.925 7.34234 -4.8 -24.9951 4.89884 -1.79 -23.8161 5.11612 5.424 -25.325 4.91747 5.7 -25.3887 5.31128 -4.8 -25.6873 5.43 -1.79 -25.5839 6.88388 -4.8 -22.7681 5.48236 5.424 -25.9074 5.67648 -4.8 -26.1142 7.41421 5.424 -23.6175 5.375 5.424 -25.5839 5.11612 5.424 -24.3765 4.79259 -1.79 -25.325 4.91747 5.424 -25.5839 6.88388 -2.3 -23.925 4.65766 -2.3 -25.475 7.34234 -1.79 -24.075 7.08253 -4.55 -26.6486 7.125 -4.8 -23.2858 4.58579 -2.46 -26.6486 7.125 -2.46 -22.7514 4.875 -1.79 -25.9074 5.67648 -2.3 -23.3577 5.225 -2.3 -26.0423 6.775 -1.79 -23.6175 5.375 -1.79 -25.5839 5.11612 -1.79 -23.4926 6.32352 -4.55 -22.7514 4.875 -1.79 -25.7825 6.625 -1.79 -23.8161 6.88388 -1.79 -24.3765 4.79259 5.7 -24.7 6.974 -1.79 -25.0235 7.20741 5.424 -24.075 7.08253 5.7 -24.0113 6.68872 5.7 -24.9521 5.05919 5.424 -23.4926 6.32352 5.424 -25.7825 6.625 5.424 -23.8161 6.88388 5.424 -25.0235 7.20741 -3.7 -25.2 6.86603 5.7 -25.674 6 -2.3 -25.2409 3.98122 -2.3 -24.1591 8.01878 -3.7 -24.2 5.13397 -2.3 -24.7 3.91 -2.3 -24.7 8.09 -2.3 -25.796 4.90398 -2.3 -23.604 7.09602 -4.8 -24.7 7.14 5.7 -24.0113 5.31128 -2.3 -26.1972 6.40117 -2.3 -23.2028 5.59883 -4.8 -25.2176 7.93185 -3.7 -23.9929 6.70711 -4.8 -24.7 4.86 -3.7 -25.4071 5.29289 -3.7 -23.7 6 -4.55 -23.575 7.94856 -2.3 -24.7 4.45 -2.3 -24.7 7.55 -4.8 -24.1824 4.06815 -2.46 -23.575 7.94856 -2.46 -25.825 4.05144 -3.7 -25.7 6 5.7 -24.4479 6.94081 -2.3 -25.1012 4.50282 -2.3 -24.2988 7.49718 -4.55 -25.825 4.05144 -4.8 -25.2964 6.96702 5.7 -23.726 6 5.424 -24.075 4.91747 5.7 -25.3887 6.68872 -4.8 -23.5988 6.29505 -4.8 -25.2774 7 -4.8 -24.1036 5.03298 -3.7 -25.2774 7 -2.3 -26.51 7.045 -2.3 -22.89 4.955 -4.8 -23.8939 6.8061 -1.79 -24.075 4.91747 -4.8 -23.5453 6 -4.8 -25.2393 7 -4.8 -23.5643 6.03298 -3.7 -24.1226 5 -4.8 -25.5061 6.8061 -1.79 -25.325 7.08253 -4.8 -25.8012 5.70495 -3.7 -23.5453 6 -4.8 -24.1226 5 -4.8 -25.5061 5.1939 -3.7 -25.8547 6 5.424 -25.95 6 -3.7 -25.4071 6.70711 -4.8 -25.8547 6 -4.8 -24.1607 5 -4.8 -25.8357 5.96702 -4.8 -23.8939 5.1939 -4.69528 -25.7 6.26795 5.7 -25.187 5.15649 -3.7 -23.9929 5.29289 5.424 -25.325 7.08253 -4.8 -22.7681 6.51764 -4.69528 -23.7 5.73205 -1.79 -25.95 6 5.424 -25.7825 5.375 5.7 -23.7592 5.74791 -1.79 -23.45 6 -2.3 -26.7188 6.54093 -2.3 -22.6812 5.45907 -4.8 -26.6319 5.48236 -3.7 -24.9588 6.96593 -1.79 -25.7825 5.375 -3.7 -24.4412 5.03407 5.424 -23.45 6 -1.79 -23.6175 6.625 5.7 -24.213 6.84351 -2.3 -23.655 4.19001 -2.3 -25.745 7.80999 -4.55 -22.7514 7.125 5.424 -25.0235 4.79259 -2.46 -22.7514 7.125 -2.46 -26.6486 4.875 5.424 -23.6175 6.625 -4.55 -22.5267 6.58234 -4.69528 -24.9679 7 5.7 -25.6408 6.25209 -4.55 -26.6486 4.875 -2.46 -22.5267 6.58234 -2.46 -26.8733 5.41766 -4.55 -26.8733 5.41766 -4.69528 -24.4321 5 -2.3 -26.51 4.955 -2.3 -22.89 7.045 -2.3 -24.1591 3.98122 -2.3 -25.2409 8.01878 -1.79 -25.0235 4.79259 -1.79 -24.3765 7.20741 5.7 -25.6408 5.74791 5.424 -24.3765 7.20741 -2.3 -26.25 6 -2.3 -23.15 6 -4.69528 -23.7 6.26795 5.424 -23.4926 5.67648 -4.8 -26.4321 7 -4.66 -25.566 6.5 -4.69528 -25.7 5.73205 -3.7 -25.566 6.5 -4.55 -24.1177 8.17333 -4.8 -22.9679 5 -3.7 -23.834 5.5 </float_array>
          <technique_common>
            <accessor source="#_ISO-4762_M2_5x810000038_0-vertex-array" count="277" stride="3">
              <param name="X" type="float"/>
              <param name="Y" type="float"/>
              <param name="Z" type="float"/>
            </accessor>
          </technique_common>
        </source>
        <source id="_ISO-4762_M2_5x810000038_0-normal">
          <float_array id="_ISO-4762_M2_5x810000038_0-normal-array" count="423">0.704063 -0.352031 0.609736 -0.704063 0.352031 -0.609736 0.503787 0.428219 -0.741697 -0.864155 1.24176e-09 3.72529e-09 1 0 0 -1 0 0 0.503787 -0.428219 0.741697 0.503787 0.827255 -0.221662 0.503787 -0.827255 0.221662 0.503787 -0.827255 -0.221662 0 0 1 0 0 -1 0.503787 0.827255 0.221662 0 0.866025 0.5 0 -0.866025 -0.5 0 -0.957662 0.256605 0 0.957662 -0.256605 -0.704063 -0.497847 0.497847 0.704063 0.497847 -0.497847 -0.704063 0.704063 0.0926916 0.704063 -0.497847 0.497847 -0.704063 0.497847 -0.497847 -0.704063 -0.704063 -0.0926916 0 -0.495722 0.858616 0 0.495722 -0.858616 -0.704063 -0.609736 0.352031 0.704063 0.609736 -0.352031 0.704063 -0.609736 0.352031 -0.704063 0.609736 -0.352031 -0.704063 -0.432305 0.56339 -0.704063 0.432305 -0.56339 -0.864155 0.48192 0.12913 -0.864155 -0.48192 -0.12913 -0.704063 0.271758 0.656082 -0.704063 -0.271758 -0.656082 -0.864155 -0.24946 0.432078 0 -0.701057 -0.701057 0 0.701057 0.701057 -0.704063 -0.704063 0.0926916 -0.864155 0.24946 -0.432078 -0.704063 0.704063 -0.0926916 0 -0.957662 -0.256605 0 0.957662 0.256605 0.503787 0 -0.856438 0.503787 0 0.856438 0 -0.256605 0.957662 0 0.256605 -0.957662 -0.864155 0.49892 0 -0.864155 -0.49892 0 -0.864155 -0.35279 0.35279 -0.864155 0.35279 -0.35279 0.503787 -0.605593 -0.605593 -0.864155 -0.12913 0.48192 0.503787 0.605593 0.605593 -0.864155 0.12913 -0.48192 0.503787 0.221662 -0.827255 0.503787 -0.221662 0.827255 0 -0.701057 0.701057 0 0.701057 -0.701057 -0.704063 -0.182225 0.680072 0.704063 0.182225 -0.680072 0.704063 -0.182225 0.680072 -0.704063 0.182225 -0.680072 0.704063 -0.704063 0 -0.704063 0.704063 0 0.704063 -0.352031 -0.609736 -0.704063 0.352031 0.609736 -0.704063 -0.704063 0 0.704063 0.704063 0 -0.704063 -0.352031 -0.609736 0.704063 0.352031 0.609736 -0.864155 0 0.49892 -0.864155 0 -0.49892 -0.864155 0.432078 0.24946 -0.864155 0.12913 0.48192 -0.864155 -0.432078 -0.24946 -0.864155 -0.12913 -0.48192 0 0 0.991445 0 0 -0.991445 -0.864155 0.24946 0.432078 0.503787 -0.856438 0 0.503787 0.856438 0 0.503787 -0.428219 -0.741697 -0.864155 -0.24946 -0.432078 0.704063 -0.680072 -0.182225 -0.704063 0.680072 0.182225 0.503787 0.428219 0.741697 -0.704063 -0.680072 -0.182225 0.704063 0.680072 0.182225 -0.864155 -0.48192 0.12913 0.503787 -0.741697 -0.428219 0.503787 0.605593 -0.605593 0.503787 0.741697 0.428219 -0.864155 0.48192 -0.12913 0.503787 -0.605593 0.605593 0 -0.991445 0 0 0.991445 0 0 -0.256605 -0.957662 0 0.256605 0.957662 0.704063 -0.182225 -0.680072 -0.704063 0.182225 0.680072 -0.704063 -0.182225 -0.680072 0.704063 0.182225 0.680072 0.503787 -0.221662 -0.827255 0.503787 0.221662 0.827255 -0.704063 0.432305 0.56339 -0.704063 -0.432305 -0.56339 0.503787 0.741697 -0.428219 0.704063 -0.497847 -0.497847 -0.704063 0.497847 0.497847 0.503787 -0.741697 0.428219 -0.704063 -0.497847 -0.497847 0.704063 0.497847 0.497847 -0.704063 -0.680072 0.182225 0.704063 0.680072 -0.182225 0 -0.495722 -0.858616 0 0.495722 0.858616 0.704063 -0.680072 0.182225 -0.704063 0.680072 -0.182225 0 -0.858616 0.495722 0 0.858616 -0.495722 -0.864155 0.35279 0.35279 -0.864155 -0.35279 -0.35279 0 -0.858616 -0.495722 0 0.858616 0.495722 0.704063 -0.609736 -0.352031 -0.704063 0.609736 0.352031 -0.704063 -0.609736 -0.352031 0.704063 0.609736 0.352031 -0.704063 -0.271758 0.656082 -0.704063 0.271758 -0.656082 -0.864155 -0.432078 0.24946 -0.864155 0.432078 -0.24946 -0.704063 0 0.704063 0.704063 0 -0.704063 0.704063 0 0.704063 -0.704063 0 -0.704063 0 0.866025 -0.5 0 -0.866025 0.5 -0.704063 -0.352031 0.609736 0.704063 0.352031 -0.609736 </float_array>
          <technique_common>
            <accessor source="#_ISO-4762_M2_5x810000038_0-normal-array" count="141" stride="3">
              <param name="X" type="float"/>
              <param name="Y" type="float"/>
              <param name="Z" type="float"/>
            </accessor>
          </technique_common>
        </source>
        <vertices id="_ISO-4762_M2_5x810000038_0-vertex-obj">
          <input semantic="POSITION" source="#_ISO-4762_M2_5x810000038_0-vertex"/>
        </vertices>
        <triangles material="Nr10000038_0Mat0" count="550">
          <input semantic="VERTEX" source="#_ISO-4762_M2_5x810000038_0-vertex-obj" offset="0"/>
          <input semantic="NORMAL" source="#_ISO-4762_M2_5x810000038_0-normal" offset="1"/>
          <p>57 5 132 5 228 5 228 5 132 5 275 5 228 5 275 5 22 5 22 5 275 5 144 5 22 5 144 5 48 5 48 5 144 5 207 5 48 5 207 5 209 5 223 5 55 5 34 5 34 5 55 5 103 5 34 5 103 5 144 5 144 5 103 5 98 5 144 5 98 5 207 5 34 5 187 5 221 5 34 5 221 5 215 5 34 5 215 5 201 5 34 5 201 5 223 5 123 5 114 5 71 5 71 5 114 5 126 5 71 5 126 5 24 5 24 5 126 5 181 5 24 5 181 5 187 5 187 5 181 5 14 5 187 5 14 5 221 5 71 5 100 5 130 5 71 5 130 5 216 5 71 5 216 5 122 5 71 5 122 5 123 5 100 5 53 5 220 5 100 5 220 5 222 5 100 5 222 5 213 5 100 5 213 5 130 5 199 5 111 5 92 5 199 5 92 5 48 5 199 5 48 5 209 5 92 5 111 5 205 5 92 5 205 5 106 5 92 5 106 5 107 5 92 5 107 5 102 5 92 5 102 5 58 5 109 5 175 5 17 5 109 5 17 5 58 5 109 5 58 5 102 5 7 5 208 5 179 5 7 5 179 5 17 5 7 5 17 5 175 5 179 5 208 5 200 5 179 5 200 5 195 5 179 5 195 5 211 5 179 5 211 5 50 5 179 5 50 5 25 5 25 5 50 5 95 5 25 5 95 5 90 5 25 5 90 5 220 5 25 5 220 5 53 5 25 5 53 5 134 5 70 5 121 5 236 5 236 5 121 5 270 5 236 5 270 5 30 5 30 5 270 5 134 5 30 5 134 5 53 5 252 4 167 4 264 4 252 4 264 4 52 4 252 4 52 4 129 4 252 4 129 4 225 4 252 4 225 4 161 4 252 4 161 4 120 4 252 4 120 4 64 4 252 4 64 4 43 4 252 4 43 4 176 4 252 4 176 4 47 4 252 4 47 4 232 4 252 4 232 4 196 4 252 4 196 4 5 4 252 4 5 4 83 4 252 4 83 4 160 4 252 4 160 4 242 4 252 4 242 4 191 4 252 4 191 4 157 4 252 4 157 4 94 4 252 4 94 4 69 4 252 4 69 4 198 4 252 4 198 4 79 4 81 4 76 4 235 4 235 4 76 4 259 4 235 4 259 4 204 4 204 4 259 4 267 4 204 4 267 4 178 4 174 4 37 4 28 4 28 4 37 4 119 4 28 4 119 4 259 4 259 4 119 4 267 4 41 4 186 4 172 4 172 4 186 4 193 4 172 4 193 4 169 4 169 4 193 4 125 4 169 4 125 4 32 4 32 4 125 4 174 4 32 4 174 4 28 4 149 4 66 4 244 4 244 4 66 4 141 4 244 4 141 4 261 4 261 4 141 4 41 4 261 4 41 4 172 4 89 4 203 4 266 4 89 4 266 4 177 4 89 4 177 4 149 4 89 4 149 4 244 4 88 4 204 4 178 4 88 4 178 4 148 4 88 4 148 4 65 4 88 4 65 4 243 4 140 4 40 4 260 4 140 4 260 4 243 4 140 4 243 4 65 4 173 4 31 4 124 4 124 4 31 4 168 4 124 4 168 4 192 4 192 4 168 4 171 4 192 4 171 4 185 4 185 4 171 4 260 4 185 4 260 4 40 4 36 4 118 4 27 4 36 4 27 4 31 4 36 4 31 4 173 4 80 4 75 4 234 4 234 4 75 4 258 4 234 4 258 4 203 4 203 4 258 4 27 4 203 4 27 4 266 4 266 4 27 4 118 4 97 78 101 78 91 46 97 78 91 46 86 46 171 134 97 134 86 60 171 134 86 60 260 60 101 136 24 136 187 62 101 136 187 62 91 62 181 133 15 133 257 59 181 133 257 59 14 59 210 5 13 5 239 5 210 5 239 5 170 5 210 5 170 5 226 5 210 5 226 5 276 5 239 52 13 71 2 3 74 78 84 78 156 46 74 78 156 46 137 46 120 134 74 134 137 60 120 134 137 60 64 60 84 43 185 43 40 55 84 43 40 55 156 55 86 46 91 46 78 24 86 46 78 24 73 24 243 140 260 60 86 60 243 140 86 60 73 140 91 62 187 62 34 1 91 62 34 1 78 1 14 59 257 59 221 129 239 52 2 3 170 35 137 46 156 46 206 24 137 46 206 24 197 24 43 140 64 60 137 60 43 140 137 60 197 140 206 2 156 55 40 55 206 2 40 55 140 2 73 24 78 24 45 58 73 24 45 58 42 58 88 18 243 140 73 140 88 18 73 140 42 18 78 1 34 1 144 21 78 1 144 21 45 21 223 17 201 29 77 17 214 138 207 138 98 138 214 138 98 138 229 138 214 138 229 138 0 138 214 138 0 138 276 138 276 138 0 138 77 138 276 138 77 138 201 138 276 138 201 138 215 138 276 138 215 138 210 138 170 35 2 3 226 49 197 24 206 24 127 58 197 24 127 58 105 58 176 18 43 140 197 140 176 18 197 140 105 18 206 2 140 2 65 91 206 2 65 91 127 91 42 58 45 58 153 120 42 58 153 120 146 120 88 18 42 18 146 26 88 18 146 26 204 26 153 28 45 21 144 21 153 28 144 21 275 28 55 25 223 17 77 17 55 25 77 17 0 25 276 131 226 49 2 3 105 58 127 58 150 120 105 58 150 120 135 120 176 18 105 18 135 26 176 18 135 26 47 26 127 91 65 91 148 107 127 91 148 107 150 107 146 120 153 120 68 16 146 120 68 16 62 16 204 26 146 26 62 114 204 26 62 114 235 114 68 118 153 28 275 28 68 118 275 28 132 118 103 113 55 25 0 25 103 113 0 25 229 113 214 5 276 5 61 5 214 5 61 5 183 5 214 5 183 5 112 5 214 5 112 5 12 5 61 89 276 131 2 3 135 120 150 120 4 16 135 120 4 16 269 16 47 26 135 26 269 114 47 26 269 114 232 114 150 107 148 107 178 7 150 107 178 7 4 7 62 16 68 16 104 96 62 16 104 96 108 96 235 114 62 114 108 68 235 114 108 68 81 68 104 64 68 118 132 118 104 64 132 118 57 64 98 38 103 113 229 113 183 48 61 89 2 3 269 16 4 16 233 96 269 16 233 96 240 96 232 114 269 114 240 68 232 114 240 68 196 68 4 7 178 7 267 81 4 7 267 81 233 81 108 96 104 96 250 42 108 96 250 42 254 42 81 68 108 68 254 88 81 68 254 88 76 88 104 64 57 64 228 85 104 64 228 85 250 85 199 87 209 22 268 87 113 14 107 14 106 14 113 14 106 14 33 14 113 14 33 14 11 14 113 14 11 14 12 14 12 14 11 14 268 14 12 14 268 14 209 14 12 14 209 14 207 14 12 14 207 14 214 14 112 32 183 48 2 3 240 96 233 96 152 42 240 96 152 42 162 42 196 68 240 68 162 88 196 68 162 88 5 88 233 81 267 81 119 12 233 81 119 12 152 12 254 42 250 42 245 124 254 42 245 124 247 124 259 128 76 88 254 88 259 128 254 88 247 128 250 85 228 85 22 126 250 85 22 126 245 126 199 87 268 87 11 127 199 87 11 127 111 127 112 32 2 3 12 75 162 42 152 42 241 124 162 42 241 124 249 124 83 128 5 88 162 88 83 128 162 88 249 128 241 92 152 12 119 12 241 92 119 12 37 92 247 124 245 124 20 37 247 124 20 37 21 37 28 112 259 128 247 128 28 112 247 128 21 112 245 126 22 126 48 109 245 126 48 109 20 109 111 127 11 127 33 111 111 127 33 111 205 111 113 5 12 5 180 5 113 5 180 5 46 5 113 5 46 5 29 5 113 5 29 5 10 5 12 75 2 3 180 122 249 124 241 124 155 37 249 124 155 37 164 37 160 112 83 128 249 128 160 112 249 128 164 112 241 92 37 92 174 53 241 92 174 53 155 53 21 37 20 37 184 116 21 37 184 116 188 116 188 70 32 70 28 112 188 70 28 112 21 112 48 109 92 66 184 66 48 109 184 66 20 109 33 111 106 106 205 111 180 122 2 3 46 83 164 37 155 37 142 116 164 37 142 116 159 116 159 70 242 70 160 112 159 70 160 112 164 112 174 53 125 86 142 86 174 53 142 86 155 53 188 116 184 116 274 98 188 116 274 98 1 98 1 102 169 102 32 70 1 102 32 70 188 70 92 66 58 100 274 100 92 66 274 100 184 66 102 34 51 101 109 101 113 11 10 11 9 11 9 11 10 11 202 11 9 11 202 11 251 11 251 11 202 11 200 11 251 11 200 11 208 11 113 11 9 11 51 11 113 11 51 11 102 11 113 11 102 11 107 11 46 83 2 3 29 76 159 116 142 116 263 98 159 116 263 98 265 98 265 102 191 102 242 70 265 102 242 70 159 70 193 104 263 104 142 86 193 104 142 86 125 86 1 98 274 98 93 77 1 98 93 77 96 77 96 135 172 135 169 102 96 135 169 102 1 102 58 100 17 133 93 133 58 100 93 133 274 100 9 136 175 136 109 101 9 136 109 101 51 101 29 76 2 3 10 72 265 98 263 98 87 77 265 98 87 77 99 77 265 102 99 135 157 135 265 102 157 135 191 102 193 104 186 44 87 44 193 104 87 44 263 104 96 77 93 77 82 45 96 77 82 45 85 45 96 135 85 61 261 61 96 135 261 61 172 135 179 59 82 59 93 133 179 59 93 133 17 133 251 62 7 62 175 136 251 62 175 136 9 136 202 5 10 5 237 5 202 5 237 5 166 5 202 5 166 5 219 5 202 5 219 5 273 5 2 3 237 54 10 72 99 77 87 77 158 45 99 77 158 45 165 45 99 135 165 61 94 61 99 135 94 61 157 135 186 44 41 56 158 56 186 44 158 56 87 44 85 45 82 45 67 23 85 45 67 23 72 23 85 61 72 0 244 0 85 61 244 0 261 61 25 139 67 139 82 59 25 139 82 59 179 59 251 62 208 130 7 62 2 3 166 39 237 54 165 45 158 45 212 23 165 45 212 23 227 23 165 61 227 0 69 0 165 61 69 0 94 61 41 56 141 6 212 6 41 56 212 6 158 56 67 23 35 57 39 57 67 23 39 57 72 23 72 0 39 20 89 20 72 0 89 20 244 0 134 17 35 17 67 139 134 17 67 139 25 139 63 21 211 21 195 30 224 137 271 137 273 137 273 137 271 137 63 137 273 137 63 137 202 137 202 137 63 137 195 137 202 137 195 137 200 137 273 137 217 137 220 137 273 137 220 137 90 137 273 137 90 137 224 137 2 3 219 50 166 39 227 23 212 23 131 57 227 23 131 57 139 57 227 0 139 20 198 20 227 0 198 20 69 0 212 6 141 6 66 94 212 6 66 94 131 94 39 57 35 57 143 119 39 57 143 119 145 119 145 27 203 27 89 20 145 27 89 20 39 20 134 17 270 25 143 25 134 17 143 25 35 17 63 21 271 28 50 28 63 21 50 28 211 21 219 50 2 3 273 132 139 57 131 57 154 119 139 57 154 119 163 119 163 27 79 27 198 20 163 27 198 20 139 20 66 94 149 110 154 110 66 94 154 110 131 94 145 119 143 119 56 15 145 119 56 15 60 15 60 117 234 117 203 27 60 117 203 27 145 27 270 25 121 113 56 113 270 25 56 113 143 25 271 28 224 118 95 118 271 28 95 118 50 28 217 5 273 5 54 5 217 5 54 5 190 5 217 5 190 5 116 5 217 5 116 5 16 5 273 132 2 3 54 93 163 119 154 119 6 15 163 119 6 15 18 15 18 117 252 117 79 27 18 117 79 27 163 27 177 8 6 8 154 110 177 8 154 110 149 110 60 15 56 15 115 95 60 15 115 95 110 95 110 63 80 63 234 117 110 63 234 117 60 117 121 113 70 67 115 67 121 113 115 67 56 113 224 118 90 40 95 118 54 93 2 3 190 47 18 15 6 15 230 95 18 15 230 95 218 95 18 117 218 63 167 63 18 117 167 63 252 117 266 80 230 80 6 8 266 80 6 8 177 8 110 95 115 95 256 41 110 95 256 41 255 41 110 63 255 84 75 84 110 63 75 84 80 63 236 87 256 87 115 67 236 87 115 67 70 67 272 85 213 85 222 19 44 13 19 13 16 13 16 13 19 13 272 13 16 13 272 13 217 13 217 13 272 13 222 13 217 13 222 13 220 13 122 13 44 13 16 13 122 13 16 13 117 13 122 13 117 13 123 13 2 3 116 31 190 47 218 95 230 95 147 41 218 95 147 41 133 41 218 63 133 84 264 84 218 63 264 84 167 63 266 80 118 9 147 9 266 80 147 9 230 80 255 41 256 41 253 123 255 41 253 123 248 123 255 84 248 125 258 125 255 84 258 125 75 84 30 127 253 127 256 87 30 127 256 87 236 87 19 126 130 126 213 85 19 126 213 85 272 85 2 3 16 73 116 31 133 41 147 41 238 123 133 41 238 123 231 123 133 84 231 125 52 125 133 84 52 125 264 84 118 9 36 90 238 90 118 9 238 90 147 9 248 123 253 123 26 36 248 123 26 36 23 36 248 125 23 108 27 108 248 125 27 108 258 125 53 111 26 111 253 127 53 111 253 127 30 127 44 109 216 109 130 126 44 109 130 126 19 126 117 5 16 5 182 5 117 5 182 5 49 5 117 5 49 5 38 5 117 5 38 5 13 5 2 3 182 121 16 73 231 123 238 123 151 36 231 123 151 36 136 36 231 125 136 108 129 108 231 125 129 108 52 125 238 90 36 90 173 51 238 90 173 51 151 51 23 36 26 36 194 115 23 36 194 115 189 115 27 108 23 108 189 65 27 108 189 65 31 65 194 69 26 111 53 111 194 69 53 111 100 69 122 105 216 109 44 109 49 79 182 121 2 3 136 36 151 36 138 115 136 36 138 115 128 115 129 108 136 108 128 65 129 108 128 65 225 65 151 51 173 51 124 82 151 51 124 82 138 82 189 115 194 115 8 97 189 115 8 97 3 97 31 65 189 65 3 99 31 65 3 99 168 99 8 101 194 69 100 69 8 101 100 69 71 101 126 100 114 33 59 100 13 10 210 10 215 10 13 10 215 10 221 10 13 10 221 10 257 10 13 10 257 10 15 10 13 10 15 10 59 10 13 10 59 10 114 10 13 10 114 10 123 10 13 10 123 10 117 10 38 74 49 79 2 3 128 115 138 115 262 97 128 115 262 97 246 97 225 65 128 65 246 99 225 65 246 99 161 99 138 82 124 82 192 103 138 82 192 103 262 103 3 97 8 97 101 78 3 97 101 78 97 78 168 99 3 99 97 134 168 99 97 134 171 134 101 136 8 101 71 101 101 136 71 101 24 136 181 133 126 100 59 100 181 133 59 100 15 133 13 71 38 74 2 3 246 97 262 97 84 78 246 97 84 78 74 78 161 99 246 99 74 134 161 99 74 134 120 134 262 103 192 103 185 43 262 103 185 43 84 43 </p>
        </triangles>
      </mesh>
    </geometry>
    <geometry id="_ISO-4762_M2_5x810000038_0-con">
      <convex_mesh convex_hull_of="#_ISO-4762_M2_5x810000038_0-obj"/>
    </geometry>
    <geometry id="_8141995_EAMC-15-10000039_0-obj" name="_8141995_EAMC-15-">
      <mesh>
        <source id="_8141995_EAMC-15-10000039_0-vertex">
          <float_array id="_8141995_EAMC-15-10000039_0-vertex-array" count="2502">-2.89778 -10.5 0.776457 -1.94114 -14.5 -7.24444 4.2 -2.73397 -0.3 -3.75 -19 -6.49519 3.83397 -4.1 -2.4 -6.76148 -1 1.81173 5.2 -2.73397 -0.3 0.776457 -14.5 2.89778 -1.75 0 3.03109 1.75 0 -3.03109 3.875 -1 6.7117 -4.94975 -0.2 4.94975 0 -14.5 7.6 1.94114 -19.4 -7.24444 4.84368 -9.15 4.84368 5.56603 -4.1 -2.4 -0.776457 -14.5 2.89778 -3.5 0 -6.4294e-16 -5.48008 -7.5 -5.48008 5.09175 -4.27853 5.77805 5.24352 -5.62844 -5.66159 1.94114 -14.5 -7.24444 2.67156 -4.14352 -2.4 -2.59808 -9 -1.5 -3.575 -17.9 6.19208 3.875 -5.51185 -6.7117 3.83712 -19 5.99095 0 0 6.8 8.3276e-16 0 -6.8 2.47487 0 2.47487 -2.47487 0 -2.47487 -6.8 0 -1.24914e-15 6.58179 -14.5 3.8 2.59808 -9 1.5 5.13478e-16 -14.8 -4.66962 -6.7117 -7.5 -3.875 3.875 -7.5 6.7117 -6.06218 -1 3.5 7.48593 -7.5 -2.00585 -4.84368 -12.2 -4.84368 2.12132 -10.5 2.12132 -5.48008 -1 -5.48008 6.72844 -4.14352 -2.4 3.75 -19 -6.49519 -1.5 -9 -2.59808 2.88135 -2.55 -2.4 2.59808 -9 -1.5 4.2 -4.46603 -0.3 -3.875 -1 6.7117 4.20731 -17.9 6.14429 1.81173 -1 6.76148 5.2 -4.46603 -0.3 2.89778 -0.5 0.776457 2.47487 0 -2.47487 -2.47487 0 2.47487 -6.49519 -14.5 3.75 1.5 -9 2.59808 4.14598 -3.04598 6.50377 -2.59808 -9 1.5 -1.11022e-16 -19.4 4.75 1.5 -9 -2.59808 5.7 -3.6 0.3 -1.94114 -17.9 -7.24444 -2.12132 -10.5 2.12132 -7 -0.2 -1.33227e-15 -4.84368 -9.15 4.84368 5.4835 -3.6 0.3 6.51865 -2.55 -2.4 -6.7117 -1 -3.875 7.48593 -1 -2.00585 -3.83712 -19 5.99095 5.48008 -7.5 -5.48008 -1.81173 -1 6.76148 3.9165 -3.6 0.3 -1.5 -9 2.59808 3.7 -3.6 0.3 -3.875 -7.5 6.7117 2.6 -3.6 -7.23982 4.7 -2.6 -2.4 0 -19.9 7 3.99289 -2.89289 -0.3 1.94114 -17.9 -7.24444 -2.89778 -0.5 0.776457 6.7117 -4.18395 -3.875 -3.5 -0.2 -6.06218 5.40711 -2.89289 -0.3 3.9432 -3.80278 6.65937 4.84368 -12.2 -4.84368 2.23869 -19.9 4.70665 3.8 -9.15 6.58179 2.02067e-16 -10.5 -1.65 -1.85056 -19 -6.90637 -4.20731 -17.9 6.14429 4.44118 -2.63407 -2.4 3.8 -7.5 6.58179 5.37401 -14.5 5.37401 5.48008 -1 -5.48008 4.95882 -2.63407 -2.4 -6.58179 -14.5 3.8 1.11022e-16 -0.2 7 4.44118 -4.56593 -0.3 4.95882 -4.56593 -0.3 2.59808 -10.5 1.5 5.75 -1.78135 -5.12831 6.7117 -7.5 -3.875 -3.5 -19.9 -6.06218 4.57967e-16 -15.1 -4.75 3.99289 -4.30711 -2.4 -2.23869 -19.9 4.70665 1.85056 -19 -6.90637 4.20731 -14.5 6.14429 -3.8 -12.2 -6.58179 6.9605 -0.2 0.3 5.08228e-16 -14.5 -4.15 5.40711 -4.30711 -2.4 4.7 -4.6 -0.3 -6.76148 -1 -1.81173 3.5 -0.2 -6.06218 4.20731 -19.4 6.14429 1.5 -10.5 2.59808 2.12132 -0.5 2.12132 4.84368 -12.2 4.84368 -3.8 -9.15 6.58179 -2.59808 -10.5 1.5 6.7117 -1 -3.875 7.34104 -14.5 1.96702 -3.8 -7.5 6.58179 -0.776457 -0.5 -2.89778 0 -19 7.5 3.70643 -19.9 5.90378 3.5 -19.9 -6.06218 5.25402 -3.04598 5.65354 -1.5 -10.5 2.59808 0.776457 -0.5 -2.89778 4.2 -2.73397 -2.4 2.9605 -14.5 -0.3 -2.12132 -0.5 2.12132 5.2 -2.73397 -2.4 4.1105 -14.5 -0.3 -5.37401 -14.5 5.37401 -4.84368 -9.15 -4.84368 1.22939 -19.4 4.58815 3.8 -12.2 -6.58179 1.92626 -15.1 4.29949 -4.20731 -14.5 6.14429 -6.06218 -1 -3.5 -2.075 -14.5 -3.59401 1.96702 -14.5 7.34104 -4.94975 -0.2 -4.94975 2.02067e-16 -9 -1.65 -4.20731 -19.4 6.14429 -3.875 -7.5 -6.7117 5.4568 -3.39722 0.3 -1.22939 -19.4 4.58815 7.4605 -14.5 -0.3 7.5605 -14.5 -0.3 3.9432 -3.39722 0.3 5.4568 -3.80278 5.49794 -3.70643 -19.9 5.90378 0 -9 1.65 -1.92626 -15.1 4.29949 -4.84368 -12.2 4.84368 -1.96702 -14.5 7.34104 2.075 -14.5 -3.59401 -2.89778 -14.5 -0.776457 3.83397 -3.1 -0.3 1.94114 -17.9 7.24444 5.48008 -3.626 5.48008 6.76148 -1 -1.81173 2.59808 -0.5 1.5 -3.83712 -19 -5.99095 4.2 -4.46603 -2.4 -3.875 -1 -6.7117 5.56603 -3.1 -0.3 5.66593 -3.34118 0.3 2.93449 -14.5 2.93449 5.2 -4.46603 -2.4 5.37853 -3.20825 5.558 -1.15174 -14.5804 -4.29837 -1.22939 -15.1 -4.58815 3.73407 -3.34118 0.3 4.84368 -9.15 -4.84368 1.77291 -9.15 6.61659 -1.92626 -19.4 -4.29949 3.875 -7.5 -6.7117 3.8 -12.2 6.58179 -1.94114 -17.9 7.24444 -7.34104 -14.5 1.96702 -3.75 -19.4 -6.49519 0 -14.5 3 1.15174 -14.5804 -4.29837 1.20859 -14.8 4.5105 2.89778 -14.5 -0.776457 1.5 -0.5 2.59808 4.94975 -0.2 -4.94975 1.22939 -15.1 -4.58815 -3.75 -14.5 -6.49519 5.48008 -3.574 5.48008 -2.59808 -0.5 1.5 4.7 -2.8165 6.07865 3.38074 0 0.905867 -3.38074 0 -0.905867 6.7605 0 0.3 -0.776457 -10.5 -2.89778 6.06218 -1 -3.5 -1.77291 -9.15 6.61659 1.92626 -19.4 -4.29949 -1.20859 -14.8 4.5105 3.99289 -2.89289 -2.4 -2.93449 -14.5 2.93449 -3.8 -7.5 -6.58179 -1.5 -0.5 2.59808 3.83712 -19 -5.99095 0.776457 -10.5 -2.89778 -1.77291 -12.2 -6.61659 2.00585 -1 7.48593 -3.8 -9.15 -6.58179 0 -9.15 7.6 5.40711 -2.89289 -2.4 3.875 -1 -6.7117 -7.24444 -14.5 -1.94114 -3 -0.5 -5.27356e-16 -1.81173 -1 -6.76148 0 -19.9 5.25 3.4605 0 0.3 0 -7.5 7.6 -3.8 -12.2 6.58179 4.44118 -4.56593 -2.4 3.75 -19.4 -6.49519 0 -10.5 1.65 4.95882 -4.56593 -2.4 1.77291 -12.2 -6.61659 1.94114 -14.5 7.24444 -2.00585 -1 7.48593 4.7 -4.3835 6.07865 3.75 -14.5 -6.49519 6.58179 -9.15 3.8 1.81173 -1 -6.76148 3.38074 0 -0.905867 -3.38074 0 0.905867 -2.12132 -14.5 -2.12132 1.94114 -19.4 7.24444 9.30732e-16 -12.2 -7.6 2.00585 -7.5 7.48593 6.58179 -7.5 3.8 3.575 -19 6.19208 5.37853 -3.20825 0.3 4.7 -4.6 -2.4 3.8 -7.5 -6.58179 -1.20859 -14.8 -4.5105 8.75622e-16 -17.9 -7.15 -1.94114 -14.5 7.24444 4.02147 -3.20825 0.3 3.8 -9.15 -6.58179 4.02147 -3.99175 6.59931 3.4605 0 -0.3 -1.94114 -19.4 7.24444 -3.75 -17.9 -6.49519 2.12132 -14.5 -2.12132 0.905867 0 3.38074 -0.905867 0 -3.38074 -2.00585 -7.5 7.48593 -6.58179 -12.2 -3.8 1.20859 -14.8 -4.5105 2.88135 -4.65 -2.4 2.88135 -2.55 -7.12328 5.75 -5.41865 -5.12831 -0.905867 0 3.38074 0.905867 0 -3.38074 6.7605 0 -0.3 -0.776457 -9 -2.89778 3.9432 -3.39722 6.65937 -3.575 -19 6.19208 9.18485e-16 -19 -7.5 1.3588 -19.9 5.07111 6.51865 -4.65 -2.4 0.776457 -9 -2.89778 2.67156 -3.05648 -2.4 8.88178e-16 -0.2 -7 0.776457 -9 2.89778 7.24444 -14.5 -1.94114 3.73407 -3.34118 -0.3 3.5 -1 6.06218 -0.776457 -9 2.89778 -1.3588 -19.9 5.07111 6.5683 0 1.75997 -6.5683 0 -1.75997 1.87604 -14.8 4.23404 3.75 -17.9 -6.49519 -4.00859 -14.5 -1.0741 5.66593 -3.34118 -0.3 5.56603 -3.1 0.3 5.37401 -9.15 5.37401 -2.59808 -14.5 -1.5 1.77291 -12.2 6.61659 -6.58179 -9.15 3.8 -3 -10.5 -5.51091e-16 6.72844 -3.05648 -2.4 8.57253e-16 -19.9 -7 6.7117 -3.01605 -3.875 5.37401 -7.5 5.37401 3.83397 -3.1 0.3 4.20731 -19 6.14429 -6.58179 -7.5 3.8 4.14598 -4.15402 6.50377 -1.73881 -14.5804 -4.0552 -1.65 -10.5 -3.031e-16 3.83397 -3.1 -2.4 -7.6 -12.2 -1.3961e-15 -1.87604 -14.8 4.23404 -2.23869 -19.9 -4.70665 -6.85 -12.2 -1.25832e-15 -1.77291 -12.2 6.61659 5.56603 -3.1 -2.4 4.996e-16 -0.5 -3 0 -1 7.75 3.4 0 5.88897 -3.4 0 -5.88897 7.5605 -14.5 0.3 7.4605 -14.5 0.3 -1.5 -14.5 -2.59808 6.76148 -0.2 1.81173 -3.5 -1 6.06218 -5.37401 -12.2 -5.37401 -1.77291 -9.15 -6.61659 2.59808 -14.5 -1.5 5.25402 -3.04598 0.3 1.73881 -14.5804 -4.0552 6.58179 -12.2 -3.8 0 -12.2 7.6 5.93227 -9.15 3.425 4.14598 -3.04598 0.3 7.34104 -9.15 1.96702 4.7 -1.5 -2.4 2.23869 -19.9 -4.70665 4.00859 -14.5 -1.0741 1.5 -14.5 -2.59808 7.34104 -7.5 1.96702 4.1105 -14.5 0.3 -1.55136 -14.5 -3.81091 1.77291 -9.15 -6.61659 2.9605 -14.5 0.3 8.88178e-16 -7.5 -7.6 0 -7.5 7.75 -1.85056 -17.9 -6.90637 1.15174 -14.5804 4.29837 0 -14.5 4.15 -4.20731 -19 6.14429 -1.87604 -14.8 -4.23404 6.58179 -12.2 3.8 3.65 -1.78135 -6.80489 4.80833 0 4.80833 -4.80833 0 -4.80833 4.15648 -1.57156 -6.49571 -5.37401 -9.15 5.37401 8.88178e-16 -9.15 -7.6 0.776457 -10.5 2.89778 -3.4 0 5.88897 3.4 0 -5.88897 -5.93227 -12.2 -3.425 3.21508 -5.08492 -6.98505 1.55136 -14.5 -3.81091 -5.37401 -7.5 5.37401 -7.34104 -12.2 -1.96702 -1.15174 -14.5804 4.29837 6.5683 0 -1.75997 -6.5683 0 1.75997 5.4568 -3.39722 5.49794 -3.70643 -19.9 -5.90378 -0.776457 -10.5 2.89778 6.51865 -2.55 -4.12658 6.06218 -0.2 3.5 -1.59378 -10.5 -0.427051 1.96702 -9.15 7.34104 1.85056 -17.9 -6.90637 4.94975 -1 4.94975 4.15648 -1.57156 -2.4 1.87604 -14.8 -4.23404 -2.00585 -7.5 -7.48593 -6.58179 -7.5 -3.8 3.425 -9.15 5.93227 1.96702 -7.5 7.34104 4.7 -4.6 0.3 -3 -9 -5.51091e-16 6.9605 -0.2 -0.3 5.24352 -1.57156 -2.4 -3.59401 -14.5 -2.075 0 -17.9 7.15 -6.58179 -9.15 -3.8 5.37401 -12.2 -5.37401 -1.65 -9 -3.031e-16 1.59378 -10.5 -0.427051 5.88897 0 3.4 -5.88897 0 -3.4 3.9165 -3.6 6.67985 3.75 -17.9 6.49519 -1.96702 -9.15 7.34104 4.95882 -4.56593 0.3 2.00585 -7.5 -7.48593 -1.96702 -12.2 -7.34104 -1.96702 -7.5 7.34104 5.09175 -2.92147 0.3 4.44118 -4.56593 0.3 -5.93227 -9.15 3.425 5.25402 -4.15402 5.65354 2.075 -14.5 3.59401 -6.76148 -0.2 1.81173 4.30825 -2.92147 0.3 -3.425 -12.2 -5.93227 -2.00585 -1 -7.48593 -5.3033 -14.5 -5.3033 5.55112e-16 -14.5804 -4.45 -3.33067e-16 -9.15 6.85 -4.80833 0 4.80833 4.80833 0 -4.80833 3.70643 -19.9 -5.90378 -1.0741 -14.5 -4.00859 -3.575 -19 -6.19208 5.40711 -2.89289 0.3 -3.425 -9.15 5.93227 3.67394e-16 -10.5 -3 -7.34104 -9.15 1.96702 4.7 -5.7 -6.07865 1.96702 -12.2 -7.34104 3.59401 -14.5 -2.075 3.99289 -2.89289 0.3 1.0741 -14.5 -4.00859 -2.075 -14.5 3.59401 2.89778 -14.5 0.776457 5.37401 -12.2 5.37401 -7.34104 -7.5 1.96702 2.00585 -1 -7.48593 -6.58179 -12.2 3.8 5.93227 -12.2 -3.425 -4.94975 -1 4.94975 5.48008 -1.66954 -5.48008 -7.75 -7.5 -1.42365e-15 3.7 -3.6 -0.3 1.81173 -19.9 6.76148 -7.6 -7.5 -1.33227e-15 -3.75 -17.9 6.49519 8.38883e-16 -12.2 -6.85 -6.06218 -0.2 3.5 -7.6 -9.15 -1.33227e-15 5.7 -3.6 -0.3 -6.85 -9.15 -7.77156e-16 3.425 -12.2 -5.93227 4.90278 -2.8432 0.3 3.73407 -3.34118 -2.4 -3.8 -14.5 -5.97558 5.24352 -1.57156 -5.66159 -3.8 -14.5 -6.58179 4.49722 -2.8432 0.3 -5.37401 -7.5 -5.37401 -1.59378 -9 -0.427051 7.34104 -12.2 -1.96702 4.30825 -2.92147 6.37925 6.58179 -7.5 -3.8 5.2 -4.46603 0.3 -1.81173 -19.9 6.76148 3.575 -19 -6.19208 6.18492 -5.08492 -4.5615 1.81173 -0.2 6.76148 -5.88897 0 3.4 5.88897 0 -3.4 -5.37401 -9.15 -5.37401 0.776457 -0.5 2.89778 1.94114 -19 7.24444 5.66593 -3.34118 -2.4 6.58179 -9.15 -3.8 -2.89778 -14.5 0.776457 4.2 -4.46603 0.3 -3.83712 -17.9 -5.99095 3.75 -14.5 6.49519 1.59378 -9 0.427051 4.7 -2.8165 0.3 5.93227 -12.2 3.425 -7.75 -1 -1.33227e-15 -0.776457 -0.5 2.89778 7.34104 -12.2 1.96702 1.92626 -19.4 4.29949 -7 -1 -1.28588e-15 1.59378 -9 -0.427051 5.3033 -14.5 -5.3033 3.75 -19.4 6.49519 -1.81173 -0.2 6.76148 6.4294e-16 -19.9 -5.25 -1.94114 -19 7.24444 -1.59378 -9 0.427051 7.24444 -14.5 1.94114 6.61659 -9.15 1.77291 -4.20731 -19 -6.14429 -5.37401 -12.2 5.37401 -7.34104 -7.5 -1.96702 -1.92626 -19.4 4.29949 3.8 -14.5 -5.97558 3.65 -1.78135 -2.4 -5.93227 -9.15 -3.425 3.8 -14.5 -6.58179 1.85056 -17.9 6.90637 -3.5 -1 -6.06218 -7.34104 -9.15 -1.96702 3.67394e-16 -9 -3 1.73881 -14.5804 4.0552 9.49101e-16 -7.5 -7.75 1.96702 -12.2 7.34104 1.11022e-15 -19.4 -7.5 4.7 -4.3835 0.3 5.75 -1.78135 -2.4 3.83712 -17.9 -5.99095 3.21508 -5.08492 -2.4 -3.75 -14.5 6.49519 3.425 -12.2 5.93227 5.2 -2.73397 0.3 2.12132 -14.5 2.12132 0 -9 3 -1.16673 -10.5 -1.16673 6.72844 -4.14352 -3.83457 9.18485e-16 -14.5 -7.5 5.37401 -7.5 -5.37401 -6.61659 -12.2 -1.77291 4.2 -2.73397 0.3 -3.75 -19.4 6.49519 -1.85056 -17.9 6.90637 -0.825 -10.5 -1.42894 2.67156 -4.14352 -7.21018 5.37401 -9.15 -5.37401 3.8 -19.7851 5.97558 -1.73881 -14.5804 4.0552 4.90278 -4.3568 0.3 0 0 3.5 4.28626e-16 0 -3.5 4.49722 -4.3568 0.3 -1.92626 -15.1 -4.29949 6.18492 -5.08492 -2.4 2.88135 -4.65 -7.12328 -1.96702 -7.5 -7.34104 -1.96702 -12.2 7.34104 1.16673 -10.5 -1.16673 -2.37096 -14.5 -4.87904 0.825 -10.5 -1.42894 2.37096 -19.9 4.87904 8.88178e-16 -1 -7.75 2.9605 -0.5 -0.3 -1.96702 -9.15 -7.34104 -5.93227 -12.2 3.425 0 -1 7 3.5 -1 -6.06218 -2.12132 -14.5 2.12132 4.20731 -19 -6.14429 -3.425 -9.15 -5.93227 3.21508 -2.11508 -6.98505 0 -12.2 6.85 1.59378 -10.5 0.427051 1.92626 -15.1 -4.29949 5.40711 -4.30711 0.3 1.96702 -7.5 -7.34104 -3.425 -12.2 5.93227 7.7105 -1 0.3 -1.3588 -19.9 -5.07111 -7.34104 -12.2 1.96702 2.37096 -14.5 -4.87904 3.99289 -4.30711 0.3 6.9605 -1 0.3 1.96702 -9.15 -7.34104 -6.76148 -0.2 -1.81173 -2.37096 -19.9 4.87904 -6.61659 -9.15 1.77291 -1.59378 -10.5 0.427051 5.93227 -9.15 -3.425 3.65 -5.41865 -6.80489 -3.8 -19.7851 5.97558 5.09175 -4.27853 0.3 1.3588 -19.9 -5.07111 -7.24444 -14.5 1.94114 4.95882 -2.63407 0.3 4.30825 -4.27853 0.3 1.33227e-15 -9.15 -6.85 4.44118 -2.63407 0.3 -2.89778 -0.5 -0.776457 7.5605 -9.15 0.3 7.34104 -7.5 -1.96702 -0.427051 -10.5 -1.59378 3.425 -9.15 -5.93227 4.00859 -14.5 1.0741 6.8105 -9.15 0.3 7.7105 -7.5 0.3 7.5605 -7.5 0.3 2.59808 -14.5 1.5 7.34104 -9.15 -1.96702 0.427051 -10.5 -1.59378 3.73407 -3.85882 -0.3 -4.94975 -1 -4.94975 9.18485e-16 -17.9 -7.5 -6.49519 -14.5 -3.75 4.7 -2.6 0.3 6.61659 -12.2 -1.77291 0 -10.5 3 -1.16673 -9 -1.16673 2.6 -3.6 -2.4 5.66593 -3.85882 -0.3 -2.77556e-17 -15.1 4.75 3.875 -1.68815 -6.7117 -0.825 -9 -1.42894 3.7 -3.6 -2.4 0 -14.5804 4.45 -6.06218 -0.2 -3.5 3.83712 -17.9 5.99095 1.16673 -9 1.16673 1.16673 -9 -1.16673 -0.776457 -14.5 -2.89778 0.825 -9 -1.42894 2.89778 -0.5 -0.776457 1.5 -14.5 2.59808 5.7 -3.6 -2.4 9.30732e-16 -14.5 -7.6 0.825 -9 1.42894 -2.59808 -14.5 1.5 4.30825 -4.27853 6.37925 0.776457 -14.5 -2.89778 6.8 -3.6 -2.4 6.61659 -12.2 1.77291 -1.16673 -9 1.16673 -0.825 -9 1.42894 1.6105 -10.5 -0.3 -4.00859 -14.5 1.0741 -1.5 -14.5 2.59808 2.9605 -10.5 -0.3 6.8 -3.6 -3.66182 1.55136 -14.5 3.81091 6.18492 -2.11508 -4.5615 6.76148 -0.2 -1.81173 5.25402 -4.15402 0.3 -6.58179 -14.5 -3.8 6.51865 -4.65 -4.12658 4.49722 -2.8432 6.23425 4.90278 -2.8432 5.92305 4.94975 -1 -4.94975 4.14598 -4.15402 0.3 -1.94114 -19 -7.24444 -1.42894 -10.5 -0.825 -6.61659 -9.15 -1.77291 -3.83712 -17.9 5.99095 5.55112e-16 -19.4 -4.75 -1.55136 -14.5 3.81091 5.37853 -3.99175 5.558 -0.427051 -9 -1.59378 -2.12132 -0.5 -2.12132 7.48593 -1 2.00585 1.42894 -10.5 -0.825 6.49519 -14.5 -3.75 0.427051 -9 -1.59378 -3.8 -19.7851 -5.97558 5.56603 -4.1 0.3 1.94114 -19 -7.24444 3.59401 -14.5 2.075 0.427051 -9 1.59378 6.06218 -0.2 -3.5 -2.89778 -10.5 -0.776457 3.83397 -4.1 0.3 -0.427051 -9 1.59378 3.03109 0 1.75 -3.03109 0 -1.75 2.12132 -0.5 -2.12132 3.21508 -2.11508 -2.4 1.16673 -10.5 1.16673 6.8105 -12.2 -0.3 -1.81173 -0.2 -6.76148 2.9605 -9 0.3 -1.38778e-16 -0.5 3 0.825 -10.5 1.42894 7.5605 -12.2 -0.3 -7.6 -14.5 -1.3961e-15 7.48593 -7.5 2.00585 -6.61659 -12.2 1.77291 -7.5 -14.5 5.55112e-16 0 -19 7.15 5.3033 -14.5 5.3033 4.02147 -3.20825 6.59931 1.6105 -9 0.3 1.0741 -14.5 4.00859 -1.16673 -10.5 1.16673 -0.825 -10.5 1.42894 6.18492 -2.11508 -2.4 1.6105 -9 -0.3 3.65 -5.41865 -2.4 1.22939 -15.1 4.58815 3.75 -19 6.49519 2.89778 -10.5 -0.776457 7.5605 -12.2 0.3 3.8 -19.7851 -5.97558 -3.59401 -14.5 2.075 -5.37401 -14.5 -5.37401 1.81173 -0.2 -6.76148 -1.0741 -14.5 4.00859 2.9605 -9 -0.3 4.49722 -4.3568 6.23425 6.8105 -12.2 0.3 -1.81173 -19.9 -6.76148 6.58179 -14.5 -3.8 -4.15 -14.5 -7.62343e-16 4.90278 -4.3568 5.92305 5.75 -5.41865 -2.4 -1.22939 -15.1 4.58815 3.03109 0 -1.75 -3.03109 0 1.75 -3 -14.5 -5.51091e-16 -4.20731 -19.4 -6.14429 5.48008 -1 5.48008 6.61659 -9.15 -1.77291 3.83397 -4.1 -0.3 -3.575 -17.9 -6.19208 0 -17.9 7.5 -1.42894 -9 -0.825 3.5 -19.9 6.06218 5.37853 -3.99175 0.3 -4.20731 -14.5 -6.14429 -2.59808 -0.5 -1.5 1.81173 -19.9 -6.76148 3.8 -14.5 5.97558 5.56603 -4.1 -0.3 3.8 -14.5 6.58179 4.02147 -3.99175 0.3 5.09175 -2.92147 5.77805 1.42894 -9 0.825 1.42894 -9 -0.825 8.57253e-16 -1 -7 6.7117 -1 3.875 -3.75 -19 6.49519 3.73407 -3.85882 -2.4 3.5 -0.2 6.06218 -7.48593 -1 2.00585 -7.34104 -14.5 -1.96702 0.427051 -10.5 1.59378 5.48008 -7.5 5.48008 -2.89778 -9 -0.776457 -1.42894 -9 0.825 -1.5 -0.5 -2.59808 -5.3033 -14.5 5.3033 -0.427051 -10.5 1.59378 -2.12132 -10.5 -2.12132 -1.22939 -19.4 -4.58815 2.59808 -0.5 -1.5 5.66593 -3.85882 -2.4 2.89778 -9 0.776457 -3.5 -19.9 6.06218 3.575 -17.9 -6.19208 2.9605 -10.5 0.3 4.20731 -19.4 -6.14429 1.75997 0 6.5683 -1.75997 0 -6.5683 5.48008 -5.53046 -5.48008 5.37401 -14.5 -5.37401 1.22939 -19.4 -4.58815 1.5 -0.5 -2.59808 1.6105 -10.5 0.3 6.7117 -7.5 3.875 4.20731 -14.5 -6.14429 -3.8 -14.5 5.97558 -3.8 -14.5 6.58179 -7.48593 -7.5 2.00585 2.12132 -10.5 -2.12132 -1.96702 -14.5 -7.34104 -5.48008 -1 5.48008 2.89778 -9 -0.776457 -3.5 -0.2 6.06218 -1.75997 0 6.5683 1.75997 0 -6.5683 0 -14.5 7.5 -2.89778 -9 0.776457 -4.20731 -17.9 -6.14429 5.66593 -3.85882 0.3 2.22045e-16 -19.4 7.5 1.85056 -19 6.90637 1.96702 -14.5 -7.34104 -2.37096 -19.9 -4.87904 4.7 -2.6 -0.3 4.15648 -5.62844 -6.49571 6.76148 -1 1.81173 2.37096 -14.5 4.87904 3.73407 -3.85882 0.3 -5.48008 -7.5 5.48008 7.5605 -7.5 -0.3 7.7105 -7.5 -0.3 1.42894 -10.5 0.825 6.8105 -9.15 -0.3 -2.93449 -14.5 -2.93449 7.5605 -9.15 -0.3 -6.7117 -1 3.875 4.15648 -5.62844 -2.4 4.44118 -2.63407 -0.3 -2.59808 -10.5 -1.5 -1.85056 -19 6.90637 4.95882 -2.63407 -0.3 6.72844 -3.05648 -3.83457 5.24352 -5.62844 -2.4 7.34104 -14.5 -1.96702 2.37096 -19.9 -4.87904 -1.42894 -10.5 0.825 -2.12132 -9 -2.12132 3.67394e-16 -14.5 -3 4.7 -1.5 -6.07865 5.4568 -3.80278 0.3 2.67156 -3.05648 -7.21018 4.94975 -0.2 4.94975 -2.37096 -14.5 4.87904 -7.48593 -7.5 -2.00585 6.9605 -1 -0.3 3.99289 -4.30711 -0.3 2.89778 -10.5 0.776457 3.9432 -3.80278 0.3 7.7105 -1 -0.3 4.20731 -17.9 -6.14429 2.12132 -9 2.12132 5.40711 -4.30711 -0.3 -1.5 -10.5 -2.59808 5.4835 -3.6 5.47562 -6.7117 -7.5 3.875 2.93449 -14.5 -2.93449 6.06218 -1 3.5 2.59808 -10.5 -1.5 -4.16334e-17 -14.8 4.66962 2.12132 -9 -2.12132 2.9605 -0.5 0.3 3.575 -17.9 6.19208 1.5 -10.5 -2.59808 -7.48593 -1 -2.00585 4.7 -5.7 -2.4 6.49519 -14.5 3.75 1.75 0 3.03109 -1.75 0 -3.03109 -1.94114 -19.4 -7.24444 -2.12132 -9 2.12132 8.75622e-16 -19 -7.15 </float_array>
          <technique_common>
            <accessor source="#_8141995_EAMC-15-10000039_0-vertex-array" count="834" stride="3">
              <param name="X" type="float"/>
              <param name="Y" type="float"/>
              <param name="Z" type="float"/>
            </accessor>
          </technique_common>
        </source>
        <source id="_8141995_EAMC-15-10000039_0-normal">
          <float_array id="_8141995_EAMC-15-10000039_0-normal-array" count="483">0.991445 0 0 -0.991445 0 0 0 -0.480407 -0.831136 0 0 1 0 0 -1 -0.609736 0.704063 -0.352031 0.609736 0.704063 -0.352031 -0.991445 -0.130526 0 -0.182225 0.704063 -0.680072 0.182225 -0.704063 0.680072 0.182225 0.704063 -0.680072 -0.182225 -0.704063 0.680072 0.704063 0.704063 0.0926916 -0.991445 0.130526 0 -0.704063 0.704063 0.0926916 0.0998425 -0.965366 0.241041 -0.0998425 -0.965366 0.241041 -0.957662 -0.256605 0 0.957662 0.256605 0 0.793353 0 0.608761 -0.793353 0 -0.608761 -0.793353 0 0.608761 0.793353 0 -0.608761 -0.957662 0.256605 0 0.957662 -0.256605 0 0 -0.965366 0.258669 -0.704063 0.704063 -0.0926916 -0.92388 -0.382683 0 0.704063 0.704063 -0.0926916 -0.92388 0.382683 0 -0.858616 0 -0.495722 0.858616 0 0.495722 0.858616 0 -0.495722 -0.858616 0 0.495722 -0.215114 -0.480407 -0.802816 0.215114 -0.480407 -0.802816 -0.858616 -0.495722 0 0.858616 0.495722 0 -0.0998425 -0.965366 -0.241041 0.0998425 -0.965366 -0.241041 -0.858616 0.495722 0 0.858616 -0.495722 0 0 -0.256751 0.958209 0.248003 -0.256751 0.925559 -0.248003 -0.256751 0.925559 0.369855 -0.256751 0.892909 -0.369855 -0.256751 0.892909 0.92388 0 -0.382683 0 -0.965366 -0.258669 0.382683 0 0.92388 -0.382683 0 -0.92388 -0.382683 0 0.92388 0.382683 0 -0.92388 0 0.704063 0.704063 0 -0.704063 -0.704063 0.495722 0 0.858616 -0.495722 0 -0.858616 0.495722 0 -0.858616 -0.495722 0 0.858616 0.608761 0 0.793353 -0.608761 0 -0.793353 -0.701057 -0.701057 0 0.701057 0.701057 0 0.704063 0.704063 0 0.608761 0 -0.793353 -0.608761 0 0.793353 -0.701057 0.701057 0 0.701057 -0.701057 0 -0.704063 0.704063 0 0 -0.480407 0.831136 -0.256605 0 -0.957662 0.256605 0 0.957662 0.256605 0 -0.957662 -0.256605 0 0.957662 -0.271758 -0.704063 -0.656082 0.271758 -0.704063 -0.656082 0 0 -0.991445 0 0 0.991445 -0.495722 -0.858616 0 0.495722 0.858616 0 -0.495722 0.858616 0 0.495722 -0.858616 0 0 0.704063 -0.704063 0 -0.704063 0.704063 0.680072 0.704063 0.182225 -0.680072 0.704063 0.182225 0.382683 0.92388 0 -0.382683 -0.92388 0 -0.320806 -0.480407 -0.774495 0.382683 -0.92388 0 -0.382683 0.92388 0 0.320806 -0.480407 -0.774495 -0.256605 -0.957662 0 0.256605 0.957662 0 -0.256605 0.957662 0 0.256605 -0.957662 0 0 0.991445 0 0 -0.991445 0 0 1 0 0 -1 0 0.271758 -0.704063 0.656082 -0.271758 -0.704063 0.656082 0 -0.256751 -0.958209 -0.352031 -0.704063 -0.609736 0.352031 0.704063 0.609736 -0.248003 -0.256751 -0.925559 0.352031 -0.704063 -0.609736 -0.352031 0.704063 0.609736 0.248003 -0.256751 -0.925559 -0.369855 -0.256751 -0.892909 -0.957662 0 -0.256605 0.957662 0 0.256605 0.369855 -0.256751 -0.892909 0.0669484 -0.965366 0.249855 -0.0669484 -0.965366 0.249855 0.957662 0 -0.256605 -0.957662 0 0.256605 -0.680072 0.704063 -0.182225 0.680072 0.704063 -0.182225 0.215114 -0.480407 0.802816 -0.215114 -0.480407 0.802816 -0.352031 0.704063 -0.609736 0.352031 -0.704063 0.609736 0.701057 0 0.701057 -0.701057 0 -0.701057 0.352031 0.704063 -0.609736 -0.352031 -0.704063 0.609736 0.701057 0 -0.701057 -0.701057 0 0.701057 0.497847 0.704063 0.497847 -0.432305 -0.704063 -0.56339 -0.497847 0.704063 0.497847 0.432305 -0.704063 -0.56339 -0.0669484 -0.965366 -0.249855 0.0669484 -0.965366 -0.249855 0.1858 -0.834714 0.448561 0.124587 -0.834714 0.464964 -0.1858 -0.834714 0.448561 -0.124587 -0.834714 0.464964 0 -0.834714 0.481366 -0.1858 -0.834714 -0.448561 -0.124587 -0.834714 -0.464964 0.1858 -0.834714 -0.448561 0.124587 -0.834714 -0.464964 0 -0.834714 -0.481366 0.609736 0.704063 0.352031 -0.609736 0.704063 0.352031 0.182225 0.704063 0.680072 -0.182225 -0.704063 -0.680072 -0.182225 0.704063 0.680072 0.182225 -0.704063 -0.680072 -0.497847 0.704063 -0.497847 0.432305 -0.704063 0.56339 -0.432305 -0.704063 0.56339 0.497847 0.704063 -0.497847 -0.991445 0 -0.130526 0.991445 0 0.130526 -0.991445 0 0.130526 0.991445 0 -0.130526 0.320806 -0.480407 0.774495 -0.320806 -0.480407 0.774495 </float_array>
          <technique_common>
            <accessor source="#_8141995_EAMC-15-10000039_0-normal-array" count="161" stride="3">
              <param name="X" type="float"/>
              <param name="Y" type="float"/>
              <param name="Z" type="float"/>
            </accessor>
          </technique_common>
        </source>
        <vertices id="_8141995_EAMC-15-10000039_0-vertex-obj">
          <input semantic="POSITION" source="#_8141995_EAMC-15-10000039_0-vertex"/>
        </vertices>
        <triangles material="Nr10000039_0Mat0" count="1672">
          <input semantic="VERTEX" source="#_8141995_EAMC-15-10000039_0-vertex-obj" offset="0"/>
          <input semantic="NORMAL" source="#_8141995_EAMC-15-10000039_0-normal" offset="1"/>
          <p>298 99 718 99 698 99 698 99 718 99 130 99 698 99 130 99 105 99 105 99 130 99 415 99 105 99 415 99 368 99 368 99 415 99 486 99 368 99 486 99 559 99 573 99 486 99 415 99 573 99 415 99 797 99 573 99 797 99 334 99 559 99 310 99 775 99 559 99 775 99 368 99 284 99 223 99 129 99 129 99 223 99 274 99 129 99 274 99 541 99 541 99 274 99 88 99 284 99 129 99 158 99 284 99 158 99 566 99 284 99 566 99 108 99 79 99 459 99 438 99 438 99 459 99 745 99 438 99 745 99 714 99 714 99 745 99 158 99 714 99 158 99 129 99 28 98 750 98 767 98 767 98 750 98 317 98 767 98 317 98 358 98 358 98 317 98 352 98 358 98 352 98 414 98 414 98 352 98 531 98 414 98 531 98 464 98 464 98 531 98 268 98 464 98 268 98 9 98 393 98 286 98 30 98 393 98 30 98 830 98 393 98 830 98 260 98 393 98 260 98 531 98 393 98 531 98 352 98 239 98 17 98 31 98 31 98 17 98 201 98 31 98 201 98 286 98 286 98 201 98 662 98 286 98 662 98 30 98 8 98 54 98 366 98 366 98 54 98 705 98 366 98 705 98 31 98 31 98 705 98 239 98 351 98 392 98 413 98 413 98 392 98 530 98 413 98 530 98 463 98 463 98 530 98 267 98 463 98 267 98 366 98 366 98 267 98 8 98 53 98 704 98 365 98 53 98 365 98 464 98 53 98 464 98 9 98 365 98 704 98 238 98 365 98 238 98 255 98 365 98 255 98 269 98 224 98 200 98 202 98 202 98 200 98 661 98 202 98 661 98 285 98 285 98 661 98 29 98 285 98 29 98 829 98 259 98 530 98 392 98 259 98 392 98 285 98 259 98 285 98 829 98 27 98 749 98 766 98 766 98 749 98 316 98 766 98 316 98 357 98 357 98 316 98 351 98 357 98 351 98 413 98 672 1 187 116 560 116 672 1 560 116 308 1 0 115 470 115 706 0 0 115 706 0 296 0 674 116 567 116 445 1 674 116 445 1 311 1 306 0 390 0 488 115 306 0 488 115 568 115 406 85 366 85 31 68 406 85 31 68 64 68 17 63 239 118 82 118 17 63 82 118 221 63 383 0 221 0 82 115 383 0 82 115 769 115 443 1 421 116 430 116 443 1 430 116 439 1 5 116 406 116 64 1 5 116 64 1 481 1 731 116 477 1 436 1 731 116 436 1 760 116 187 116 98 33 432 33 187 116 432 33 560 116 123 32 617 32 470 115 123 32 470 115 0 115 403 33 567 116 674 116 403 33 674 116 545 33 568 115 488 115 736 32 568 115 736 32 798 32 442 146 463 146 366 85 442 146 366 85 406 85 239 118 705 6 198 6 239 118 198 6 82 118 769 115 82 115 198 32 769 115 198 32 58 32 295 33 303 33 430 116 295 33 430 116 421 116 37 33 442 33 406 116 37 33 406 116 5 116 760 116 817 33 788 33 760 116 788 33 731 116 139 128 492 128 432 33 139 128 432 33 98 33 617 32 123 32 63 127 617 32 63 127 548 127 65 128 403 33 545 33 65 128 545 33 161 128 798 32 736 32 622 127 798 32 622 127 681 127 463 146 442 146 11 131 463 146 11 131 413 131 705 6 54 154 136 154 705 6 136 154 198 6 832 127 58 32 198 32 832 127 198 32 136 127 295 33 354 128 362 128 295 33 362 128 303 33 434 128 11 128 442 33 434 128 442 33 37 33 781 128 763 128 788 33 781 128 788 33 817 33 226 58 492 128 139 128 226 58 139 128 759 58 92 65 440 58 511 58 92 65 511 58 144 65 745 126 522 126 150 153 745 126 150 153 571 153 745 126 571 153 158 153 150 65 522 58 728 58 150 65 728 58 347 65 70 50 642 50 758 56 70 50 758 56 571 56 70 50 571 56 150 50 70 50 150 50 347 50 92 50 144 50 758 56 92 50 758 56 642 50 571 56 758 56 805 124 571 56 805 124 566 124 571 56 566 124 158 60 24 58 642 65 70 65 24 58 70 65 272 58 548 127 63 127 132 57 548 127 132 57 626 57 557 58 419 58 65 128 557 58 65 128 161 128 681 127 622 127 623 57 681 127 623 57 682 57 765 107 357 107 413 131 765 107 413 131 11 131 136 154 54 154 8 125 136 154 8 125 211 125 832 127 136 127 211 57 832 127 211 57 74 57 122 58 126 58 362 128 122 58 362 128 354 128 322 58 765 58 11 128 322 58 11 128 434 128 781 128 76 58 48 58 781 128 48 58 763 128 309 91 207 35 703 108 309 91 703 108 160 112 162 73 537 73 226 58 162 73 226 58 759 58 186 73 251 73 511 58 186 73 511 58 440 58 805 124 644 20 528 20 805 124 528 20 309 20 805 124 309 20 160 20 805 124 160 20 494 20 805 124 494 20 108 20 805 124 108 20 566 124 522 126 745 126 459 11 522 126 459 11 256 11 256 73 487 73 728 58 256 73 728 58 522 58 792 73 523 73 24 58 792 73 24 58 272 58 160 52 703 72 153 72 160 52 153 72 494 52 284 150 108 75 494 75 284 150 494 75 153 150 369 72 16 72 626 57 369 72 626 57 132 57 364 143 528 142 644 39 364 143 644 39 694 134 207 35 309 91 528 142 207 35 528 142 364 143 312 73 205 73 419 58 312 73 419 58 557 58 682 57 623 57 660 72 682 57 660 72 739 72 766 149 357 107 765 107 766 149 765 107 485 149 211 125 8 125 267 10 211 125 267 10 478 10 74 57 211 57 478 72 74 57 478 72 283 72 122 58 396 73 400 73 122 58 400 73 126 58 72 73 485 73 765 58 72 73 765 58 322 58 76 58 261 73 233 73 76 58 233 73 48 58 601 102 703 108 207 35 601 102 207 35 821 2 329 77 537 73 162 73 329 77 162 73 12 77 186 73 712 77 768 77 186 73 768 77 251 73 772 83 256 11 459 11 772 83 459 11 79 83 128 77 487 73 256 73 128 77 256 73 772 77 676 77 387 77 523 73 676 77 523 73 792 73 153 72 703 72 601 76 153 72 601 76 59 76 223 54 284 150 153 150 223 54 153 150 59 54 597 76 189 76 16 72 597 76 16 72 369 72 605 144 364 143 694 134 605 144 694 134 346 48 821 2 207 35 364 143 821 2 364 143 605 144 552 77 412 77 205 73 552 77 205 73 312 73 739 72 660 72 159 76 739 72 159 76 229 76 99 53 27 53 766 149 99 53 766 149 485 149 478 10 267 10 530 82 478 10 530 82 669 82 283 72 478 72 669 76 283 72 669 76 515 76 217 77 225 77 400 73 217 77 400 73 396 73 546 77 99 77 485 73 546 77 485 73 72 73 261 73 343 77 315 77 261 73 315 77 233 73 686 105 601 102 821 2 686 105 821 2 191 34 12 77 147 71 505 71 12 77 505 71 329 77 166 71 232 71 768 77 166 71 768 77 712 77 79 83 438 9 241 9 79 83 241 9 772 83 467 71 128 77 772 77 467 71 772 77 241 71 773 71 499 71 387 77 773 71 387 77 676 77 59 76 601 76 686 70 59 76 686 70 141 70 274 148 223 54 59 54 274 148 59 54 141 148 189 76 597 76 356 70 189 76 356 70 7 70 346 48 680 133 345 141 346 48 345 141 605 144 821 2 605 144 345 141 821 2 345 141 191 34 294 71 182 71 412 77 294 71 412 77 552 77 229 76 159 76 656 70 229 76 656 70 733 70 462 147 749 147 27 53 462 147 27 53 99 53 669 82 530 82 259 8 669 82 259 8 466 8 515 76 669 76 466 70 515 76 466 70 279 70 373 71 381 71 225 77 373 71 225 77 217 77 50 71 462 71 99 77 50 71 99 77 546 77 215 71 315 77 343 77 215 71 343 77 243 71 143 109 686 105 191 34 143 109 191 34 287 88 175 99 655 99 489 99 489 99 655 99 584 99 489 99 584 99 319 99 319 99 584 99 338 99 779 99 629 99 828 99 828 99 629 99 405 99 828 99 405 99 489 99 489 99 405 99 175 99 677 99 110 99 719 99 677 99 719 99 779 99 677 99 779 99 828 99 721 55 185 55 505 71 721 55 505 71 147 71 166 71 395 55 473 55 166 71 473 55 232 71 88 22 480 22 541 127 541 127 480 22 143 22 541 127 143 22 779 127 779 127 143 22 287 22 779 127 287 22 503 22 779 127 503 22 629 22 241 9 438 9 714 122 241 9 714 122 484 122 484 55 687 55 467 71 484 55 467 71 241 71 719 57 527 57 129 64 719 57 129 64 541 127 719 57 541 127 779 127 245 55 824 55 499 71 245 55 499 71 773 71 686 70 143 50 480 50 686 70 480 50 141 70 141 148 480 74 88 74 141 148 88 74 274 148 7 70 356 70 119 56 7 70 119 56 613 56 345 141 680 133 629 38 345 141 629 38 503 140 287 88 191 34 345 141 287 88 345 141 503 140 512 55 380 55 182 71 512 55 182 71 294 71 733 70 656 70 616 56 733 70 616 56 670 56 749 147 462 147 730 104 749 147 730 104 316 104 193 121 466 8 259 8 193 121 259 8 829 121 279 70 466 70 193 56 279 70 193 56 56 56 89 55 94 55 381 71 89 55 381 71 373 71 282 55 730 55 462 71 282 55 462 71 50 71 36 55 10 55 215 71 36 55 215 71 243 71 607 99 49 99 824 99 824 99 49 99 395 99 824 99 395 99 499 99 499 99 395 99 166 99 499 99 166 99 387 99 387 99 166 99 186 99 387 99 186 99 523 99 523 99 186 99 440 99 523 99 440 99 24 99 24 99 440 99 92 99 24 99 92 99 642 99 186 99 166 99 712 99 429 123 185 55 721 55 429 123 721 55 95 123 110 59 473 55 395 55 110 59 395 55 49 59 70 98 347 98 272 98 272 98 347 98 728 98 272 98 728 98 792 98 792 98 728 98 487 98 792 98 487 98 676 98 676 98 487 98 467 98 676 98 467 98 773 98 773 98 467 98 687 98 773 98 687 98 245 98 245 98 687 98 302 98 245 98 302 98 26 98 467 98 487 98 128 98 714 122 129 152 527 152 714 122 527 152 118 152 714 122 118 152 484 122 484 55 118 59 302 59 484 55 302 59 687 55 302 52 118 52 26 52 26 52 118 52 527 57 26 52 527 57 607 52 607 52 527 57 719 57 607 52 719 57 110 52 607 52 110 52 49 52 245 55 26 59 607 59 245 55 607 59 824 55 40 124 514 124 613 56 40 124 613 56 119 56 121 123 14 123 380 55 121 123 380 55 512 55 670 56 616 56 608 124 670 56 608 124 665 124 316 104 730 104 804 129 316 104 804 129 351 129 120 151 193 121 829 121 120 151 829 121 29 151 56 56 193 56 120 124 56 56 120 124 813 124 475 97 199 97 635 95 475 97 635 95 452 95 452 95 635 95 456 81 452 95 456 81 407 81 57 67 331 67 407 81 57 67 407 81 456 81 678 41 252 41 331 67 678 41 331 67 57 67 252 41 678 41 271 24 252 41 271 24 156 24 156 24 271 24 394 0 156 24 394 0 73 0 86 18 810 18 73 0 86 18 73 0 394 0 254 37 722 37 810 18 254 37 810 18 86 18 304 62 638 62 722 37 304 62 722 37 254 37 638 62 304 62 618 79 638 62 618 79 576 79 696 93 532 93 576 79 696 93 576 79 618 79 532 93 696 93 234 96 532 93 234 96 507 96 507 96 234 96 701 94 507 96 701 94 529 94 199 97 475 97 447 92 199 97 447 92 636 92 89 55 292 123 300 123 89 55 300 123 94 55 375 123 804 123 730 55 375 123 730 55 282 55 708 123 10 55 678 59 708 123 678 59 57 59 708 123 57 59 456 59 708 123 456 59 635 59 708 123 635 59 199 59 708 123 199 59 636 59 708 123 636 59 723 59 708 123 723 59 131 59 708 123 131 59 177 59 708 123 177 59 367 59 708 123 367 59 197 123 254 59 86 59 36 55 36 55 86 59 394 59 36 55 394 59 10 55 10 55 394 59 271 59 10 55 271 59 678 59 734 123 167 123 157 59 734 123 157 59 645 59 734 123 645 59 404 59 734 123 404 59 19 59 734 123 19 59 701 59 734 123 701 59 234 59 734 123 234 59 696 59 734 123 696 59 618 59 734 123 618 59 304 59 734 123 304 59 254 59 734 123 254 59 36 55 95 123 32 31 349 31 95 123 349 31 429 123 514 124 40 124 102 30 514 124 102 30 588 30 476 31 330 31 14 123 476 31 14 123 121 123 665 124 608 124 724 30 665 124 724 30 784 30 371 145 392 145 351 129 371 145 351 129 804 129 120 151 29 151 661 5 120 151 661 5 169 5 813 124 120 124 169 30 813 124 169 30 33 30 19 80 572 80 529 94 19 80 529 94 701 94 572 80 19 80 404 66 572 80 404 66 632 66 645 40 715 40 632 66 645 40 632 66 404 66 157 23 802 23 715 40 157 23 715 40 645 40 816 1 66 1 802 23 816 1 802 23 157 23 816 1 157 23 167 13 367 17 152 17 66 1 367 17 66 1 816 1 367 17 816 1 197 7 152 17 367 17 177 36 152 17 177 36 246 36 246 36 177 36 131 61 246 36 131 61 326 61 326 61 131 61 723 78 326 61 723 78 401 78 401 78 723 78 636 92 401 78 636 92 447 92 236 31 244 31 300 123 236 31 300 123 292 123 819 31 371 31 804 123 819 31 804 123 375 123 756 31 727 31 197 123 756 31 197 123 816 19 756 31 816 19 167 123 756 31 167 123 734 123 197 123 727 31 708 123 125 111 479 111 349 31 125 111 349 31 32 31 809 110 428 110 588 30 809 110 588 30 102 30 621 111 490 111 330 31 621 111 330 31 476 31 784 30 724 30 474 110 784 30 474 110 553 110 392 145 371 145 321 84 392 145 321 84 285 84 169 5 661 5 200 117 169 5 200 117 52 117 744 110 33 30 169 30 744 110 169 30 52 110 332 111 337 111 244 31 332 111 244 31 236 31 778 111 321 111 371 31 778 111 371 31 819 31 648 111 727 31 756 31 648 111 756 31 673 111 125 111 318 156 689 156 125 111 689 156 479 111 428 110 809 110 747 155 428 110 747 155 341 155 697 156 585 156 490 111 697 156 490 111 621 111 474 110 679 155 755 155 474 110 755 155 553 110 112 12 202 12 285 84 112 12 285 84 321 84 52 117 200 117 224 26 52 117 224 26 823 26 823 155 668 155 744 110 823 155 744 110 52 110 338 4 341 4 224 4 224 4 341 4 747 4 224 4 747 4 668 4 668 4 747 4 755 4 668 4 755 4 679 4 319 4 338 4 471 4 319 4 471 4 402 4 319 4 402 4 697 4 319 4 697 4 689 4 319 4 689 4 318 4 202 4 112 4 585 4 202 4 585 4 697 4 202 4 697 4 61 4 202 4 61 4 174 4 202 4 174 4 291 4 202 4 291 4 418 4 202 4 418 4 513 4 202 4 513 4 575 4 202 4 575 4 595 4 202 4 595 4 578 4 202 4 578 4 521 4 202 4 521 4 425 4 202 4 425 4 224 4 697 4 402 4 382 4 697 4 382 4 397 4 697 4 397 4 458 4 697 4 458 4 555 4 697 4 555 4 653 4 697 4 653 4 771 4 697 4 771 4 61 4 338 4 224 4 75 4 338 4 75 4 780 4 338 4 780 4 659 4 338 4 659 4 562 4 338 4 562 4 471 4 563 4 558 4 587 4 563 4 587 4 580 4 563 4 580 4 585 4 563 4 585 4 112 4 224 4 425 4 301 4 224 4 301 4 180 4 224 4 180 4 75 4 587 4 558 4 586 4 224 4 668 4 823 4 61 4 771 4 174 4 174 4 771 4 653 4 174 4 653 4 291 4 291 4 653 4 66 4 291 4 66 4 152 4 632 4 715 4 555 4 555 4 715 4 802 4 555 4 802 4 653 4 653 4 802 4 66 4 532 4 507 4 382 4 382 4 507 4 529 4 382 4 529 4 397 4 397 4 529 4 572 4 397 4 572 4 458 4 458 4 572 4 632 4 458 4 632 4 555 4 722 4 638 4 471 4 471 4 638 4 576 4 471 4 576 4 402 4 402 4 576 4 532 4 402 4 532 4 382 4 562 4 659 4 73 4 562 4 73 4 810 4 562 4 810 4 722 4 562 4 722 4 471 4 418 4 291 4 152 4 418 4 152 4 246 4 418 4 246 4 326 4 418 4 326 4 513 4 401 4 447 4 575 4 401 4 575 4 513 4 401 4 513 4 326 4 331 4 521 4 407 4 407 4 521 4 578 4 407 4 578 4 452 4 452 4 578 4 595 4 452 4 595 4 475 4 475 4 595 4 575 4 475 4 575 4 447 4 252 4 156 4 425 4 252 4 425 4 521 4 252 4 521 4 331 4 75 4 180 4 780 4 780 4 180 4 301 4 780 4 301 4 659 4 659 4 301 4 425 4 659 4 425 4 73 4 73 4 425 4 156 4 580 156 587 156 337 111 580 156 337 111 332 111 563 156 112 156 321 111 563 156 321 111 778 111 673 111 586 156 558 156 673 111 558 156 648 111 399 98 111 98 214 98 399 98 214 98 441 98 399 98 441 98 423 98 399 98 423 98 242 98 674 98 311 98 308 98 308 98 311 98 520 98 308 98 520 98 363 98 363 98 520 98 359 98 363 98 359 98 262 98 262 98 359 98 39 98 262 98 39 98 323 98 323 98 39 98 408 98 323 98 408 98 111 98 111 98 408 98 214 98 552 98 312 98 226 98 226 98 312 98 557 98 226 98 557 98 492 98 492 98 557 98 161 98 492 98 161 98 432 98 432 98 161 98 545 98 432 98 545 98 560 98 560 98 545 98 674 98 560 98 674 98 308 98 537 98 329 98 505 98 537 98 505 98 185 98 537 98 185 98 552 98 537 98 552 98 226 98 596 98 455 98 433 98 433 98 455 98 328 98 433 98 328 98 87 98 87 98 328 98 389 98 87 98 389 98 446 98 446 98 389 98 142 98 446 98 142 98 231 98 231 98 142 98 423 98 231 98 423 98 441 98 666 98 671 98 455 98 666 98 455 98 596 98 294 98 185 98 512 98 512 98 185 98 429 98 512 98 429 98 121 98 121 98 429 98 349 98 121 98 349 98 476 98 476 98 349 98 479 98 476 98 479 98 621 98 621 98 479 98 689 98 621 98 689 98 697 98 552 98 185 98 294 98 483 99 650 99 361 99 483 99 361 99 561 99 483 99 561 99 495 99 483 99 495 99 757 99 650 99 280 99 424 99 650 99 424 99 818 99 650 99 818 99 163 99 650 99 163 99 361 99 335 99 424 99 280 99 335 99 280 99 154 99 335 99 154 99 138 99 473 99 110 99 95 99 95 99 110 99 677 99 95 99 677 99 32 99 32 99 677 99 828 99 32 99 828 99 125 99 125 99 828 99 489 99 125 99 489 99 318 99 318 99 489 99 319 99 12 99 768 99 147 99 147 99 768 99 232 99 147 99 232 99 721 99 721 99 232 99 473 99 721 99 473 99 95 99 762 99 615 99 518 99 518 99 615 99 774 99 518 99 774 99 21 99 21 99 774 99 498 99 21 99 498 99 235 99 235 99 498 99 757 99 155 99 280 99 796 99 796 99 280 99 650 99 796 99 650 99 699 99 699 99 650 99 483 99 699 99 483 99 752 99 752 99 483 99 757 99 752 99 757 99 498 99 1 99 196 99 451 99 1 99 451 99 762 99 1 99 762 99 518 99 675 99 672 99 220 99 220 99 672 99 732 99 220 99 732 99 594 99 594 99 732 99 633 99 594 99 633 99 410 99 410 99 633 99 692 99 410 99 692 99 716 99 716 99 692 99 451 99 716 99 451 99 196 99 144 99 139 99 738 99 738 99 139 99 98 99 738 99 98 99 55 99 55 99 98 99 187 99 55 99 187 99 574 99 574 99 187 99 672 99 574 99 672 99 675 99 768 99 162 99 251 99 251 99 162 99 759 99 251 99 759 99 511 99 511 99 759 99 139 99 511 99 139 99 144 99 162 99 768 99 12 99 280 99 155 99 154 99 155 158 796 115 455 115 155 158 455 115 671 158 613 99 514 99 655 99 655 99 514 99 588 99 655 99 588 99 584 99 584 99 588 99 428 99 584 99 428 99 338 99 338 99 428 99 341 99 427 99 209 99 405 99 405 99 209 99 189 99 405 99 189 99 175 99 175 99 189 99 7 99 175 99 7 99 655 99 655 99 7 99 613 99 113 99 426 99 416 99 416 99 426 99 361 99 416 99 361 99 339 99 339 99 361 99 163 99 339 99 163 99 146 99 146 99 163 99 800 99 146 99 800 99 786 99 786 99 800 99 610 99 786 99 610 99 320 99 818 99 424 99 258 99 818 99 258 99 336 99 818 99 336 99 619 99 818 99 619 99 800 99 818 99 800 99 163 99 258 99 424 99 325 99 325 99 424 99 335 99 325 99 335 99 192 99 192 99 335 99 138 99 192 99 138 99 135 99 706 99 700 99 164 99 164 99 700 99 289 99 164 99 289 99 293 99 293 99 289 99 386 99 293 99 386 99 240 99 240 99 386 99 786 99 240 99 786 99 320 99 548 99 691 99 617 99 617 99 691 99 625 99 617 99 625 99 470 99 470 99 625 99 700 99 470 99 700 99 706 99 189 99 209 99 16 99 16 99 209 99 691 99 16 99 691 99 626 99 626 99 691 99 548 99 346 99 694 99 680 99 680 99 694 99 644 99 680 99 644 99 629 99 629 99 644 99 427 99 629 99 427 99 405 99 135 157 627 157 688 116 135 157 688 116 192 116 785 158 666 158 596 115 785 158 596 115 709 115 502 98 270 98 276 98 276 98 270 98 44 98 276 98 44 98 60 98 60 98 44 98 799 98 60 98 799 98 822 98 822 98 799 98 149 98 822 98 149 98 651 98 598 98 603 98 23 98 23 98 603 98 646 98 23 98 646 98 799 98 799 98 646 98 149 98 488 98 390 98 383 98 383 98 390 98 454 98 383 98 454 98 735 98 735 98 454 98 713 98 735 98 713 98 23 98 23 98 713 98 598 98 769 98 58 98 623 98 769 98 623 98 622 98 769 98 622 98 736 98 769 98 736 98 488 98 769 98 488 98 383 98 813 98 33 98 832 98 832 98 33 98 159 98 832 98 159 98 58 98 58 98 159 98 660 98 58 98 660 98 623 98 46 98 822 98 651 98 46 98 651 98 611 98 46 98 611 98 609 98 46 98 609 98 725 98 46 98 725 98 764 98 764 98 725 98 482 98 764 98 482 98 684 98 764 98 684 98 695 98 474 98 724 98 744 98 474 98 744 98 668 98 474 98 668 98 679 98 724 98 608 98 744 98 744 98 608 98 616 98 744 98 616 98 33 98 33 98 616 98 656 98 33 98 656 98 159 98 515 98 279 98 283 98 283 98 279 98 56 98 283 98 56 98 74 98 74 98 56 98 813 98 74 98 813 98 832 98 665 99 784 99 809 99 809 99 784 99 553 99 809 99 553 99 747 99 747 99 553 99 755 99 229 99 733 99 102 99 102 99 733 99 670 99 102 99 670 99 809 99 809 99 670 99 665 99 40 99 119 99 63 99 40 99 63 99 123 99 40 99 123 99 229 99 40 99 229 99 102 99 420 99 213 99 203 99 203 99 213 99 825 99 203 99 825 99 815 99 815 99 825 99 761 99 815 99 761 99 740 99 740 99 761 99 90 99 740 99 90 99 582 99 538 99 540 99 820 99 820 99 540 99 590 99 820 99 590 99 761 99 761 99 590 99 90 99 538 99 820 99 649 99 649 99 820 99 688 99 649 99 688 99 391 99 391 99 688 99 627 99 391 99 627 99 624 99 791 99 740 99 582 99 791 99 582 99 524 99 791 99 524 99 516 99 791 99 516 99 640 99 791 99 640 99 658 99 372 99 306 99 296 99 372 99 296 99 658 99 372 99 658 99 640 99 568 99 798 99 0 99 568 99 0 99 296 99 568 99 296 99 306 99 798 99 681 99 0 99 0 99 681 99 682 99 0 99 682 99 123 99 123 99 682 99 739 99 123 99 739 99 229 99 597 99 369 99 356 99 356 99 369 99 132 99 356 99 132 99 119 99 119 99 132 99 63 99 624 157 684 157 482 116 624 157 482 116 391 116 269 28 384 28 631 118 269 28 631 118 365 118 543 14 255 14 238 85 543 14 238 85 612 85 695 157 543 157 612 116 695 157 612 116 764 116 790 95 93 95 78 97 790 95 78 97 776 97 807 3 384 3 785 3 785 3 384 3 269 3 785 3 269 3 666 3 666 3 269 3 444 3 666 3 444 3 600 3 785 3 787 3 807 3 807 3 787 3 782 3 807 3 782 3 811 3 811 3 782 3 783 3 154 3 155 3 671 3 154 3 671 3 666 3 154 3 666 3 100 3 154 3 100 3 47 3 154 3 47 3 138 3 666 3 600 3 720 3 666 3 720 3 814 3 666 3 814 3 51 3 666 3 51 3 101 3 666 3 101 3 115 3 666 3 115 3 100 3 138 3 47 3 808 3 138 3 808 3 710 3 138 3 710 3 591 3 138 3 591 3 437 3 138 3 437 3 255 3 138 3 255 3 543 3 138 3 543 3 695 3 138 3 695 3 627 3 138 3 627 3 135 3 684 3 624 3 627 3 684 3 627 3 695 3 269 3 255 3 80 3 269 3 80 3 2 3 269 3 2 3 790 3 269 3 790 3 776 3 269 3 776 3 793 3 269 3 793 3 6 3 269 3 6 3 85 3 269 3 85 3 173 3 269 3 173 3 290 3 269 3 290 3 444 3 255 3 437 3 281 3 255 3 281 3 165 3 255 3 165 3 80 3 93 95 790 95 2 81 93 95 2 81 134 81 80 67 208 67 134 81 80 67 134 81 2 81 165 41 307 41 208 67 165 41 208 67 80 67 307 41 165 41 281 24 307 41 281 24 448 24 437 0 604 0 448 24 437 0 448 24 281 24 604 0 437 0 591 18 604 0 591 18 729 18 710 37 4 37 729 18 710 37 729 18 591 18 4 37 710 37 808 62 4 37 808 62 107 62 107 62 808 62 47 79 107 62 47 79 171 79 100 93 227 93 171 79 100 93 171 79 47 79 115 96 247 96 227 93 115 96 227 93 100 93 247 96 115 96 101 94 247 96 101 94 230 94 51 80 176 80 230 94 51 80 230 94 101 94 176 80 51 80 814 66 176 80 814 66 114 66 114 66 814 66 720 40 114 66 720 40 15 40 15 40 720 40 600 23 15 40 600 23 743 23 444 1 614 1 743 23 444 1 743 23 600 23 614 1 444 1 290 17 614 1 290 17 468 17 173 36 313 36 468 17 173 36 468 17 290 17 85 61 218 61 313 36 85 61 313 36 173 36 6 78 137 78 218 61 6 78 218 61 85 61 137 78 6 78 793 92 137 78 793 92 97 92 97 92 793 92 776 97 97 92 776 97 78 97 787 158 589 115 581 115 787 158 581 115 782 158 409 98 172 98 222 98 409 98 222 98 726 98 409 98 726 98 431 98 409 98 431 98 542 98 5 98 481 98 477 98 477 98 481 98 116 98 477 98 116 98 826 98 826 98 116 98 145 98 826 98 145 98 68 98 68 98 145 98 592 98 68 98 592 98 41 98 41 98 592 98 500 98 41 98 500 98 172 98 172 98 500 98 222 98 546 98 72 98 48 98 48 98 72 98 322 98 48 98 322 98 763 98 763 98 322 98 434 98 763 98 434 98 788 98 788 98 434 98 37 98 788 98 37 98 731 98 731 98 37 98 5 98 731 98 5 98 477 98 233 98 315 98 215 98 233 98 215 98 10 98 233 98 10 98 546 98 233 98 546 98 48 98 168 98 69 98 204 98 204 98 69 98 124 98 204 98 124 98 637 98 637 98 124 98 96 98 637 98 96 98 547 98 547 98 96 98 219 98 547 98 219 98 237 98 237 98 219 98 431 98 237 98 431 98 726 98 807 98 811 98 69 98 807 98 69 98 168 98 50 98 10 98 282 98 282 98 10 98 708 98 282 98 708 98 375 98 375 98 708 98 727 98 375 98 727 98 819 98 819 98 727 98 648 98 819 98 648 98 778 98 778 98 648 98 558 98 778 98 558 98 563 98 546 98 10 98 50 98 412 99 182 99 89 99 89 99 182 99 380 99 89 99 380 99 292 99 292 99 380 99 14 99 292 99 14 99 236 99 236 99 14 99 330 99 236 99 330 99 332 99 332 99 330 99 490 99 332 99 490 99 580 99 580 99 490 99 585 99 373 99 217 99 396 99 373 99 396 99 122 99 373 99 122 99 412 99 373 99 412 99 89 99 564 99 253 99 340 99 564 99 340 99 577 99 564 99 577 99 544 99 564 99 544 99 355 99 340 99 253 99 583 99 583 99 253 99 526 99 583 99 526 99 181 99 181 99 526 99 469 99 181 99 469 99 569 99 569 99 469 99 589 99 569 99 589 99 709 99 709 99 589 99 787 99 709 99 787 99 785 99 445 99 443 99 641 99 641 99 443 99 501 99 641 99 501 99 497 99 497 99 501 99 388 99 497 99 388 99 140 99 140 99 388 99 465 99 140 99 465 99 550 99 550 99 465 99 216 99 550 99 216 99 324 99 324 99 216 99 544 99 324 99 544 99 577 99 205 99 122 99 419 99 419 99 122 99 354 99 419 99 354 99 65 99 65 99 354 99 295 99 65 99 295 99 403 99 403 99 295 99 421 99 403 99 421 99 567 99 567 99 421 99 443 99 567 99 443 99 445 99 412 99 122 99 205 99 631 115 384 158 807 158 631 115 807 158 168 115 587 99 586 99 337 99 337 99 586 99 673 99 337 99 673 99 244 99 244 99 673 99 756 99 244 99 756 99 300 99 300 99 756 99 734 99 300 99 734 99 94 99 94 99 734 99 36 99 94 99 36 99 381 99 381 99 36 99 243 99 381 99 243 99 225 99 225 99 243 99 343 99 225 99 343 99 261 99 378 99 504 99 342 99 342 99 504 99 398 99 342 99 398 99 556 99 556 99 398 99 184 99 556 99 184 99 248 99 248 99 184 99 71 99 248 99 71 99 519 99 519 99 71 99 104 99 519 99 104 99 457 99 457 99 104 99 38 99 457 99 38 99 581 99 581 99 38 99 783 99 581 99 783 99 782 99 439 99 436 99 493 99 493 99 436 99 806 99 493 99 806 99 379 99 379 99 806 99 35 99 379 99 35 99 453 99 453 99 35 99 18 99 453 99 18 99 210 99 210 99 18 99 151 99 210 99 151 99 536 99 536 99 151 99 378 99 536 99 378 99 342 99 225 99 261 99 400 99 400 99 261 99 76 99 400 99 76 99 126 99 126 99 76 99 781 99 126 99 781 99 362 99 362 99 781 99 817 99 362 99 817 99 303 99 303 99 817 99 760 99 303 99 760 99 430 99 430 99 760 99 436 99 430 99 436 99 439 99 69 115 811 158 783 158 69 115 783 158 38 115 796 115 699 32 328 32 796 115 328 32 455 115 820 33 325 33 192 116 820 33 192 116 688 116 569 32 709 115 596 115 569 32 596 115 433 32 391 116 482 116 725 33 391 116 725 33 649 33 657 6 464 6 365 118 657 6 365 118 631 118 742 146 612 85 238 85 742 146 238 85 704 146 764 116 612 116 742 33 764 116 742 33 46 33 801 97 333 97 376 95 801 97 376 95 353 95 620 4 42 4 297 4 297 4 42 4 275 4 297 4 275 4 67 4 67 4 275 4 534 4 67 4 534 4 683 4 683 4 534 4 702 4 683 4 702 4 508 4 508 4 702 4 614 4 508 4 614 4 468 4 702 4 795 4 114 4 702 4 114 4 15 4 702 4 15 4 743 4 702 4 743 4 614 4 227 4 247 4 827 4 827 4 247 4 230 4 827 4 230 4 795 4 795 4 230 4 176 4 795 4 176 4 114 4 4 4 107 4 789 4 789 4 107 4 171 4 789 4 171 4 827 4 827 4 171 4 227 4 208 4 307 4 376 4 376 4 307 4 448 4 376 4 448 4 496 4 496 4 448 4 604 4 496 4 604 4 685 4 685 4 604 4 729 4 685 4 729 4 789 4 789 4 729 4 4 4 468 4 313 4 508 4 508 4 313 4 218 4 508 4 218 4 385 4 385 4 218 4 137 4 385 4 137 4 97 4 78 4 93 4 333 4 78 4 333 4 385 4 78 4 385 4 97 4 134 4 208 4 376 4 134 4 376 4 333 4 134 4 333 4 93 4 599 4 277 4 22 4 22 4 277 4 45 4 22 4 45 4 264 4 264 4 45 4 664 4 264 4 664 4 510 4 510 4 664 4 496 4 510 4 496 4 685 4 827 96 422 96 777 93 827 96 777 93 789 93 795 94 20 94 422 96 795 94 422 96 827 96 702 80 266 80 751 90 702 80 751 90 20 94 702 80 20 94 795 94 266 80 702 80 534 66 266 80 534 66 461 66 534 66 275 40 634 40 534 66 634 40 461 66 370 36 67 36 683 61 370 36 683 61 630 61 630 61 683 61 508 78 630 61 508 78 103 78 385 92 450 92 435 87 385 92 435 87 103 78 385 92 103 78 508 78 450 92 385 92 333 97 450 92 333 97 801 97 469 32 457 32 581 115 469 32 581 115 589 115 634 40 275 40 42 23 634 40 42 23 517 23 634 40 517 23 83 29 620 1 628 1 517 23 620 1 517 23 42 23 628 1 620 1 297 17 628 1 297 17 794 17 67 36 370 36 299 27 67 36 299 27 794 17 67 36 794 17 297 17 204 32 657 32 631 115 204 32 631 115 168 115 38 115 104 32 83 32 38 115 83 32 517 47 38 115 517 47 628 47 38 115 628 47 794 47 38 115 794 47 124 32 38 115 124 32 69 115 124 32 794 47 299 32 752 127 389 127 328 32 752 127 328 32 699 32 820 33 761 128 258 128 820 33 258 128 325 33 87 127 181 127 569 32 87 127 569 32 433 32 649 33 725 33 609 128 649 33 609 128 538 128 464 6 657 6 194 154 464 6 194 154 414 154 663 131 742 146 704 146 663 131 704 146 53 131 822 128 46 33 742 33 822 128 742 33 663 128 496 81 350 81 602 89 496 81 602 89 353 95 496 81 353 95 376 95 664 67 551 67 350 81 664 67 350 81 496 81 551 67 664 67 45 41 551 67 45 41 265 41 277 24 803 24 265 41 277 24 265 41 45 41 803 24 277 24 599 0 803 24 599 0 77 0 22 18 525 18 77 0 22 18 77 0 599 0 525 18 22 18 264 37 525 18 264 37 535 37 535 37 264 37 510 62 535 37 510 62 360 62 360 62 510 62 685 79 360 62 685 79 570 79 685 79 789 93 777 93 685 79 777 93 25 86 685 79 25 86 570 79 526 127 519 127 457 32 526 127 457 32 469 32 637 127 194 127 657 32 637 127 657 32 204 32 124 32 299 32 370 22 124 32 370 22 630 22 124 32 630 22 103 22 124 32 103 22 435 127 124 32 435 127 96 127 104 32 71 127 751 127 104 32 751 127 266 22 104 32 266 22 461 22 104 32 461 22 634 22 104 32 634 22 83 32 142 57 389 127 752 127 142 57 752 127 498 57 235 57 757 64 812 64 235 57 812 64 288 57 130 106 228 106 748 132 130 106 748 132 690 132 130 106 690 132 415 132 43 57 549 64 748 64 43 57 748 64 228 57 812 49 757 49 509 49 509 49 757 49 495 55 509 49 495 55 212 49 212 49 495 55 690 55 212 49 690 55 748 49 212 49 748 49 549 49 797 123 415 59 690 55 797 123 690 55 495 55 797 123 495 55 561 123 746 57 509 64 212 64 746 57 212 64 460 57 258 128 761 128 825 58 258 128 825 58 336 58 583 57 181 127 87 127 583 57 87 127 446 57 538 128 609 128 611 58 538 128 611 58 540 58 117 125 358 125 414 154 117 125 414 154 194 154 9 107 754 107 663 131 9 107 663 131 53 131 822 128 663 128 754 58 822 128 754 58 60 58 526 127 253 57 248 57 526 127 248 57 519 127 547 57 117 57 194 127 547 57 194 127 637 127 71 127 184 57 25 57 71 127 25 57 777 64 71 127 777 64 422 64 71 127 422 64 20 64 71 127 20 64 751 127 219 57 96 127 435 127 219 57 435 127 450 64 219 57 450 64 801 64 219 57 801 64 353 64 219 57 353 64 602 57 195 44 554 46 377 160 195 44 377 160 263 120 774 72 423 72 142 57 774 72 142 57 498 57 81 72 21 72 235 57 81 72 235 57 288 57 327 19 377 19 561 123 561 123 377 19 554 19 561 123 554 19 797 123 797 123 554 19 206 19 797 123 206 19 334 19 327 19 561 123 361 19 130 106 718 150 13 150 130 106 13 150 228 106 654 72 43 57 228 57 654 72 228 57 13 72 109 72 374 72 746 57 109 72 746 57 460 57 753 73 206 51 554 51 753 73 554 51 195 73 206 101 753 11 573 11 206 101 573 11 334 101 213 73 619 73 336 58 213 73 336 58 825 58 361 16 426 114 190 138 361 16 190 138 327 137 263 120 377 160 327 137 263 120 327 137 190 138 231 72 340 72 583 57 231 72 583 57 446 57 540 58 611 58 651 73 540 58 651 73 590 73 767 10 358 125 117 125 767 10 117 125 693 10 268 149 133 149 754 107 268 149 754 107 9 107 60 58 754 58 133 73 60 58 133 73 276 73 253 57 564 72 556 72 253 57 556 72 248 57 237 72 693 72 117 57 237 72 117 57 547 57 184 57 398 72 525 52 184 57 525 52 535 52 184 57 535 52 360 52 184 57 360 52 570 52 184 57 570 52 25 57 350 52 551 52 219 57 219 57 551 52 265 52 219 57 265 52 431 72 431 72 265 52 803 52 431 72 803 52 398 72 398 72 803 52 77 52 398 72 77 52 525 52 350 52 219 57 602 57 34 69 106 42 195 44 34 69 195 44 263 120 242 76 423 72 774 72 242 76 774 72 615 76 81 72 593 76 518 76 81 72 518 76 21 72 718 150 298 54 506 54 718 150 506 54 13 150 506 76 273 76 654 72 506 76 654 72 13 72 833 76 250 76 374 72 833 76 374 72 109 72 753 73 195 73 106 77 753 73 106 77 643 77 753 11 643 83 486 83 753 11 486 83 573 11 420 77 800 77 619 73 420 77 619 73 213 73 426 114 113 25 411 139 426 114 411 139 190 138 411 139 34 69 263 120 411 139 263 120 190 138 441 76 577 76 340 72 441 76 340 72 231 72 590 73 651 73 149 77 590 73 149 77 90 77 278 82 28 82 767 10 278 82 767 10 693 10 531 53 314 53 133 149 531 53 133 149 268 149 276 73 133 73 314 77 276 73 314 77 502 77 355 76 342 76 556 72 355 76 556 72 564 72 726 76 278 76 693 72 726 76 693 72 237 72 431 72 398 72 504 76 431 72 504 76 542 76 249 119 179 43 106 42 249 119 106 42 34 69 615 76 762 70 399 70 615 76 399 70 242 76 62 70 1 70 518 76 62 70 518 76 593 76 298 54 698 148 831 148 298 54 831 148 506 54 639 70 273 76 506 76 639 70 506 76 831 70 91 70 344 70 250 76 91 70 250 76 833 76 643 77 106 77 179 71 643 77 179 71 741 71 559 9 486 83 643 83 559 9 643 83 741 9 800 77 420 77 203 71 800 77 203 71 610 71 113 25 416 113 178 136 113 25 178 136 411 139 178 136 249 119 34 69 178 136 34 69 411 139 214 70 324 70 577 76 214 70 577 76 441 76 90 77 149 77 646 71 90 77 646 71 582 71 667 8 750 8 28 82 667 8 28 82 278 82 531 53 260 147 127 147 531 53 127 147 314 53 502 77 314 77 127 71 502 77 127 71 270 71 544 70 536 70 342 76 544 70 342 76 355 76 222 70 667 70 278 76 222 70 278 76 726 76 409 70 542 76 504 76 409 70 504 76 378 70 249 119 348 159 533 45 249 119 533 45 179 43 410 99 716 99 449 99 410 99 449 99 539 99 410 99 539 99 339 99 410 99 339 99 594 99 594 99 339 99 146 99 594 99 146 99 786 99 594 99 786 99 386 99 594 99 386 99 220 99 386 99 289 99 220 99 220 99 289 99 700 99 220 99 700 99 675 99 675 99 700 99 625 99 675 99 625 99 574 99 574 99 625 99 691 99 574 99 691 99 209 99 427 99 644 99 55 99 427 99 55 99 574 99 427 99 574 99 209 99 805 99 758 99 738 99 805 99 738 99 55 99 805 99 55 99 644 99 738 99 758 99 144 99 451 56 111 56 399 70 451 56 399 70 762 70 62 70 257 56 196 56 62 70 196 56 1 70 310 21 183 21 775 128 775 128 183 21 533 21 775 128 533 21 539 128 539 128 533 21 348 21 539 128 348 21 305 21 539 128 305 21 339 21 698 148 105 103 188 103 698 148 188 103 831 148 188 56 3 56 639 70 188 56 639 70 831 70 449 58 652 58 368 65 449 58 368 65 775 128 449 58 775 128 539 128 417 56 711 56 344 70 417 56 344 70 91 70 179 71 533 49 183 49 179 71 183 49 741 71 183 100 310 100 559 9 183 100 559 9 741 9 815 55 320 55 610 71 815 55 610 71 203 71 339 15 305 135 178 136 339 15 178 136 416 113 305 135 348 159 249 119 305 135 249 119 178 136 408 56 550 56 324 70 408 56 324 70 214 70 582 71 646 71 603 55 582 71 603 55 524 55 750 8 667 8 84 121 750 8 84 121 317 121 260 147 830 104 737 104 260 147 737 104 127 147 270 71 127 71 737 55 270 71 737 55 44 55 216 56 210 56 536 70 216 56 536 70 544 70 500 56 84 56 667 70 500 56 667 70 222 70 378 70 151 56 172 56 378 70 172 56 409 70 81 99 288 99 374 99 81 99 374 99 250 99 81 99 250 99 62 99 81 99 62 99 593 99 746 99 374 99 288 99 746 99 288 99 812 99 746 99 812 99 509 99 472 99 770 99 711 99 711 99 770 99 257 99 711 99 257 99 344 99 344 99 257 99 62 99 344 99 62 99 250 99 323 124 111 56 451 56 323 124 451 56 692 124 716 60 196 56 257 56 716 60 257 56 770 60 639 98 3 98 91 98 639 98 91 98 833 98 639 98 833 98 654 98 639 98 654 98 273 98 417 98 91 98 3 98 417 98 3 98 491 98 417 98 491 98 170 98 212 98 549 98 460 98 460 98 549 98 43 98 460 98 43 98 109 98 109 98 43 98 654 98 109 98 654 98 833 98 105 103 368 130 652 130 105 103 652 130 707 130 105 103 707 130 188 103 188 56 707 60 491 60 188 56 491 60 3 56 472 51 170 51 652 58 472 51 652 58 449 58 472 51 449 58 716 51 472 51 716 51 770 51 491 51 707 51 652 58 491 51 652 58 170 51 417 56 170 60 472 60 417 56 472 60 711 56 320 55 815 55 740 123 320 55 740 123 240 123 39 124 140 124 550 56 39 124 550 56 408 56 524 55 603 55 598 123 524 55 598 123 516 123 317 121 84 121 148 151 317 121 148 151 352 151 830 104 30 129 647 129 830 104 647 129 737 104 44 55 737 55 647 123 44 55 647 123 799 123 216 56 465 124 453 124 216 56 453 124 210 56 592 124 148 124 84 56 592 124 84 56 500 56 151 56 18 124 41 124 151 56 41 124 172 56 692 124 633 30 262 30 692 124 262 30 323 124 240 123 740 123 791 31 240 123 791 31 293 31 497 30 140 124 39 124 497 30 39 124 359 30 516 123 598 123 713 31 516 123 713 31 640 31 606 5 393 5 352 151 606 5 352 151 148 151 662 145 717 145 647 129 662 145 647 129 30 129 799 123 647 123 717 31 799 123 717 31 23 31 388 30 379 30 453 124 388 30 453 124 465 124 145 30 606 30 148 124 145 30 148 124 592 124 35 30 68 30 41 124 35 30 41 124 18 124 732 110 363 110 262 30 732 110 262 30 633 30 791 31 658 111 164 111 791 31 164 111 293 31 520 110 641 110 497 30 520 110 497 30 359 30 640 31 713 31 454 111 640 31 454 111 372 111 393 5 606 5 565 117 393 5 565 117 286 117 201 84 579 84 717 145 201 84 717 145 662 145 735 111 23 31 717 31 735 111 717 31 579 111 501 110 493 110 379 30 501 110 379 30 388 30 116 110 565 110 606 30 116 110 606 30 145 30 826 110 68 30 35 30 826 110 35 30 806 110 732 110 672 1 308 1 732 110 308 1 363 110 164 111 658 111 296 0 164 111 296 0 706 0 311 1 445 1 641 110 311 1 641 110 520 110 372 111 454 111 390 0 372 111 390 0 306 0 286 117 565 117 64 68 286 117 64 68 31 68 201 84 17 63 221 63 201 84 221 63 579 84 735 111 579 111 221 0 735 111 221 0 383 0 443 1 439 1 493 110 443 1 493 110 501 110 481 1 64 1 565 110 481 1 565 110 116 110 806 110 436 1 477 1 806 110 477 1 826 110 </p>
        </triangles>
      </mesh>
    </geometry>
    <geometry id="_8141995_EAMC-15-10000039_0-con">
      <convex_mesh convex_hull_of="#_8141995_EAMC-15-10000039_0-obj"/>
    </geometry>
    <geometry id="_ISO_14579_M3x10_10000040_0-obj" name="_ISO_14579_M3x10_">
      <mesh>
        <source id="_ISO_14579_M3x10_10000040_0-vertex">
          <float_array id="_ISO_14579_M3x10_10000040_0-vertex-array" count="1569">0.7 -13.5 -1.21244 1.11702 -12.0894 -0.299303 -5.55112e-17 -11.4217 6.93889e-18 0.442612 -10.4438 -1.65185 -0.442612 -10.4438 1.65185 -0.989949 -13.5 -0.989949 1.11702 -13.3594 -0.299303 -0.242487 -13.4376 1.26 -0.242487 -12.1676 1.26 -1.2675 -10.5 2.19537 1.2675 -10.5 -2.19537 0.442612 -10.4438 1.65185 -0.442612 -10.4438 -1.65185 1.06066 -0.8065 -1.06066 1.51554 -10.4866 0.875 -2.36652 -13.5 0.634107 -1.51554 -10.4866 -0.875 0.242487 -12.1676 -1.26 -0.75 -0.8065 1.29904 -1.38778e-16 -10.4438 1.71012 1.48385 -10.45 -0.856699 0 -10.4438 -1.71012 -1.48385 -10.45 0.856699 0.989949 -13.5 0.989949 -2.34676 -13.35 -1.3549 -1.225 -13.5 -2.12176 -1.80411e-16 -10.45 1.7134 1.38778e-17 -10.45 -1.7134 -0.711752 -13.2 -2.6563 0.242487 -13.4376 -1.26 2.44862 -10.5 -0.656106 -2.44862 -10.5 0.656106 -0.843932 -0.5 0.843932 0.44346 -10.45 -1.65501 -0.44346 -10.45 1.65501 0.751282 -10.0125 -1.30126 -0.711752 -10.715 -2.6563 -0.751282 -10.0125 1.30126 0.711752 -10.715 2.6563 1.20924 -10.4438 -1.20924 -1.94289e-16 -10.4866 1.75 -1.38778e-17 -10.4866 -1.75 -1.20924 -10.4438 1.20924 -1.83848 -13.4598 1.83848 2.36652 -13.5 -0.634107 0.44346 -10.45 1.65501 -0.44346 -10.45 -1.65501 2.34676 -13.35 1.3549 0.711752 -13.2 2.6563 1.225 -13.5 2.12176 -0.843932 -0.5 -0.843932 1.06066 -9.99 -1.06066 0.308901 -0.5 -1.15283 1.48385 -10.45 0.856699 -1.48385 -10.45 -0.856699 1.65185 -10.4438 0.442612 -1.65185 -10.4438 -0.442612 0.855062 -10.4438 1.48101 -0.855062 -10.4438 -1.48101 -1.06066 -9.99 1.06066 -2.22045e-16 -10.5 1.8 0 -10.5 -1.8 -1.91612 -13.35 -1.91612 1.83848 -13.4598 -1.83848 -1.3549 -13.35 -2.34676 1.15283 -0.5 -0.308901 -0.59675 -0.5 -1.0336 -0.634107 -13.5 -2.36652 -1.16213 -13.3964 -0.356364 1.44889 -0.8065 -0.388229 1.91612 -13.35 1.91612 -1.16213 -12.1264 -0.356364 1.3549 -13.35 2.34676 -1.06066 -0.8065 1.06066 1.16213 -12.1264 0.356364 0.634107 -13.5 2.36652 1.16213 -13.3964 0.356364 1.51012 -10.0338 3.33067e-16 -0.324866 -13.3305 1.05268 -2.61747 -13.35 -0.70135 -1.51012 -10.0338 -1.11022e-16 -0.324866 -12.0605 1.05268 -2.38157 -13.2 -1.375 -0.70135 -13.35 2.61747 1.44889 -9.99 -0.388229 0.856699 -10.45 1.48385 -0.856699 -10.45 -1.48385 0.324866 -12.0605 -1.05268 1.06247 -10.0125 -1.06247 -2.38157 -10.715 -1.375 -1.44889 -9.99 0.388229 2.38157 -10.715 1.375 -1.06247 -10.0125 1.06247 0.324866 -13.3305 -1.05268 2.61747 -13.35 0.70135 -0.749218 -13.3305 -0.807684 -2.25167 -13.4598 -1.3 1.21156 -10.45 -1.21156 -1.21156 -10.45 1.21156 -0.308901 -0.5 1.15283 -0.749218 -12.0605 -0.807684 2.38157 -13.2 1.375 -1.10995 -13.489 -0.802487 -0.749218 -13.3305 0.807684 2.19537 -10.5 -1.2675 -2.19537 -10.5 1.2675 -0.504218 -13.2739 0.873332 -1.10995 -12.219 -0.802487 -0.749218 -12.0605 0.807684 0.70135 -13.35 -2.61747 0.749218 -12.0605 0.807684 -2.12176 -13.5 -1.225 -0.504218 -12.0039 0.873332 -1.15283 -0.5 0.308901 -1.10995 -13.489 0.802487 0.749218 -13.3305 0.807684 -1.21244 -13.4376 -0.42 -0.634107 -13.5 2.36652 2.25167 -13.4598 1.3 0.749218 -12.0605 -0.807684 -1.10995 -12.219 0.802487 1.10995 -12.219 0.802487 -1.3549 -13.35 2.34676 -1.21244 -12.1676 -0.42 0.504218 -12.0039 -0.873332 0.749218 -13.3305 -0.807684 1.10995 -13.489 0.802487 -1.44889 -0.8065 0.388229 0.504218 -13.2739 -0.873332 1.45867 -10.0338 0.390849 1.10995 -12.219 -0.802487 1.21244 -12.1676 0.42 2.12176 -13.5 1.225 -1.45867 -10.0338 -0.390849 -0.362347 -13.5 1.3523 1.10995 -13.489 -0.802487 1.21244 -13.4376 0.42 0.634107 -13.5 -2.36652 1.30781 -10.0338 0.755062 1.3549 -13.35 -2.34676 1.23744 -10.4866 1.23744 -1.23744 -10.4866 -1.23744 0.755062 -10.0338 -1.30781 1.65501 -10.45 0.44346 0.855062 -10.4438 -1.48101 -1.65501 -10.45 -0.44346 -0.855062 -10.4438 1.48101 -1.30781 -10.0338 -0.755062 -0.755062 -10.0338 1.30781 -0.504218 -13.2739 -0.873332 -1.3523 -13.5 0.362347 -0.504218 -12.0039 -0.873332 0.362347 -13.5 -1.3523 -2.61747 -13.35 0.70135 -1.79252 -10.5 1.79252 1.79252 -10.5 -1.79252 -1.83848 -13.4598 -1.83848 0.504218 -12.0039 0.873332 0.504218 -13.2739 0.873332 1.06066 -0.8065 1.06066 0.875 -10.4866 1.51554 -0.875 -10.4866 -1.51554 -0.272443 -13.3964 -1.18461 1.3523 -13.5 -0.362347 -0.272443 -12.1264 -1.18461 -1.11702 -13.3594 -0.299303 1.45136 -10.0125 -0.388892 2.61747 -13.35 -0.70135 -1.45136 -10.0125 0.388892 -1.11702 -12.0894 -0.299303 1.83848 -13.4598 1.83848 -0.14 -13.489 -1.36249 1.30781 -10.0338 -0.755062 -1.375 -13.2 -2.38157 0.272443 -12.1264 1.18461 -1.30781 -10.0338 0.755062 -0.14 -12.219 -1.36249 0.272443 -13.3964 1.18461 1.11702 -12.0894 0.299303 -0.465874 -10.5 1.73867 0.465874 -10.5 -1.73867 -1.375 -10.715 -2.38157 -2.70981 -13.35 -2.77556e-16 1.71012 -10.4438 2.498e-16 1.11702 -13.3594 0.299303 -1.71012 -10.4438 -8.32667e-17 1.375 -10.715 2.38157 1.06066 -9.99 1.06066 0.856699 -10.45 -1.48385 -0.856699 -10.45 1.48385 0.14 -12.219 1.36249 -0.70135 -13.35 -2.61747 -1.06066 -9.99 -1.06066 1.0336 -0.5 0.59675 -1.07408 -13.3305 0.245 -2.34676 -13.35 1.3549 -0.817712 -13.3594 -0.817712 -0.817712 -13.3594 0.817712 1.375 -13.2 2.38157 0.14 -13.489 1.36249 -1.07408 -12.0605 0.245 -0.817712 -12.0894 -0.817712 -0.817712 -12.0894 0.817712 1.73867 -10.5 0.465874 -1.73867 -10.5 -0.465874 -1.21244 -13.5 -0.7 2.70981 -13.35 6.10623e-16 1.07408 -12.0605 -0.245 -1.21244 -12.23 -0.7 0.817712 -12.0894 0.817712 0.817712 -12.0894 -0.817712 0.70135 -13.35 2.61747 1.07408 -13.3305 -0.245 2.34676 -13.35 -1.3549 0.817712 -13.3594 0.817712 0.817712 -13.3594 -0.817712 -1.4 -13.5 2.77556e-17 1.21244 -12.23 0.7 -1.06066 -0.8065 -1.06066 -0.7 -13.5 -1.21244 1.21244 -13.5 0.7 1.69037 -10.4866 0.452933 -1.69037 -10.4866 -0.452933 -1.375 -13.2 2.38157 -0.324866 -13.3305 -1.05268 -1.225 -13.5 2.12176 -0.324866 -12.0605 -1.05268 1.27279 -10.5 1.27279 -1.27279 -10.5 -1.27279 1.4 -13.5 3.33067e-16 -1.375 -10.715 2.38157 1.375 -10.715 -2.38157 0 -13.5 -2.45 0.324866 -12.0605 1.05268 0.875 -10.4866 -1.51554 -0.875 -10.4866 1.51554 -1.94454 -13.2 1.94454 0.7 -13.5 1.21244 1.375 -13.2 -2.38157 0.324866 -13.3305 1.05268 1.15283 -0.5 0.308901 1.225 -13.5 -2.12176 1.5 -0.8065 2.498e-16 1.06247 -10.0125 1.06247 0.465874 -10.5 1.73867 -0.465874 -10.5 -1.73867 0.308901 -0.5 1.15283 -1.94454 -10.715 1.94454 -1.06247 -10.0125 -1.06247 1.94454 -10.715 -1.94454 1.79252 -10.5 1.79252 -1.79252 -10.5 -1.79252 -2.38157 -13.2 1.375 0.75 -0.8065 1.29904 -1.0336 -0.5 -0.59675 -2.22045e-16 -13.5 2.45 1.94454 -13.2 -1.94454 -2.45 -13.5 -1.11022e-16 -2.38157 -10.715 1.375 1.06782 -10.0338 -1.06782 0.388229 -0.8065 1.44889 -0.67293 -13.4598 2.51141 2.38157 -10.715 -1.375 -1.06782 -10.0338 1.06782 -1.00844 -13.2739 -6.10623e-16 2.38157 -13.2 -1.375 0.656106 -10.5 2.44862 -0.656106 -10.5 -2.44862 -1.00844 -12.0039 9.71445e-17 1.20924 -10.4438 1.20924 -1.20924 -10.4438 -1.20924 -2.6563 -13.2 -0.711752 -3.33067e-16 -10.5 2.535 0 -10.5 -2.535 1.5 -9.99 2.498e-16 1.65185 -10.4438 -0.442612 -0.656106 -10.5 2.44862 0.656106 -10.5 -2.44862 -1.65185 -10.4438 0.442612 -0.242487 -13.4376 -1.26 2.45 -13.5 4.44089e-16 -1.21244 -13.5 0.7 -1.5 -9.99 -1.11022e-16 0.67293 -13.4598 -2.51141 -0.242487 -12.1676 -1.26 1.00844 -12.0039 2.42861e-16 -2.6563 -10.715 -0.711752 2.6563 -10.715 0.711752 -1.21244 -12.23 0.7 0.75 -9.99 1.29904 1.00844 -13.2739 1.22125e-15 -0.299303 -13.3594 1.11702 2.77556e-17 -13.4598 -2.6 -0.75 -9.99 -1.29904 -0.299303 -12.0894 1.11702 0.388229 -9.99 1.44889 1.7134 -10.45 3.05311e-16 -1.7134 -10.45 -1.11022e-16 2.6563 -13.2 0.711752 0.242487 -12.1676 1.26 -0.388229 -9.99 -1.44889 1.21244 -12.23 -0.7 -0.67293 -13.4598 -2.51141 0.242487 -13.4376 1.26 1.21244 -13.5 -0.7 1.55885 -10.5 -0.9 -1.55885 -10.5 0.9 0.299303 -12.0894 -1.11702 0.299303 -13.3594 -1.11702 -4.02456e-16 -13.4598 2.6 1.44889 -0.8065 0.388229 -1.5 -0.8065 -1.11022e-16 -1.15283 -0.5 -0.308901 0.452933 -10.4866 -1.69037 -0.452933 -10.4866 1.69037 -1.24995 -13.489 -0.56 -0.308901 -0.5 -1.15283 0.388892 -10.0125 1.45136 -2.25167 -13.4598 1.3 -1.24995 -12.219 -0.56 0.67293 -13.4598 2.51141 -0.388892 -10.0125 -1.45136 -0.75 -0.8065 -1.29904 2.22045e-16 -13.35 -2.70981 -0.388229 -0.8065 -1.44889 1.24995 -12.219 0.56 0.751282 -10.0125 1.30126 1.24995 -13.489 0.56 -0.751282 -10.0125 -1.30126 2.25167 -13.4598 -1.3 1.0336 -0.5 -0.59675 0 -13.2 -2.75 -1.73241 -13.5 1.73241 1.44889 -9.99 0.388229 -1.46162e-16 -0.5 1.1935 -0.969948 -13.4376 0.84 -2.77556e-16 -13.35 2.70981 -1.44889 -9.99 -0.388229 -2.6 -13.4598 -1.38778e-16 0.452933 -10.4866 1.69037 -2.6563 -13.2 0.711752 -0.452933 -10.4866 -1.69037 -2.51141 -13.4598 -0.67293 0 -10.715 -2.75 -0.969948 -12.1676 0.84 -3.33067e-16 -10.715 2.75 1.29904 -0.8065 0.75 1.21156 -10.45 1.21156 -1.21156 -10.45 -1.21156 -1.07408 -13.3305 -0.245 -2.6563 -10.715 0.711752 1.55885 -10.5 0.9 -1.55885 -10.5 -0.9 2.6563 -10.715 -0.711752 -3.33067e-16 -13.2 2.75 -0.14 -13.489 1.36249 -1.16213 -13.3964 0.356364 -0.969948 -13.4376 -0.84 -1.07408 -12.0605 -0.245 0.969948 -12.1676 -0.84 1.73241 -13.5 -1.73241 -1.3 -13.4598 -2.25167 1.2675 -10.5 2.19537 -1.2675 -10.5 -2.19537 -0.14 -12.219 1.36249 -1.16213 -12.1264 0.356364 -0.969948 -12.1676 -0.84 0.969948 -13.4376 -0.84 1.50256 -10.0125 1.94289e-16 2.6 -13.4598 4.44089e-16 2.6563 -13.2 -0.711752 -1.50256 -10.0125 -1.38778e-16 2.51141 -13.4598 0.67293 1.07408 -12.0605 0.245 1.16213 -12.1264 -0.356364 1.07408 -13.3305 0.245 0.969948 -12.1676 0.84 0.14 -12.219 -1.36249 2.535 -10.5 4.44089e-16 -2.535 -10.5 -2.22045e-16 -1.21244 -13.4376 0.42 -1.44889 -0.8065 -0.388229 1.16213 -13.3964 -0.356364 0.59675 -0.5 -1.0336 0.969948 -13.4376 0.84 0.14 -13.489 -1.36249 -1.21244 -12.1676 0.42 -2.12176 -13.5 1.225 1.3 -13.4598 2.25167 -1.3523 -13.5 -0.362347 1.29904 -9.99 0.75 0.390849 -10.0338 1.45867 1.65501 -10.45 -0.44346 -1.65501 -10.45 0.44346 -1.29904 -9.99 -0.75 -0.390849 -10.0338 -1.45867 0.388229 -0.8065 -1.44889 1.21244 -12.1676 -0.42 1.21244 -13.4376 -0.42 -1.91612 -13.35 1.91612 2.19537 -10.5 1.2675 -2.19537 -10.5 -1.2675 1.29904 -0.8065 -0.75 1.23744 -10.4866 -1.23744 -1.23744 -10.4866 1.23744 2.12176 -13.5 -1.225 1.3523 -13.5 0.362347 -1.73241 -13.5 -1.73241 -0.889683 -13.3964 0.828249 -1.0336 -0.5 0.59675 1.1935 -0.5 2.19242e-16 -0.889683 -12.1264 0.828249 1.45867 -10.0338 -0.390849 0 -0.5 -1.1935 -0.889683 -13.3964 -0.828249 -1.45867 -10.0338 0.390849 -0.889683 -12.1264 -0.828249 1.91612 -13.35 -1.91612 -0.989949 -13.5 0.989949 -1.29904 -0.8065 -0.75 -0.711752 -13.2 2.6563 0.889683 -12.1264 -0.828249 0.388229 -9.99 -1.44889 -2.36652 -13.5 -0.634107 1.75 -10.4866 3.33067e-16 -1.75 -10.4866 -9.71445e-17 1.73241 -13.5 1.73241 0.889683 -13.3964 -0.828249 -0.388229 -9.99 1.44889 0.889683 -12.1264 0.828249 1.45136 -10.0125 0.388892 -0.711752 -10.715 2.6563 0.711752 -10.715 -2.6563 1.06782 -10.0338 1.06782 -1.45136 -10.0125 -0.388892 0.889683 -13.3964 0.828249 1.29904 -9.99 -0.75 -1.06782 -10.0338 -1.06782 -2.75 -13.2 -2.77556e-16 -1.29904 -9.99 0.75 1.73867 -10.5 -0.465874 -1.73867 -10.5 0.465874 0.989949 -13.5 -0.989949 0 -13.5 -1.4 0.711752 -13.2 -2.6563 0 -12.23 -1.4 -2.75 -10.715 -2.22045e-16 2.36652 -13.5 0.634107 0.388892 -10.0125 -1.45136 2.75 -10.715 4.996e-16 2.44862 -10.5 0.656106 -2.44862 -10.5 -0.656106 -0.59675 -0.5 1.0336 -0.388892 -10.0125 1.45136 -2.51141 -13.4598 0.67293 -1.94454 -13.2 -1.94454 -1.94289e-16 -0.8065 1.5 2.75 -13.2 4.996e-16 1.8 -10.5 3.05311e-16 -1.8 -10.5 -1.11022e-16 -1.52656e-16 -12.23 1.4 -0.388229 -0.8065 1.44889 -1.94454 -10.715 -1.94454 1.48101 -10.4438 -0.855062 -1.48101 -10.4438 0.855062 -1.11022e-16 -13.5 1.4 1.94454 -10.715 1.94454 1.30126 -10.0125 0.751282 0.755062 -10.0338 1.30781 0.9 -10.5 1.55885 -0.9 -10.5 -1.55885 -1.30126 -10.0125 -0.751282 -0.755062 -10.0338 -1.30781 -0.272443 -13.3964 1.18461 -1.29904 -0.8065 0.75 1.94454 -13.2 1.94454 2.51141 -13.4598 -0.67293 1.69037 -10.4866 -0.452933 -0.272443 -12.1264 1.18461 -1.69037 -10.4866 0.452933 -1.1935 -0.5 -7.30808e-17 1.27279 -10.5 -1.27279 -1.27279 -10.5 1.27279 -1.94289e-16 -9.99 1.5 -1.66533e-16 -10.0125 1.50256 1.48101 -10.4438 0.855062 0.272443 -12.1264 -1.18461 -1.48101 -10.4438 -0.855062 2.77556e-17 -9.99 -1.5 -1.94289e-16 -10.0338 1.51012 2.77556e-17 -10.0125 -1.50256 -0.362347 -13.5 -1.3523 0.272443 -13.3964 -1.18461 0.75 -0.8065 -1.29904 2.77556e-17 -10.0338 -1.51012 -1.24995 -13.489 0.56 -0.299303 -13.3594 -1.11702 0.843932 -0.5 -0.843932 -1.24995 -12.219 0.56 -0.299303 -12.0894 -1.11702 -1.3 -13.4598 2.25167 0.299303 -12.0894 1.11702 1.24995 -12.219 -0.56 0.362347 -13.5 1.3523 1.30126 -10.0125 -0.751282 0.390849 -10.0338 -1.45867 0.843932 -0.5 0.843932 -0.7 -13.5 1.21244 -1.30126 -10.0125 0.751282 0.299303 -13.3594 1.11702 1.24995 -13.489 -0.56 1.51554 -10.4866 -0.875 -1.51554 -10.4866 0.875 -0.390849 -10.0338 1.45867 2.77556e-17 -0.8065 -1.5 -1.11702 -13.3594 0.299303 -0.9 -10.5 1.55885 0.9 -10.5 -1.55885 0.75 -9.99 -1.29904 -1.11702 -12.0894 0.299303 -0.75 -9.99 1.29904 1.3 -13.4598 -2.25167 0.59675 -0.5 1.0336 </float_array>
          <technique_common>
            <accessor source="#_ISO_14579_M3x10_10000040_0-vertex-array" count="523" stride="3">
              <param name="X" type="float"/>
              <param name="Y" type="float"/>
              <param name="Z" type="float"/>
            </accessor>
          </technique_common>
        </source>
        <source id="_ISO_14579_M3x10_10000040_0-normal">
          <float_array id="_ISO_14579_M3x10_10000040_0-normal-array" count="1269">0.903576 0.331307 -0.242113 -0.903576 0.331307 0.242113 -0.609736 0.704063 0.352031 -3.72529e-09 -0.864155 -1.24176e-09 0 1 0 0 -1 0 0.204608 0.58521 -0.763608 0.684633 0.58521 0.395273 0.129334 0.965366 0.224014 -0.129334 -0.965366 -0.224014 -0.204608 0.58521 0.763608 0.679045 0.221784 -0.679045 -0.684633 0.58521 -0.395273 -0.192576 -0.864155 -0.46492 -0.679045 0.221784 0.679045 0.129334 -0.965366 0.224014 -0.129334 0.965366 -0.224014 0.467726 0.331307 0.810124 0.192576 -0.864155 0.46492 -0.467726 0.331307 -0.810124 -0.182907 -0.965366 0.182907 0.182907 0.965366 -0.182907 0.467726 0.331307 -0.810124 0.831657 0.221784 0.480157 -0.831657 0.221784 -0.480157 -0.467726 0.331307 0.810124 -0.182907 0.965366 0.182907 0.182907 -0.965366 -0.182907 -0.05698 0 -0.977689 0.05698 0 0.977689 -0.256605 0 0.957662 0.256605 0 -0.957662 0.497847 0.704063 -0.497847 -0.497847 0.704063 0.497847 0.759529 0.466357 -0.438514 0.696626 0.112261 -0.696626 -0.759529 0.466357 0.438514 0.935451 0.331307 0 -0.696626 0.112261 0.696626 -0.935451 0.331307 0 -0.858616 0 0.495722 0.858616 0 -0.495722 0.352031 0.704063 -0.609736 -0.352031 0.704063 0.609736 -0.802816 -0.480407 -0.215114 0.985178 0.112261 0 -0.985178 0.112261 0 0.631122 0.435386 -0.631122 0.802816 -0.480407 0.215114 -0.631122 0.435386 0.631122 0.254983 0.112261 0.951609 -0.254983 0.112261 -0.951609 -0.875194 0 0.439498 0.875194 0 -0.439498 0 0.965366 0.258669 0 -0.965366 -0.258669 0.810124 0.331307 -0.467726 -0.810124 0.331307 0.467726 0 -0.965366 0.258669 0 0.965366 -0.258669 -0.12913 -0.864155 -0.48192 -0.399236 -0.864155 0.306344 0.12913 -0.864155 0.48192 -0.719785 -0.480407 -0.415568 0.399236 -0.864155 -0.306344 0.719785 -0.480407 0.415568 -0.249855 -0.965366 0.0669484 0.249855 0.965366 -0.0669484 -0.432078 -0.864155 0.24946 -0.249855 0.965366 0.0669484 0.249855 -0.965366 -0.0669484 0.701057 0 0.701057 -0.701057 0 -0.701057 0.242113 0.331307 -0.903576 0.432078 -0.864155 -0.24946 0.438514 0.466357 0.759529 -0.587702 -0.480407 -0.587702 0.620153 0.466357 0.620153 -0.242113 0.331307 0.903576 -0.438514 0.466357 -0.759529 0.587702 -0.480407 0.587702 -0.620153 0.466357 -0.620153 0.0669484 0.965366 0.249855 -0.0669484 -0.965366 -0.249855 0.951609 0.112261 0.254983 0.144859 0 -0.989452 -0.144859 0 0.989452 -0.951609 0.112261 -0.254983 0.0669484 -0.965366 0.249855 -0.0669484 0.965366 -0.249855 0.256605 0 0.957662 -0.256605 0 -0.957662 0.790546 0.58521 -1.86265e-09 -0.46492 -0.864155 0.192576 -0.790546 0.58521 0 0.784461 0 0.620178 -0.784461 0 -0.620178 0.46492 -0.864155 -0.192576 -0.818214 0 -0.538191 0.818214 0 0.538191 0.182907 0.965366 0.182907 -0.182907 -0.965366 -0.182907 0.182907 -0.965366 0.182907 -0.182907 0.965366 -0.182907 0.249855 0.965366 0.0669484 -0.249855 -0.965366 -0.0669484 0 0.834714 0.481366 0 -0.834714 -0.481366 -0.416875 -0.834714 0.240683 0.416875 0.834714 -0.240683 -0.957662 0 0.256605 0.957662 0 -0.256605 0.903576 0.331307 0.242113 0.249855 -0.965366 0.0669484 -0.249855 0.965366 -0.0669484 -0.464964 -0.834714 0.124587 0.464964 0.834714 -0.124587 0.438514 0.466357 -0.759529 0 -0.834714 0.481366 0 0.834714 -0.481366 0 -0.864155 -0.49892 -0.903576 0.331307 -0.242113 -0.416875 0.834714 0.240683 0.416875 -0.834714 -0.240683 -0.438514 0.466357 0.759529 -0.464964 0.834714 0.124587 0.464964 -0.834714 -0.124587 -0.0656841 -0.864155 -0.49892 0 -0.864155 0.49892 -0.35279 -0.864155 0.35279 -0.124587 -0.834714 0.464964 0.124587 0.834714 -0.464964 0.0656841 -0.864155 0.49892 0.35279 -0.864155 -0.35279 -0.124587 0.834714 0.464964 0.124587 -0.834714 -0.464964 0.242113 0.331307 0.903576 -0.48192 -0.864155 0.12913 -0.242113 0.331307 -0.903576 0.226992 0.466357 -0.847145 -0.925559 -0.256751 0.248003 -0.226992 0.466357 0.847145 0.48192 -0.864155 -0.12913 0.925559 -0.256751 -0.248003 -0.836516 0 -0.482963 0.836516 0 0.482963 -0.829833 -0.256751 0.479105 0.829833 -0.256751 -0.479105 -0.701057 0 0.701057 0.701057 0 -0.701057 0.226992 0.466357 0.847145 -0.226992 0.466357 -0.847145 0.853189 0.112261 0.492589 -0.481366 -0.834714 0 0.481366 0.834714 0 -0.853189 0.112261 -0.492589 -0.481366 0.834714 0 0.481366 -0.834714 -9.31323e-10 0.680072 0.704063 -0.182225 -0.680072 0.704063 0.182225 -0.49892 -0.864155 0.0656841 0.49892 -0.864155 -0.0656841 0 0.704063 0.704063 0.609736 0.704063 0.352031 -0.240683 -0.834714 0.416875 0.240683 0.834714 -0.416875 0 0.704063 -0.704063 -0.609736 0.704063 -0.352031 -0.240683 0.834714 0.416875 0.240683 -0.834714 -0.416875 -0.144859 0 -0.989452 0.144859 0 0.989452 -0.49892 -0.864155 0 0.772964 0.435386 0.446271 -0.306344 -0.864155 0.399236 0.464964 0.834714 0.124587 -0.464964 -0.834714 -0.124587 -0.772964 0.435386 -0.446271 0.559 0.58521 0.559 0.49892 -0.864155 0 0.306344 -0.864155 -0.399236 0.464964 -0.834714 0.124587 -0.464964 0.834714 -0.124587 0.927592 0.221784 -0.248548 -0.559 0.58521 -0.559 -0.192576 -0.864155 0.46492 -0.927592 0.221784 0.248548 0.831657 0.221784 -0.480157 -0.831657 0.221784 0.480157 0.620153 0.466357 -0.620153 0.892542 0.435386 0 0.192576 -0.864155 -0.46492 -0.620153 0.466357 0.620153 0.862129 0.435386 -0.231007 0.763608 0.58521 -0.204608 0 0.58521 0.790546 -0.892542 0.435386 0 -0.862129 0.435386 0.231007 -0.958209 -0.256751 0 -0.24946 -0.864155 -0.432078 -0.763608 0.58521 0.204608 0.958209 -0.256751 0 0 0.58521 -0.790546 -0.49892 -0.864155 -0.0656841 -0.48192 -0.864155 -0.12913 -0.46492 -0.864155 -0.192576 0.24946 -0.864155 0.432078 0.92932 0 -0.369274 -0.92932 0 0.369274 0.49892 -0.864155 0.0656841 0.48192 -0.864155 0.12913 0.46492 -0.864155 0.192576 -0.784461 0 0.620178 0.784461 0 -0.620178 0 -0.480407 -0.831136 -0.587702 -0.480407 0.587702 0 -0.480407 0.831136 -0.991445 0 0 0.991445 0 0 0.587702 -0.480407 -0.587702 -0.432078 -0.864155 -0.24946 0.877029 0.466357 0 0.432078 -0.864155 0.24946 0 0.466357 0.877029 -0.877029 0.466357 0 0.182225 0.704063 0.680072 0 0.466357 -0.877029 0.395273 0.58521 0.684633 -0.182225 0.704063 -0.680072 0.684633 0.58521 -0.395273 0 0.435386 0.892542 0.492589 0.112261 -0.853189 -0.492589 0.112261 0.853189 -0.395273 0.58521 -0.684633 0 0.435386 -0.892542 -0.684633 0.58521 0.395273 -0.399236 -0.864155 -0.306344 0.399236 -0.864155 0.306344 -0.340377 -0.834714 0.340377 0.340377 0.834714 -0.340377 0.847145 0.466357 -0.226992 0 0.331307 0.935451 -0.847145 0.466357 0.226992 -0.248003 -0.256751 0.925559 0.231007 0.435386 -0.862129 -0.340377 0.834714 0.340377 0.340377 -0.834714 -0.340377 0 0.331307 -0.935451 0.248003 -0.256751 -0.925559 -0.231007 0.435386 0.862129 -0.12913 -0.864155 0.48192 0 -0.256751 -0.958209 0 0.221784 0.960314 0.492589 0.112261 0.853189 0.416875 0.834714 0.240683 -0.416875 -0.834714 -0.240683 0 -0.256751 0.958209 -0.492589 0.112261 -0.853189 0 0.221784 -0.960314 -0.224014 -0.965366 0.129334 0.224014 0.965366 -0.129334 0 0 -0.965926 0 0 0.965926 0.12913 -0.864155 -0.48192 0.416875 -0.834714 0.240683 -0.416875 0.834714 -0.240683 -0.224014 0.965366 0.129334 0.224014 -0.965366 -0.129334 0 0.112261 0.985178 0 0.112261 -0.985178 0.248548 0.221784 -0.927592 0 0 0.991445 0 0 -0.991445 -0.248548 0.221784 0.927592 0.957662 0 0.256605 -0.957662 0 -0.256605 0.818214 0 -0.538191 -0.818214 0 0.538191 0.960314 0.221784 0 -0.960314 0.221784 0 0.680072 0.704063 0.182225 -0.215114 -0.480407 -0.802816 0.215114 -0.480407 0.802816 0.759529 0.466357 0.438514 0.231007 0.435386 0.862129 -0.680072 0.704063 -0.182225 -0.231007 0.435386 -0.862129 -0.759529 0.466357 -0.438514 -0.215114 -0.480407 0.802816 -0.925559 -0.256751 -0.248003 0.215114 -0.480407 -0.802816 0.925559 -0.256751 0.248003 -0.719785 -0.480407 0.415568 0.719785 -0.480407 -0.415568 0.497847 0.704063 0.497847 0.875194 0 0.439498 -0.875194 0 -0.439498 -0.497847 0.704063 -0.497847 -0.0656841 -0.864155 0.49892 -0.248003 -0.256751 -0.925559 0.182225 0.704063 -0.680072 0.248003 -0.256751 0.925559 0.395273 0.58521 -0.684633 0.446271 0.435386 0.772964 0.858616 0 0.495722 -0.858616 0 -0.495722 0.0656841 -0.864155 -0.49892 -0.395273 0.58521 0.684633 -0.182225 0.704063 0.680072 -0.446271 0.435386 -0.772964 -0.831136 -0.480407 0 0.763608 0.58521 0.204608 0.810124 0.331307 0.467726 0.831136 -0.480407 0 -0.495722 0 0.858616 0.495722 0 -0.858616 -0.810124 0.331307 -0.467726 -0.479105 -0.256751 0.829833 0.248548 0.221784 0.927592 -0.763608 0.58521 -0.204608 0.479105 -0.256751 -0.829833 -0.248548 0.221784 -0.927592 -0.35279 -0.864155 -0.35279 0.224014 0.965366 0.129334 -0.224014 -0.965366 -0.129334 -0.479105 -0.256751 -0.829833 0.479105 -0.256751 0.829833 -0.129334 -0.965366 0.224014 0.129334 0.965366 -0.224014 0.35279 -0.864155 0.35279 0.224014 -0.965366 0.129334 -0.224014 0.965366 -0.129334 0.862129 0.435386 0.231007 0.836516 0 -0.482963 -0.836516 0 0.482963 -0.129334 0.965366 0.224014 0.129334 -0.965366 -0.224014 0.446271 0.435386 -0.772964 -0.862129 0.435386 -0.231007 0.927592 0.221784 0.248548 -0.677556 -0.256751 -0.677556 -0.927592 0.221784 -0.248548 -0.446271 0.435386 0.772964 0.677556 -0.256751 0.677556 0.853189 0.112261 -0.492589 0.559 0.58521 -0.559 0.661464 0.331307 0.661464 -0.853189 0.112261 0.492589 -0.661464 0.331307 -0.661464 0.495722 0 0.858616 -0.495722 0 -0.858616 -0.559 0.58521 0.559 -0.258669 -0.965366 0 0.258669 0.965366 0 -0.258669 0.965366 0 0.258669 -0.965366 0 0.480157 0.221784 -0.831657 -0.480157 0.221784 0.831657 -0.415568 -0.480407 -0.719785 0.415568 -0.480407 0.719785 0.480157 0.221784 0.831657 -0.480157 0.221784 -0.831657 0.847145 0.466357 0.226992 -0.847145 0.466357 -0.226992 0.352031 0.704063 0.609736 0.679045 0.221784 0.679045 -0.679045 0.221784 -0.679045 -0.352031 0.704063 -0.609736 -0.802816 -0.480407 0.215114 0.802816 -0.480407 -0.215114 0.05698 0 -0.977689 -0.05698 0 0.977689 0.124587 0.834714 0.464964 -0.124587 -0.834714 -0.464964 0.124587 -0.834714 0.464964 -0.124587 0.834714 -0.464964 0.772964 0.435386 -0.446271 0.631122 0.435386 0.631122 -0.772964 0.435386 0.446271 -0.631122 0.435386 -0.631122 -0.415568 -0.480407 0.719785 0.951609 0.112261 -0.254983 -0.951609 0.112261 0.254983 -0.0669484 -0.965366 0.249855 0.0669484 0.965366 -0.249855 0.415568 -0.480407 -0.719785 -0.306344 -0.864155 -0.399236 0.240683 0.834714 0.416875 -0.240683 -0.834714 -0.416875 -0.0669484 0.965366 0.249855 -0.677556 -0.256751 0.677556 0.0669484 -0.965366 -0.249855 -0.829833 -0.256751 -0.479105 0.677556 -0.256751 -0.677556 0.829833 -0.256751 0.479105 0.696626 0.112261 0.696626 -0.696626 0.112261 -0.696626 -0.92932 0 -0.369274 0.92932 0 0.369274 0.306344 -0.864155 0.399236 0.240683 -0.834714 0.416875 -0.240683 0.834714 -0.416875 0.204608 0.58521 0.763608 0.965926 0 0 -0.965926 0 0 -0.24946 -0.864155 0.432078 -0.204608 0.58521 -0.763608 0.661464 0.331307 -0.661464 0.482963 0 -0.836516 -0.482963 0 0.836516 0.24946 -0.864155 -0.432078 0.704063 0.704063 0 -0.661464 0.331307 0.661464 -0.704063 0.704063 0 0.340377 0.834714 0.340377 -0.340377 -0.834714 -0.340377 0.254983 0.112261 -0.951609 -0.254983 0.112261 0.951609 0.340377 -0.834714 0.340377 -0.340377 0.834714 -0.340377 -0.482963 0 -0.836516 0.482963 0 0.836516 0.609736 0.704063 -0.352031 </float_array>
          <technique_common>
            <accessor source="#_ISO_14579_M3x10_10000040_0-normal-array" count="423" stride="3">
              <param name="X" type="float"/>
              <param name="Y" type="float"/>
              <param name="Z" type="float"/>
            </accessor>
          </technique_common>
        </source>
        <vertices id="_ISO_14579_M3x10_10000040_0-vertex-obj">
          <input semantic="POSITION" source="#_ISO_14579_M3x10_10000040_0-vertex"/>
        </vertices>
        <triangles material="Nr10000040_0Mat0" count="1040">
          <input semantic="VERTEX" source="#_ISO_14579_M3x10_10000040_0-vertex-obj" offset="0"/>
          <input semantic="NORMAL" source="#_ISO_14579_M3x10_10000040_0-normal" offset="1"/>
          <p>232 5 137 5 67 5 67 5 137 5 241 5 67 5 241 5 25 5 25 5 241 5 360 5 25 5 360 5 407 5 407 5 360 5 443 5 407 5 443 5 491 5 442 5 0 5 405 5 405 5 0 5 152 5 405 5 152 5 360 5 360 5 152 5 443 5 229 5 163 5 44 5 44 5 163 5 304 5 44 5 304 5 405 5 405 5 304 5 442 5 23 5 220 5 447 5 447 5 220 5 406 5 447 5 406 5 280 5 280 5 406 5 229 5 280 5 229 5 44 5 465 5 503 5 132 5 132 5 503 5 237 5 132 5 237 5 447 5 447 5 237 5 23 5 426 5 49 5 332 5 426 5 332 5 387 5 426 5 387 5 465 5 426 5 465 5 132 5 111 5 407 5 491 5 111 5 491 5 219 5 111 5 219 5 5 5 111 5 5 5 205 5 111 5 205 5 423 5 389 5 216 5 257 5 389 5 257 5 423 5 389 5 423 5 205 5 150 5 281 5 15 5 150 5 15 5 257 5 150 5 257 5 216 5 281 5 418 5 15 5 15 5 418 5 507 5 15 5 507 5 387 5 387 5 507 5 134 5 387 5 134 5 465 5 255 5 117 5 75 5 75 5 117 5 225 5 75 5 225 5 49 5 49 5 225 5 332 5 99 4 334 4 246 4 99 4 246 4 522 4 99 4 522 4 506 4 99 4 506 4 193 4 99 4 193 4 240 4 99 4 240 4 410 4 99 4 410 4 65 4 99 4 65 4 330 4 99 4 330 4 497 4 99 4 497 4 383 4 99 4 383 4 52 4 99 4 52 4 413 4 99 4 413 4 316 4 99 4 316 4 66 4 99 4 66 4 50 4 99 4 50 4 254 4 99 4 254 4 312 4 99 4 312 4 480 4 99 4 480 4 113 4 99 4 113 4 409 4 99 4 409 4 32 4 99 4 32 4 452 4 273 4 267 4 277 4 277 4 267 4 363 4 277 4 363 4 10 4 10 4 363 4 61 4 10 4 61 4 155 4 155 4 61 4 180 4 155 4 180 4 517 4 251 4 401 4 228 4 251 4 228 4 470 4 251 4 470 4 245 4 251 4 245 4 61 4 251 4 61 4 363 4 441 4 459 4 379 4 379 4 459 4 204 4 379 4 204 4 451 4 451 4 204 4 352 4 451 4 352 4 401 4 401 4 352 4 228 4 516 4 482 4 105 4 105 4 482 4 306 4 105 4 306 4 31 4 31 4 306 4 441 4 31 4 441 4 379 4 362 4 250 4 9 4 9 4 250 4 60 4 9 4 60 4 154 4 154 4 60 4 179 4 154 4 179 4 105 4 105 4 179 4 516 4 440 4 30 4 305 4 305 4 30 4 104 4 305 4 104 4 481 4 481 4 104 4 155 4 481 4 155 4 517 4 227 4 400 4 351 4 351 4 400 4 450 4 351 4 450 4 203 4 203 4 450 4 378 4 203 4 378 4 458 4 458 4 378 4 30 4 458 4 30 4 440 4 60 4 250 4 244 4 244 4 250 4 400 4 244 4 400 4 469 4 469 4 400 4 227 4 276 4 272 4 266 4 276 4 266 4 362 4 276 4 362 4 9 4 449 218 457 218 370 111 449 218 370 111 353 111 457 201 206 313 167 369 457 201 167 369 370 143 476 126 369 157 280 355 476 126 280 355 44 70 378 411 449 411 353 158 378 411 353 158 30 158 167 369 206 313 369 157 167 369 369 157 476 126 2 3 1 137 207 160 2 3 207 160 285 172 374 96 382 96 6 96 374 96 6 96 212 296 374 96 212 296 207 296 374 96 207 296 1 96 290 404 285 404 207 296 290 404 207 296 212 296 163 137 229 172 290 172 163 137 290 172 212 160 163 137 212 160 6 137 242 218 274 218 84 111 242 218 84 111 69 111 410 411 242 411 69 158 410 411 69 158 65 158 296 92 424 154 477 116 296 92 477 116 392 194 424 154 458 353 440 67 424 154 440 67 477 116 183 221 296 92 392 194 183 221 392 194 275 240 77 190 183 190 275 193 77 190 275 193 412 193 368 278 77 37 412 0 368 278 412 0 166 183 274 45 368 278 166 183 274 45 166 183 84 381 353 111 370 111 265 41 353 111 265 41 262 41 167 369 213 293 265 147 167 369 265 147 370 143 476 126 44 70 405 267 476 126 405 267 329 123 104 422 30 158 353 158 104 422 353 158 262 422 167 369 476 126 329 123 167 369 329 123 213 293 301 68 502 93 397 93 301 68 397 93 374 93 301 68 374 93 1 137 301 68 1 137 2 3 382 96 374 96 397 296 382 96 397 296 398 296 502 404 510 404 398 296 502 404 398 296 397 296 510 404 502 404 301 334 510 404 301 334 304 334 163 137 6 137 382 93 163 137 382 93 398 93 163 137 398 93 510 93 163 137 510 93 304 93 69 111 84 111 436 41 69 111 436 41 402 41 330 422 65 158 69 158 330 422 69 158 402 422 20 229 392 194 477 116 20 229 477 116 511 109 511 109 477 116 440 67 511 109 440 67 305 260 463 34 275 240 392 194 463 34 392 194 20 229 172 376 412 193 275 193 172 376 275 193 463 376 412 0 172 56 504 187 412 0 504 187 166 183 84 381 166 183 504 187 84 381 504 187 436 344 262 41 265 41 256 149 262 41 256 149 249 149 213 293 417 219 256 393 213 293 256 393 265 147 329 123 405 267 360 27 329 123 360 27 63 246 155 32 104 422 262 422 155 32 262 422 249 32 213 293 329 123 63 246 213 293 63 246 417 219 210 129 359 61 130 61 210 129 130 61 301 68 210 129 301 68 2 3 367 371 359 371 421 171 367 371 421 171 427 171 215 171 427 171 210 171 215 171 210 171 119 371 215 171 119 371 125 371 210 171 427 171 421 171 359 371 367 371 135 409 359 371 135 409 130 409 130 409 135 409 304 334 130 409 304 334 301 334 442 129 304 61 135 61 442 129 135 61 367 61 442 129 367 61 427 61 442 129 427 61 215 129 402 41 436 41 51 149 402 41 51 149 13 149 497 32 330 422 402 422 497 32 402 422 13 32 97 345 20 229 511 109 97 345 511 109 403 239 403 239 511 109 305 260 403 239 305 260 481 21 463 34 20 229 97 345 463 34 97 345 39 189 172 376 463 376 39 47 172 376 39 47 259 47 172 56 259 407 88 11 172 56 88 11 504 187 436 344 504 187 88 11 436 344 88 11 51 35 249 149 256 149 238 315 249 149 238 315 231 315 417 219 139 385 238 320 417 219 238 320 256 393 521 169 63 246 360 27 521 169 360 27 241 336 155 32 249 32 231 42 155 32 231 42 10 42 139 385 417 219 63 246 139 385 63 246 521 169 2 3 124 405 119 174 2 3 119 174 210 129 124 409 128 409 125 371 124 409 125 371 119 371 0 405 442 129 215 129 0 405 215 129 125 174 0 405 125 174 128 405 13 149 51 149 518 315 13 149 518 315 493 315 497 32 13 32 493 42 497 32 493 42 383 42 97 345 403 239 234 165 97 345 234 165 188 302 403 239 481 21 517 328 403 239 517 328 234 165 39 189 97 345 188 302 39 189 188 302 144 117 259 47 39 47 144 337 259 47 144 337 142 337 259 407 142 22 35 356 259 407 35 356 88 11 51 35 88 11 35 356 51 35 35 356 518 231 231 315 238 315 444 31 231 315 444 31 432 31 139 385 109 290 444 248 139 385 444 248 238 320 241 336 137 391 283 135 241 336 283 135 521 169 10 42 231 42 432 300 10 42 432 300 277 300 109 290 139 385 521 169 109 290 521 169 283 135 2 3 307 250 87 185 2 3 87 185 124 405 486 208 492 208 308 208 486 208 308 208 93 277 486 208 93 277 87 277 486 208 87 277 307 208 128 409 124 409 87 277 128 409 87 277 93 277 152 250 0 405 128 405 152 250 128 405 93 185 152 250 93 185 308 250 493 315 518 315 422 31 493 315 422 31 396 31 383 42 493 42 396 300 383 42 396 300 52 300 188 302 234 165 313 131 188 302 313 131 33 6 234 165 517 328 180 384 234 165 180 384 313 131 144 117 188 302 33 6 144 117 33 6 3 139 142 337 144 337 3 244 142 337 3 244 505 244 35 356 142 22 505 73 35 356 505 73 448 270 518 231 35 356 448 270 518 231 448 270 422 416 432 31 444 31 331 272 432 31 331 272 343 272 331 251 444 248 109 290 331 251 109 290 323 214 137 391 232 55 292 107 137 391 292 107 283 135 277 300 432 300 343 166 277 300 343 166 273 166 323 214 109 290 283 135 323 214 283 135 292 107 445 128 377 298 17 298 445 128 17 298 486 298 445 128 486 298 307 250 445 128 307 250 2 3 492 208 486 208 17 277 492 208 17 277 29 277 377 409 385 409 29 277 377 409 29 277 17 277 385 409 377 409 445 262 385 409 445 262 443 262 152 250 308 250 492 298 152 250 492 298 29 298 152 250 29 298 385 298 152 250 385 298 443 298 396 31 422 31 488 272 396 31 488 272 514 272 52 300 396 300 514 166 52 300 514 166 413 166 33 6 313 131 41 119 33 6 41 119 27 202 313 131 180 384 61 59 313 131 61 59 41 119 3 139 33 6 27 202 3 139 27 202 21 226 505 244 3 244 21 234 505 244 21 234 494 234 448 270 505 73 494 247 448 270 494 247 490 258 422 416 448 270 490 258 422 416 490 258 488 269 343 272 331 272 28 91 343 272 28 91 36 91 331 251 323 214 191 281 331 251 191 281 28 299 292 107 232 55 67 83 292 107 67 83 302 373 273 166 343 166 36 228 273 166 36 228 267 228 323 214 292 107 302 373 323 214 302 373 191 281 445 128 2 3 499 62 445 128 499 62 164 132 445 128 164 132 284 132 445 128 284 132 176 132 279 99 171 421 176 421 279 99 176 421 284 99 176 421 171 421 443 262 176 421 443 262 445 262 279 99 284 99 164 398 279 99 164 398 162 398 226 99 224 99 496 398 226 99 496 398 162 398 226 99 162 398 164 398 226 99 164 398 499 398 491 62 443 132 171 132 491 62 171 132 279 132 491 62 279 132 162 132 491 62 162 132 496 62 514 272 488 272 300 91 514 272 300 91 324 91 413 166 514 166 324 228 413 166 324 228 316 228 27 202 41 119 341 375 27 202 341 375 46 406 41 119 61 59 245 89 41 119 245 89 341 375 21 226 27 202 46 406 21 226 46 406 12 151 494 234 21 234 12 286 494 234 12 286 395 286 490 258 494 247 395 138 490 258 395 138 321 321 488 269 490 258 321 321 488 269 321 321 300 51 36 91 28 91 173 350 36 91 173 350 181 350 191 281 64 358 173 325 191 281 173 325 28 299 302 373 67 83 25 9 302 373 25 9 361 388 363 367 267 228 36 228 363 367 36 228 181 367 191 281 302 373 361 388 191 281 361 388 64 358 226 18 499 62 2 3 226 18 2 3 151 206 224 99 226 99 151 421 224 99 151 421 149 421 149 206 219 206 491 62 149 206 491 62 496 62 149 206 496 62 224 18 324 91 300 91 293 350 324 91 293 350 322 350 66 367 316 228 324 228 66 367 324 228 322 367 86 233 46 406 341 375 86 233 341 375 161 401 161 401 341 375 245 89 161 401 245 89 470 16 58 79 12 151 46 406 58 79 46 406 86 233 472 309 395 286 12 286 472 309 12 286 58 309 395 138 472 19 328 361 395 138 328 361 321 321 321 321 328 361 293 257 321 321 293 257 300 51 181 350 173 350 455 72 181 350 455 72 462 72 64 358 62 76 455 340 64 358 455 340 173 325 361 388 25 9 407 101 361 388 407 101 156 415 251 297 363 367 181 367 251 297 181 367 462 297 64 358 361 388 156 415 64 358 156 415 62 76 2 3 201 329 100 399 2 3 100 399 151 206 151 421 100 29 95 29 151 421 95 29 149 421 149 206 95 399 196 329 149 206 196 329 5 329 149 206 5 329 219 206 322 350 293 350 192 72 322 350 192 72 218 72 50 297 66 367 322 367 50 297 322 367 218 297 348 184 86 233 161 401 348 184 161 401 141 419 141 419 161 401 470 16 141 419 470 16 228 103 86 233 348 184 270 81 86 233 270 81 58 79 58 309 270 379 437 379 58 309 437 379 472 309 328 361 472 19 437 348 328 361 437 348 248 366 293 257 328 361 248 366 293 257 248 366 192 396 462 72 455 72 82 305 462 72 82 305 89 305 62 76 24 63 82 392 62 76 82 392 455 340 407 101 111 324 96 255 407 101 96 255 156 415 89 167 401 167 251 297 89 167 251 297 462 297 156 415 96 255 24 63 156 415 24 63 62 76 201 329 2 3 208 222 201 329 208 222 107 237 201 329 107 237 366 237 102 421 107 421 208 145 102 421 208 145 205 145 196 86 95 29 201 86 196 86 201 86 416 86 196 86 416 86 414 86 201 86 95 29 100 29 414 86 416 86 366 29 414 86 366 29 357 29 107 421 102 421 357 29 107 421 357 29 366 29 5 329 196 329 414 237 5 329 414 237 357 237 5 329 357 237 102 237 5 329 102 237 205 237 218 72 192 72 394 305 218 72 394 305 419 305 419 167 254 167 50 297 419 167 50 297 218 297 16 265 54 12 348 184 16 265 348 184 141 419 352 331 16 265 141 419 352 331 141 419 228 103 270 81 348 184 54 12 270 81 54 12 487 287 270 379 487 177 147 177 270 379 147 177 437 379 248 366 437 348 147 316 248 366 147 316 471 24 248 366 471 24 394 155 248 366 394 155 192 396 89 305 82 305 271 275 89 305 271 275 286 275 24 63 79 44 271 289 24 63 271 289 82 392 111 324 423 105 342 176 111 324 342 176 96 255 286 285 451 285 401 167 286 285 401 167 89 167 96 255 342 176 79 44 96 255 79 44 24 63 208 222 2 3 169 210 208 222 169 210 71 211 208 222 71 211 123 211 208 222 123 211 319 211 71 213 68 213 116 53 71 213 116 53 123 53 71 213 169 213 358 53 71 213 358 53 349 53 71 213 349 53 165 213 71 213 165 213 68 213 319 403 315 403 205 145 319 403 205 145 208 145 315 403 319 403 123 53 315 403 123 53 116 53 389 210 205 211 315 211 389 210 315 211 116 211 389 210 116 211 68 211 389 210 68 211 165 210 419 305 394 305 337 275 419 305 337 275 381 275 381 285 312 285 254 167 381 285 254 167 419 167 222 182 145 319 54 12 222 182 54 12 16 265 204 114 222 182 16 265 204 114 16 265 352 331 145 319 56 363 487 287 145 319 487 287 54 12 56 338 133 338 147 177 56 338 147 177 487 177 147 316 133 121 434 341 147 316 434 341 471 24 471 24 434 341 337 87 471 24 337 87 394 155 286 275 271 275 438 217 286 275 438 217 446 217 182 310 438 198 271 289 182 310 271 289 79 44 423 105 257 352 338 153 423 105 338 153 342 176 286 285 446 413 379 413 286 285 379 413 451 285 338 153 182 310 79 44 338 153 79 44 342 176 2 3 268 179 358 209 2 3 358 209 169 210 264 403 349 53 358 53 264 403 358 53 268 403 264 179 216 179 389 210 264 179 389 210 165 210 264 179 165 210 349 209 381 275 337 275 282 217 381 275 282 217 311 217 381 285 311 413 480 413 381 285 480 413 312 285 222 182 425 156 297 94 222 182 297 94 145 319 459 354 425 156 222 182 459 354 222 182 204 114 145 319 297 94 185 224 145 319 185 224 56 363 185 196 80 196 133 338 185 196 133 338 56 338 80 39 371 279 434 341 80 39 434 341 133 121 337 87 434 341 371 279 337 87 371 279 282 46 446 217 438 217 340 110 446 217 340 110 350 110 153 368 340 140 438 198 153 368 438 198 182 310 15 66 454 115 338 153 15 66 338 153 257 352 446 413 350 159 31 159 446 413 31 159 379 413 454 115 153 368 182 310 454 115 182 310 338 153 2 3 519 142 200 161 2 3 200 161 268 179 365 95 356 95 515 95 365 95 515 95 194 295 365 95 194 295 200 295 365 95 200 295 519 95 264 403 268 403 200 295 264 403 200 295 194 295 216 179 264 179 194 161 216 179 194 161 515 142 216 179 515 142 150 142 311 217 282 217 90 110 311 217 90 110 127 110 311 413 127 159 113 159 311 413 113 159 480 413 425 156 479 125 393 200 425 156 393 200 297 94 459 354 441 69 479 125 459 354 479 125 425 156 297 94 393 200 278 242 297 94 278 242 185 224 185 196 278 197 415 197 185 196 415 197 80 196 80 39 415 1 168 186 80 39 168 186 371 279 282 46 371 279 168 186 282 46 168 186 90 382 350 110 340 110 252 40 350 110 252 40 258 40 153 368 195 292 252 146 153 368 252 146 340 140 387 259 318 108 454 115 387 259 454 115 15 66 350 159 258 2 105 2 350 159 105 2 31 159 318 108 195 292 153 368 318 108 153 368 454 115 2 3 288 74 498 97 2 3 498 97 386 97 2 3 386 97 365 97 2 3 365 97 519 142 498 403 495 403 380 295 498 403 380 295 386 295 356 95 365 95 386 295 356 95 386 295 380 295 495 403 498 403 288 333 495 403 288 333 281 333 150 142 515 142 356 97 150 142 356 97 380 97 150 142 380 97 495 97 150 142 495 97 281 97 127 110 90 110 439 40 127 110 439 40 474 40 127 159 474 2 409 2 127 159 409 2 113 159 479 125 512 122 22 235 479 125 22 235 393 200 441 69 306 266 512 122 441 69 512 122 479 125 393 200 22 235 464 36 393 200 464 36 278 242 278 197 464 378 175 378 278 197 175 378 415 197 168 186 415 1 175 57 168 186 175 57 508 188 168 186 508 188 439 347 168 186 439 347 90 382 258 40 252 40 236 148 258 40 236 148 247 148 195 292 399 215 236 390 195 292 236 390 252 146 332 20 43 238 318 108 332 20 318 108 387 259 258 2 247 33 154 33 258 2 154 33 105 2 43 238 399 215 195 292 43 238 195 292 318 108 120 64 288 74 2 3 120 64 2 3 202 133 120 64 202 133 411 64 120 64 411 64 344 64 108 370 103 370 197 170 108 370 197 170 408 170 108 370 408 170 411 170 108 370 411 170 202 170 335 370 344 370 411 170 335 370 411 170 408 170 120 408 114 408 281 333 120 408 281 333 288 333 344 370 335 370 114 408 344 370 114 408 120 408 418 133 281 64 114 64 418 133 114 64 335 64 418 133 335 64 408 64 418 133 408 64 197 133 474 40 439 40 59 148 474 40 59 148 73 148 474 2 73 33 32 33 474 2 32 33 409 2 512 122 404 245 98 351 512 122 98 351 22 235 306 266 482 26 404 245 306 266 404 245 512 122 464 36 22 235 98 351 464 36 98 351 42 192 464 378 42 49 263 49 464 378 263 49 175 378 508 188 175 57 263 412 508 188 263 412 92 14 439 347 508 188 92 14 439 347 92 14 59 38 247 148 236 148 223 314 247 148 223 314 230 314 399 215 122 380 223 317 399 215 223 317 236 390 332 20 225 327 500 164 332 20 500 164 43 238 230 43 9 43 154 33 230 43 154 33 247 33 43 238 500 164 122 380 43 238 122 380 399 215 2 3 112 410 108 180 2 3 108 180 202 133 103 370 108 370 112 408 103 370 112 408 106 408 103 180 106 410 507 410 103 180 507 410 418 133 103 180 418 133 197 133 73 148 59 148 520 314 73 148 520 314 18 314 18 43 452 43 32 33 18 43 32 33 73 33 235 168 189 307 98 351 235 168 98 351 404 245 516 335 235 168 404 245 516 335 404 245 482 26 42 192 98 351 189 307 42 192 189 307 146 124 263 49 42 49 146 342 263 49 146 342 148 342 92 14 263 412 148 25 92 14 148 25 37 357 59 38 92 14 37 357 59 38 37 357 520 232 230 314 223 314 420 30 230 314 420 30 431 30 122 380 83 288 420 243 122 380 420 243 223 317 225 327 117 383 261 130 225 327 261 130 500 164 431 308 276 308 9 43 431 308 9 43 230 43 500 164 261 130 83 288 500 164 83 288 122 380 2 3 294 263 81 191 2 3 81 191 112 410 478 207 473 207 291 207 478 207 291 207 78 276 478 207 78 276 81 276 478 207 81 276 294 207 81 276 78 276 106 408 81 276 106 408 112 408 78 191 291 263 134 263 78 191 134 263 507 410 78 191 507 410 106 410 18 314 520 314 428 30 18 314 428 30 461 30 461 308 99 308 452 43 461 308 452 43 18 43 314 134 34 10 189 307 314 134 189 307 235 168 179 389 314 134 235 168 179 389 235 168 516 335 34 10 4 141 146 124 34 10 146 124 189 307 4 249 513 249 148 342 4 249 148 342 146 342 37 357 148 25 513 78 37 357 513 78 453 273 520 232 37 357 453 273 520 232 453 273 428 417 431 30 420 30 354 271 431 30 354 271 345 271 83 288 336 216 354 256 83 288 354 256 420 243 117 383 255 58 309 118 117 383 309 118 261 130 345 162 272 162 276 308 345 162 276 308 431 308 309 118 336 216 83 288 309 118 83 288 261 130 2 3 460 120 364 306 2 3 364 306 8 306 2 3 8 306 478 306 2 3 478 306 294 263 8 276 7 276 473 207 8 276 473 207 478 207 7 276 8 276 364 408 7 276 364 408 355 408 355 408 364 408 460 261 355 408 460 261 465 261 134 263 291 263 473 306 134 263 473 306 7 306 134 263 7 306 355 306 134 263 355 306 465 306 461 30 428 30 483 271 461 30 483 271 456 271 456 162 334 162 99 308 456 162 99 308 461 308 40 106 26 195 34 10 40 106 34 10 314 134 179 389 60 54 40 106 179 389 40 106 314 134 26 195 19 223 4 141 26 195 4 141 34 10 4 249 19 230 489 230 4 249 489 230 513 249 513 78 489 241 484 252 513 78 484 252 453 273 428 417 453 273 484 252 428 417 484 252 483 268 345 271 354 271 48 90 345 271 48 90 38 90 211 282 48 301 354 256 211 282 354 256 336 216 75 88 320 374 309 118 75 88 309 118 255 58 345 162 38 225 266 225 345 162 266 225 272 162 320 374 211 282 336 216 320 374 336 216 309 118 2 3 501 60 174 127 2 3 174 127 299 127 2 3 299 127 190 127 2 3 190 127 460 120 174 397 177 397 303 98 174 397 303 98 299 98 233 98 239 98 509 397 233 98 509 397 177 397 233 98 177 397 174 397 233 98 174 397 501 397 190 420 199 420 465 261 190 420 465 261 460 261 199 420 190 420 299 98 199 420 299 98 303 98 503 60 465 127 199 127 503 60 199 127 303 127 503 60 303 127 177 127 503 60 177 127 509 60 456 271 483 271 295 90 456 271 295 90 260 90 456 162 260 225 246 225 456 162 246 225 334 162 40 106 339 372 45 402 40 106 45 402 26 195 60 54 244 82 339 372 60 54 339 372 40 106 26 195 45 402 11 150 26 195 11 150 19 223 19 230 11 284 391 284 19 230 391 284 489 230 489 241 391 136 317 318 489 241 317 318 484 252 483 268 484 252 317 318 483 268 317 318 295 50 38 90 48 90 198 349 38 90 198 349 186 349 211 282 72 359 198 326 211 282 198 326 48 301 49 15 388 400 320 374 49 15 320 374 75 88 38 225 186 364 362 364 38 225 362 364 266 225 388 400 72 359 211 282 388 400 211 282 320 374 233 13 501 60 2 3 233 13 2 3 157 199 239 98 233 98 157 420 239 98 157 420 158 420 158 199 237 199 503 60 158 199 503 60 509 60 158 199 509 60 239 13 260 90 295 90 289 349 260 90 289 349 253 349 260 225 253 364 522 364 260 225 522 364 246 225 339 372 160 387 85 227 339 372 85 227 45 402 244 82 469 8 160 387 244 82 160 387 339 372 45 402 85 227 57 75 45 402 57 75 11 150 11 284 57 303 468 303 11 284 468 303 391 284 391 136 468 17 326 360 391 136 326 360 317 318 295 50 317 318 326 360 295 50 326 360 289 253 186 349 198 349 475 71 186 349 475 71 466 71 72 359 70 80 475 343 72 359 475 343 198 326 426 102 170 418 388 400 426 102 388 400 49 15 186 364 466 294 250 294 186 364 250 294 362 364 170 418 70 80 72 359 170 418 72 359 388 400 2 3 209 322 110 386 2 3 110 386 157 199 209 85 429 85 214 85 209 85 214 85 115 28 209 85 115 28 110 28 214 85 429 85 435 85 110 28 115 28 158 420 110 28 158 420 157 420 214 322 23 322 237 199 214 322 237 199 158 199 214 322 158 199 115 386 253 349 289 349 187 71 253 349 187 71 159 71 253 364 159 294 506 294 253 364 506 294 522 364 160 387 140 414 347 178 160 387 347 178 85 227 469 8 227 100 140 414 469 8 140 414 160 387 57 75 85 227 347 178 57 75 347 178 269 77 468 303 57 303 269 377 468 303 269 377 433 377 326 360 468 17 433 346 326 360 433 346 243 365 289 253 326 360 243 365 289 253 243 365 187 395 466 71 475 71 101 304 466 71 101 304 91 304 70 80 47 65 101 394 70 80 101 394 475 343 118 264 170 418 426 102 118 264 426 102 132 330 250 294 466 294 91 163 250 294 91 163 400 163 47 65 70 80 170 418 47 65 170 418 118 264 121 236 376 236 429 236 121 236 429 236 209 322 121 236 209 322 2 3 121 236 2 3 217 220 435 85 429 85 376 28 435 85 376 28 384 28 384 28 376 28 121 420 384 28 121 420 126 420 126 420 121 420 217 144 126 420 217 144 220 144 23 322 214 322 435 236 23 322 435 236 384 236 23 322 384 236 126 236 23 322 126 236 220 236 159 71 187 71 390 304 159 71 390 304 346 304 506 294 159 294 346 163 506 294 346 163 193 163 347 178 140 414 14 254 347 178 14 254 53 7 140 414 227 100 351 323 140 414 351 323 14 254 269 77 347 178 53 7 269 77 53 7 485 283 433 377 269 377 485 173 433 377 485 173 138 173 243 365 433 346 138 312 243 365 138 312 467 23 187 395 243 365 467 23 187 395 467 23 390 152 91 304 101 304 298 274 91 304 298 274 287 274 101 394 47 65 94 48 101 394 94 48 298 291 132 330 447 113 372 181 132 330 372 181 118 264 400 163 91 163 287 280 400 163 287 280 450 280 94 48 47 65 118 264 94 48 118 264 372 181 2 3 178 204 74 205 2 3 74 205 131 205 2 3 131 205 325 205 2 3 325 205 217 220 74 212 76 212 136 52 74 212 136 52 131 52 74 212 178 212 373 52 74 212 373 52 375 52 74 212 375 52 184 212 74 212 184 212 76 212 325 404 327 404 220 144 325 404 220 144 217 144 327 404 325 404 131 52 327 404 131 52 136 52 406 204 220 205 327 205 406 204 327 205 136 205 406 204 136 205 76 205 406 204 76 205 184 204 346 304 390 304 333 274 346 304 333 274 310 274 193 163 346 163 310 280 193 163 310 280 240 280 53 7 14 254 221 175 53 7 221 175 143 311 14 254 351 323 203 104 14 254 203 104 221 175 485 283 53 7 143 311 485 283 143 311 55 362 138 173 485 173 55 332 138 173 55 332 129 332 138 312 129 112 430 339 138 312 430 339 467 23 390 152 467 23 430 339 390 152 430 339 333 84 287 274 298 274 457 218 287 274 457 218 449 218 457 201 298 291 94 48 457 201 94 48 206 313 447 113 280 355 369 157 447 113 369 157 372 181 450 280 287 280 449 411 450 280 449 411 378 411 206 313 94 48 372 181 206 313 372 181 369 157 373 203 178 204 2 3 373 203 2 3 285 172 285 404 290 404 375 52 285 404 375 52 373 52 229 172 406 204 184 204 229 172 184 204 375 203 229 172 375 203 290 172 310 274 333 274 274 218 310 274 274 218 242 218 240 280 310 280 242 411 240 280 242 411 410 411 143 311 221 175 424 154 143 311 424 154 296 92 221 175 203 104 458 353 221 175 458 353 424 154 55 362 143 311 296 92 55 362 296 92 183 221 129 332 55 332 183 190 129 332 183 190 77 190 430 339 129 112 77 37 430 339 77 37 368 278 333 84 430 339 368 278 333 84 368 278 274 45 </p>
        </triangles>
      </mesh>
    </geometry>
    <geometry id="_ISO_14579_M3x10_10000040_0-con">
      <convex_mesh convex_hull_of="#_ISO_14579_M3x10_10000040_0-obj"/>
    </geometry>
    <geometry id="_DIN-912_-_M2x8_F10000041_0-obj" name="_DIN-912_-_M2x8_F">
      <mesh>
        <source id="_DIN-912_-_M2x8_F10000041_0-vertex">
          <float_array id="_DIN-912_-_M2x8_F10000041_0-vertex-array" count="795">5.07725 -2.94658 5.6 5.13999 -5.24207 -4.4 3.05455 -2.65 -2.45 4.26001 -5.24207 -4.4 5.75 -3.6 -2.4 3.65 -3.6 -2.4 6.55 -3.6 -2.4 2.85 -3.6 -2.4 2.8 -3.6 -2.45 3.3565 -2.2565 -2.45 6.34545 -2.65 -2.45 5.075 -4.24952 -3.4 3.97121 -3.40472 5.6 2.86474 -3.10824 -2.45 3.95 -3.16699 -3.4 4.325 -4.24952 -3.4 5.60933 -4.125 -2.4 3.79067 -3.075 -2.4 6.0435 -2.2565 -2.45 5.42879 -3.40472 5.6 6.6 -3.6 -2.45 4.20824 -1.76474 -2.45 5.45 -3.16699 -3.4 5.19176 -1.76474 -2.45 5.60933 -3.075 -2.4 3.79067 -4.125 -2.4 6.53526 -3.10824 -2.45 3.73407 -3.34118 5.3545 5.17882 -5.38696 -2.4 4.22118 -1.81304 -2.4 4.7 -1.7 -4.2 3.05793 -3.16001 -4.4 5.66593 -3.34118 5.3545 4.22118 -5.38696 -2.4 5.17882 -1.81304 -2.4 3.05455 -2.65 -4.2 3.85 -2.12776 -4.4 4.7 -2.73397 -4.4 5.55 -2.12776 -4.4 6.34207 -3.16001 -4.4 4.7 -4.65 -2.4 4.7 -2.55 -2.4 2.8 -3.6 -4.2 3.3565 -2.2565 -4.2 3.22776 -2.75 -4.4 6.34545 -2.65 -4.2 5.45 -3.80096 -4.31043 2.86474 -3.10824 -4.2 5.66593 -3.85882 -1.89 3.95 -3.80096 -4.31043 6.0435 -2.2565 -4.2 6.17224 -2.75 -4.4 6.6 -3.6 -4.2 4.20824 -1.76474 -4.2 3.73407 -3.85882 -1.89 5.19176 -1.76474 -4.2 4.2 -2.73397 5.3545 6.53526 -3.10824 -4.2 5.2 -2.73397 5.3545 4.04658 -3.22275 5.6 5.90208 -4.80208 -4.4 3.95 -3.6 -4.28397 5.35342 -3.22275 5.6 5.31237 -4.21237 -4.4 5.45 -3.6 -4.28397 3.49792 -4.80208 -4.4 4.08763 -4.21237 -4.4 4.7 -4.35 -3.4 5.2 -4.46603 -1.89 4.7 -2.8455 5.6 4.2 -4.46603 -1.89 3.83397 -3.1 -1.89 5.45 -4.03301 -4.4 3 -3.6 -4.4 5.56603 -3.1 -1.89 3.95 -4.03301 -4.4 6.48696 -4.07882 -2.4 2.91304 -3.12118 -2.4 3.83397 -3.6 -4.4 4.44118 -2.63407 5.3545 4.95882 -2.63407 5.3545 5.56603 -3.6 -4.4 6.4 -3.6 -4.4 5.42444 -3.79411 -3.4 6.48696 -3.12118 -2.4 2.91304 -4.07882 -2.4 3.97556 -3.79411 -3.4 5.56603 -4.1 5.3545 4.7 -4.46603 -3.4 4.325 -2.95048 -3.4 3.83397 -4.1 5.3545 5.075 -2.95048 -3.4 4.95882 -4.56593 -1.89 4.44118 -4.56593 -1.89 5.34952 -3.975 -3.4 4.47586 -2.76348 -4.4 4.92414 -2.76348 -4.4 4.05048 -3.975 -3.4 4.7 -2.6 5.3545 5.7 -3.6 -1.89 5.44246 -4.34246 -2.4 3.95754 -2.85754 -2.4 3.7 -3.6 -1.89 5.44246 -2.85754 -2.4 3.95754 -4.34246 -2.4 5.65 -5.24545 -4.2 3.75 -5.24545 -4.2 5.24904 -4.14904 -4.31043 4.7 -3.6 -2.96699 4.7 -4.6 -1.89 4.15096 -4.14904 -4.31043 4.89528 -4.32879 5.6 4.50472 -4.32879 5.6 4.7 -2.85 -3.4 5.65 -5.24545 -2.45 3.75 -5.24545 -2.45 3.99289 -2.89289 5.3545 3.95 -3.39904 -4.31043 5.40711 -2.89289 5.3545 5.45 -3.39904 -4.31043 4.26001 -1.95793 -4.4 5.23351 -4.13351 5.6 5.13999 -1.95793 -4.4 6.30215 -4.525 -2.4 3.09785 -2.675 -2.4 4.16649 -4.13351 5.6 3.97556 -3.40589 -3.4 5.53652 -3.82414 -4.4 3.75 -1.95455 -2.45 5.42444 -3.40589 -3.4 3.86348 -3.82414 -4.4 5.40711 -4.30711 -1.89 5.65 -1.95455 -2.45 6.30215 -2.675 -2.4 3.09785 -4.525 -2.4 4.7 -2.73397 -3.4 3.99289 -4.30711 -1.89 3.73407 -3.34118 -1.89 5.075 -4.24952 -4.28397 5.66593 -3.34118 -1.89 4.05048 -3.225 -3.4 4.325 -4.24952 -4.28397 5.225 -4.50933 -2.4 4.175 -2.69067 -2.4 5.34952 -3.225 -3.4 5.225 -2.69067 -2.4 4.175 -4.50933 -2.4 3.75 -1.95455 -4.2 5.66593 -3.85882 5.3545 5.65 -1.95455 -4.2 3.73407 -3.85882 5.3545 4.7 -5.3 -4.4 4.2 -2.73397 -1.89 5.2 -2.73397 -1.89 5.13301 -4.35 -4.4 4.26699 -4.35 -4.4 5.71422 -3.87176 -2.4 3.68578 -3.32824 -2.4 3.49792 -2.39792 -4.4 5.2 -4.46603 5.3545 5.71422 -3.32824 -2.4 3.68578 -3.87176 -2.4 4.08763 -2.98763 -4.4 4.2 -4.46603 5.3545 5.90208 -2.39792 -4.4 4.50472 -2.87121 5.6 4.89528 -2.87121 5.6 5.31237 -2.98763 -4.4 4.89411 -4.32444 -3.4 3.95 -3.6 -3.4 4.50589 -4.32444 -3.4 4.90096 -4.35 -4.31043 4.49904 -4.35 -4.31043 5.45 -3.6 -3.4 6.34207 -4.03999 -4.4 5.55 -5.07224 -4.4 4.7 -4.46603 -4.4 4.44118 -2.63407 -1.89 3.85 -5.07224 -4.4 3.05793 -4.03999 -4.4 3.95 -3.16699 -4.4 4.95882 -2.63407 -1.89 6.17224 -4.45 -4.4 5.45 -3.16699 -4.4 3.22776 -4.45 -4.4 4.15096 -3.05096 -4.31043 4.16649 -3.06649 5.6 5.24904 -3.05096 -4.31043 5.23351 -3.06649 5.6 4.95882 -4.56593 5.3545 4.44118 -4.56593 5.3545 4.7 -2.6 -1.89 5.7 -3.6 5.3545 3.7 -3.6 5.3545 5.23033 -4.13033 -3.4 4.16967 -4.13033 -3.4 5.07725 -4.25342 5.6 4.32275 -4.25342 5.6 4.7 -4.6 5.3545 3.83397 -3.1 5.3545 5.625 -5.20215 -2.4 3.775 -1.99785 -2.4 5.56603 -3.1 5.3545 4.325 -2.95048 -4.28397 3.775 -5.20215 -2.4 5.625 -1.99785 -2.4 5.075 -2.95048 -4.28397 5.42879 -3.79528 5.6 3.97121 -3.79528 5.6 5.45 -4.03301 -3.4 3.95 -4.03301 -3.4 5.56603 -4.1 -1.89 4.50589 -2.87556 -3.4 4.89411 -2.87556 -3.4 3.83397 -4.1 -1.89 4.92414 -4.43652 -4.4 6.00815 -4.90815 -2.4 3.39185 -2.29185 -2.4 4.47586 -4.43652 -4.4 3.99289 -2.89289 -1.89 3.39185 -4.90815 -2.4 6.00815 -2.29185 -2.4 5.40711 -2.89289 -1.89 4.7 -5.5 -4.2 6.34545 -4.55 -4.2 5.4545 -3.6 5.6 5.40711 -4.30711 5.3545 3.9455 -3.6 5.6 6.0435 -4.9435 -4.2 3.05455 -4.55 -4.2 3.99289 -4.30711 5.3545 3.86348 -3.37586 -4.4 4.97176 -4.61422 -2.4 4.42824 -2.58578 -2.4 5.35342 -3.97725 5.6 6.53526 -4.09176 -4.2 4.42824 -4.61422 -2.4 4.97176 -2.58578 -2.4 5.53652 -3.37586 -4.4 3.3565 -4.9435 -4.2 4.04658 -3.97725 5.6 5.19176 -5.43526 -4.2 4.7 -5.45 -2.4 4.7 -1.75 -2.4 4.20824 -5.43526 -4.2 2.86474 -4.09176 -4.2 4.7 -4.3545 5.6 4.7 -5.5 -2.45 4.49904 -2.85 -4.31043 6.34545 -4.55 -2.45 4.90096 -2.85 -4.31043 6.0435 -4.9435 -2.45 3.05455 -4.55 -2.45 6.53526 -4.09176 -2.45 4.16967 -3.06967 -3.4 3.3565 -4.9435 -2.45 4.7 -1.9 -4.4 5.19176 -5.43526 -2.45 5.23033 -3.06967 -3.4 4.20824 -5.43526 -2.45 4.26699 -2.85 -4.4 2.86474 -4.09176 -2.45 4.32275 -2.94658 5.6 4.7 -1.7 -2.45 5.13301 -2.85 -4.4 </float_array>
          <technique_common>
            <accessor source="#_DIN-912_-_M2x8_F10000041_0-vertex-array" count="265" stride="3">
              <param name="X" type="float"/>
              <param name="Y" type="float"/>
              <param name="Z" type="float"/>
            </accessor>
          </technique_common>
        </source>
        <source id="_DIN-912_-_M2x8_F10000041_0-normal">
          <float_array id="_DIN-912_-_M2x8_F10000041_0-normal-array" count="423">0.35279 -0.35279 -0.864155 -0.991445 0 0 0.991445 0 0 1 0 0 -1 0 0 -0.35279 -0.35279 -0.864155 -0.656082 0.271758 -0.704063 0.656082 0.271758 -0.704063 -0.854589 0.493397 0.0967445 -0.609736 0.352031 0.704063 0.609736 -0.352031 -0.704063 0.986794 0 0.0967445 -0.35279 0.35279 -0.864155 -0.609736 -0.352031 -0.704063 0.609736 0.352031 0.704063 0.854589 0.493397 0.0967445 0.35279 0.35279 -0.864155 -0.986794 0 0.0967445 -0.182225 0.680072 0.704063 0.182225 -0.680072 -0.704063 0.182225 0.680072 0.704063 -0.182225 -0.680072 -0.704063 -0.493397 0.854589 0.0967445 0.493397 0.854589 0.0967445 -0.255401 0.95317 0.0967445 0.255401 0.95317 0.0967445 0.656082 -0.271758 -0.704063 -0.656082 -0.271758 -0.704063 0.854589 -0.493397 0.0967445 0 0.986794 0.0967445 -0.854589 -0.493397 0.0967445 0.493397 -0.854589 0.0967445 -0.493397 -0.854589 0.0967445 0.255401 -0.95317 0.0967445 -0.255401 -0.95317 0.0967445 -0.858616 0.495722 0 0.858616 -0.495722 0 -0.858616 -0.495722 0 0.858616 0.495722 0 0 -0.986794 0.0967445 0.48192 -0.12913 -0.864155 -0.48192 -0.12913 -0.864155 -0.0926916 0.704063 -0.704063 0 0.704063 -0.704063 0 -0.704063 0.704063 -0.495722 0.858616 0 0.495722 -0.858616 0 0.0926916 0.704063 -0.704063 -0.48192 0.12913 -0.864155 -0.495722 -0.858616 0 0.495722 0.858616 0 0.48192 0.12913 -0.864155 0.704063 0 0.704063 -0.704063 0 -0.704063 -0.704063 0 0.704063 0.704063 0 -0.704063 -0.256605 0.957662 0 0.256605 -0.957662 0 -0.256605 -0.957662 0 0.256605 0.957662 0 0 0.991445 0 0 -0.991445 0 -0.95317 0.255401 0.0967445 -0.49892 0 -0.864155 -0.697769 0.697769 0.0967445 1.24176e-09 3.72529e-09 -0.864155 0.49892 0 -0.864155 0.697769 0.697769 0.0967445 0.95317 0.255401 0.0967445 0.0926916 -0.704063 -0.704063 0 0.704063 0.704063 0 -0.704063 -0.704063 -0.0926916 -0.704063 -0.704063 0.680072 -0.182225 0.704063 -0.680072 0.182225 -0.704063 -0.680072 -0.182225 0.704063 0.680072 0.182225 -0.704063 0 0 1 0 0 -1 0.95317 -0.255401 0.0967445 0.352031 -0.609736 0.704063 -0.352031 0.609736 -0.704063 0.697769 -0.697769 0.0967445 -0.352031 -0.609736 0.704063 0.352031 0.609736 -0.704063 -0.697769 -0.697769 0.0967445 -0.95317 -0.255401 0.0967445 -0.957662 0.256605 0 0.957662 -0.256605 0 -0.957662 -0.256605 0 0.957662 0.256605 0 -0.680072 0.182225 0.704063 0.680072 -0.182225 -0.704063 0.432078 -0.24946 -0.864155 0.680072 0.182225 0.704063 -0.680072 -0.182225 -0.704063 -0.432078 -0.24946 -0.864155 -0.432078 0.24946 -0.864155 0.432078 0.24946 -0.864155 -0.352031 0.609736 0.704063 0.352031 -0.609736 -0.704063 -0.701057 0.701057 0 0.701057 -0.701057 0 0.352031 0.609736 0.704063 -0.352031 -0.609736 -0.704063 -0.701057 -0.701057 0 0.701057 0.701057 0 -0.56339 0.432305 -0.704063 0.497847 -0.497847 0.704063 -0.497847 0.497847 -0.704063 -0.497847 -0.497847 0.704063 0.56339 0.432305 -0.704063 0.497847 0.497847 -0.704063 0.24946 -0.432078 -0.864155 -0.24946 -0.432078 -0.864155 0.5 -0.866025 0 -0.5 0.866025 0 0.5 0.866025 0 -0.5 -0.866025 0 0.12913 -0.48192 -0.864155 -0.12913 -0.48192 -0.864155 -0.24946 0.432078 -0.864155 0.24946 0.432078 -0.864155 -0.609736 0.352031 -0.704063 0.609736 -0.352031 0.704063 -0.609736 -0.352031 0.704063 0.609736 0.352031 -0.704063 0 -0.49892 -0.864155 0.182225 -0.680072 0.704063 -0.182225 0.680072 -0.704063 -0.182225 -0.680072 0.704063 0.182225 0.680072 -0.704063 -0.12913 0.48192 -0.864155 0.12913 0.48192 -0.864155 0.56339 -0.432305 -0.704063 -0.497847 0.497847 0.704063 0.497847 -0.497847 -0.704063 0.497847 0.497847 0.704063 -0.56339 -0.432305 -0.704063 -0.497847 -0.497847 -0.704063 0 0.49892 -0.864155 </float_array>
          <technique_common>
            <accessor source="#_DIN-912_-_M2x8_F10000041_0-normal-array" count="141" stride="3">
              <param name="X" type="float"/>
              <param name="Y" type="float"/>
              <param name="Z" type="float"/>
            </accessor>
          </technique_common>
        </source>
        <vertices id="_DIN-912_-_M2x8_F10000041_0-vertex-obj">
          <input semantic="POSITION" source="#_DIN-912_-_M2x8_F10000041_0-vertex"/>
        </vertices>
        <triangles material="Nr10000041_0Mat0" count="526">
          <input semantic="VERTEX" source="#_DIN-912_-_M2x8_F10000041_0-vertex-obj" offset="0"/>
          <input semantic="NORMAL" source="#_DIN-912_-_M2x8_F10000041_0-normal" offset="1"/>
          <p>256 78 122 78 120 78 120 78 122 78 38 78 120 78 38 78 36 78 36 78 38 78 164 78 36 78 164 78 158 78 158 78 164 78 37 78 158 78 37 78 44 78 44 78 37 78 95 78 44 78 95 78 260 78 51 78 39 78 167 78 51 78 167 78 264 78 51 78 264 78 96 78 51 78 96 78 37 78 51 78 37 78 164 78 127 78 81 78 82 78 82 78 81 78 238 78 82 78 238 78 39 78 39 78 238 78 183 78 39 78 183 78 167 78 154 78 63 78 174 78 174 78 63 78 72 78 174 78 72 78 82 78 82 78 72 78 127 78 65 78 184 78 60 78 60 78 184 78 176 78 60 78 176 78 182 78 182 78 176 78 215 78 182 78 215 78 174 78 174 78 215 78 154 78 162 78 180 78 31 78 162 78 31 78 44 78 162 78 44 78 260 78 231 78 78 78 73 78 231 78 73 78 31 78 231 78 31 78 180 78 78 78 130 78 73 78 73 78 130 78 75 78 73 78 75 78 179 78 179 78 75 78 66 78 179 78 66 78 155 78 218 78 176 78 184 78 218 78 184 78 179 78 218 78 179 78 155 78 151 78 3 78 1 78 1 78 3 78 178 78 1 78 178 78 175 78 175 78 178 78 65 78 175 78 65 78 60 78 12 77 227 77 208 77 12 77 208 77 240 77 12 77 240 77 125 77 12 77 125 77 197 77 12 77 197 77 112 77 12 77 112 77 246 77 12 77 246 77 111 77 12 77 111 77 196 77 12 77 196 77 121 77 12 77 121 77 234 77 12 77 234 77 207 77 12 77 207 77 225 77 12 77 225 77 19 77 12 77 19 77 62 77 12 77 62 77 188 77 12 77 188 77 0 77 12 77 0 77 166 77 12 77 166 77 69 77 12 77 69 77 165 77 12 77 165 77 262 77 12 77 262 77 186 77 12 77 186 77 59 77 92 57 189 57 198 61 92 57 198 61 109 61 215 129 176 42 171 129 246 44 198 44 189 128 246 44 189 128 111 128 11 116 209 116 72 116 11 116 72 116 107 116 11 116 107 116 138 116 11 116 138 116 171 116 11 116 171 116 176 116 11 116 176 116 88 116 168 132 67 140 108 65 243 77 29 77 34 77 34 77 29 77 201 77 34 77 201 77 205 77 205 77 201 77 217 77 205 77 217 77 221 77 221 77 217 77 41 77 221 77 41 77 237 77 101 77 143 77 124 77 124 77 143 77 233 77 124 77 233 77 217 77 217 77 233 77 41 77 161 77 5 77 7 77 7 77 5 77 157 77 7 77 157 77 77 77 77 77 157 77 17 77 77 77 17 77 124 77 124 77 17 77 101 77 85 77 134 77 146 77 85 77 146 77 104 77 85 77 104 77 25 77 85 77 25 77 161 77 85 77 161 77 7 77 216 77 123 77 220 77 220 77 123 77 40 77 220 77 40 77 134 77 134 77 40 77 236 77 134 77 236 77 146 77 133 77 221 77 237 77 133 77 237 77 145 77 133 77 145 77 103 77 133 77 103 77 24 77 133 77 24 77 84 77 24 77 160 77 84 77 84 77 160 77 4 77 84 77 4 77 6 77 6 77 4 77 156 77 6 77 156 77 76 77 76 77 156 77 16 77 76 77 16 77 100 77 142 77 232 77 123 77 142 77 123 77 76 77 142 77 76 77 100 77 242 77 28 77 33 77 33 77 28 77 200 77 33 77 200 77 204 77 204 77 200 77 216 77 204 77 216 77 220 77 40 77 123 77 232 77 241 19 223 71 151 71 241 19 151 71 1 19 241 57 257 57 247 61 241 57 247 61 223 61 242 44 247 44 257 128 242 44 257 128 28 128 232 33 92 33 109 39 232 33 109 39 40 39 68 46 159 46 189 57 68 46 189 57 92 57 215 129 171 129 138 81 215 129 138 81 154 81 196 80 111 128 189 128 196 80 189 128 159 80 168 132 108 65 11 121 241 19 1 19 175 100 241 19 175 100 105 100 105 46 114 46 257 57 105 46 257 57 241 57 200 80 28 128 257 128 200 80 257 128 114 80 142 31 68 31 92 33 142 31 92 33 232 33 131 102 226 102 159 46 131 102 159 46 68 46 154 81 138 81 107 109 154 81 107 109 63 109 121 108 196 80 159 80 121 108 159 80 226 108 209 78 11 78 194 78 209 78 194 78 94 78 209 78 94 78 83 78 209 78 83 78 173 78 11 121 108 65 194 12 105 100 175 100 60 136 105 100 60 136 228 136 228 102 251 102 114 46 228 102 114 46 105 46 216 108 200 80 114 80 216 108 114 80 251 108 100 82 131 82 68 31 100 82 68 31 142 31 211 36 87 36 226 102 211 36 226 102 131 102 72 107 63 109 107 109 121 108 226 108 87 124 121 108 87 124 234 124 94 97 194 12 108 65 60 136 182 10 224 10 60 136 224 10 228 136 224 36 249 36 251 102 224 36 251 102 228 102 123 124 216 108 251 108 123 124 251 108 249 124 211 28 131 82 100 82 211 28 100 82 16 28 48 88 148 88 87 36 48 88 87 36 211 36 127 74 72 6 46 74 234 124 87 124 148 73 234 124 148 73 207 73 209 4 173 4 183 4 209 4 183 4 119 4 209 4 119 4 64 4 209 4 64 4 46 4 209 4 46 4 72 4 183 4 173 4 22 4 83 48 94 97 108 65 235 92 224 10 182 10 235 92 182 10 174 92 235 88 253 88 249 36 235 88 249 36 224 36 123 124 249 124 253 73 123 124 253 73 76 73 156 79 48 79 211 28 156 79 211 28 16 28 99 2 192 2 148 88 99 2 148 88 48 88 81 53 127 74 46 74 81 53 46 74 64 53 207 73 148 73 192 52 207 73 192 52 225 52 173 63 83 48 108 65 52 55 235 92 174 92 52 55 174 92 82 55 52 2 20 2 253 88 52 2 253 88 235 88 76 73 253 73 20 52 76 73 20 52 6 52 4 11 99 11 48 79 4 11 48 79 156 79 139 90 32 90 192 2 139 90 192 2 99 2 81 53 64 53 119 95 81 53 119 95 238 95 225 52 192 52 32 94 225 52 32 94 19 94 22 78 173 78 129 78 22 78 129 78 144 78 22 78 144 78 258 78 22 78 258 78 91 78 173 63 108 65 129 41 52 55 82 55 39 76 52 55 39 76 57 76 57 90 26 90 20 2 57 90 20 2 52 2 84 94 6 52 20 52 84 94 20 52 26 94 160 68 139 68 99 11 160 68 99 11 4 11 74 38 202 38 32 90 74 38 32 90 139 90 238 95 119 95 183 27 62 14 19 94 32 94 62 14 32 94 202 14 129 41 108 65 144 96 57 76 39 76 51 126 57 76 51 126 45 126 45 38 10 38 26 90 45 38 26 90 57 90 133 14 84 94 26 94 133 14 26 94 10 14 24 15 74 15 139 68 24 15 139 68 160 68 222 106 118 106 202 38 222 106 202 38 74 38 167 139 183 138 187 139 188 137 62 14 202 14 188 137 202 14 118 137 250 118 206 118 91 118 91 118 206 118 187 118 91 118 187 118 22 118 22 118 187 118 183 118 91 118 135 118 37 118 91 118 37 118 250 118 144 96 108 65 258 5 45 126 51 126 164 112 45 126 164 112 50 112 50 106 18 106 10 38 50 106 10 38 45 38 221 137 133 14 10 14 221 137 10 14 18 137 103 67 222 67 74 15 103 67 74 15 24 15 153 50 58 50 118 106 153 50 118 106 222 106 187 139 206 104 264 104 187 139 264 104 167 139 58 103 0 103 188 137 58 103 188 137 118 137 258 5 108 65 91 114 164 112 38 84 149 84 164 112 149 84 50 112 149 50 132 50 18 106 149 50 18 106 50 106 132 103 205 103 221 137 132 103 221 137 18 137 145 23 153 23 222 67 145 23 222 67 103 67 181 59 80 59 58 50 181 59 58 50 153 50 206 104 250 21 96 21 206 104 96 21 264 104 80 20 166 20 0 103 80 20 0 103 58 103 135 78 91 78 213 78 135 78 213 78 113 78 135 78 113 78 212 78 135 78 212 78 89 78 91 114 108 65 213 120 38 84 122 131 55 131 38 84 55 131 149 84 55 59 23 59 132 50 55 59 132 50 149 50 23 20 34 20 205 103 23 20 205 103 132 103 237 25 181 25 153 23 237 25 153 23 145 23 191 60 98 60 80 59 191 60 80 59 181 59 250 21 37 72 96 21 80 20 98 70 69 70 80 20 69 70 166 20 213 120 108 65 113 127 122 131 256 43 30 43 122 131 30 43 55 131 30 60 263 60 23 59 30 60 23 59 55 59 243 70 34 20 23 20 243 70 23 20 263 70 191 29 181 25 237 25 191 29 237 25 41 29 177 56 79 56 98 60 177 56 98 60 191 60 248 19 95 19 37 69 98 70 79 18 165 18 98 70 165 18 69 70 89 115 14 115 180 115 89 115 180 115 185 115 89 115 185 115 203 115 89 115 203 115 248 115 89 115 248 115 37 115 89 115 37 115 135 115 108 65 212 119 113 127 120 129 53 129 30 43 120 129 30 43 256 43 53 56 21 56 263 60 53 56 263 60 30 60 263 70 21 18 29 18 263 70 29 18 243 70 233 24 177 24 191 29 233 24 191 29 41 29 152 45 56 45 79 56 152 45 79 56 177 56 203 100 260 100 95 19 203 100 95 19 248 19 79 18 56 99 262 99 79 18 262 99 165 18 108 65 89 113 212 119 36 81 147 81 53 129 36 81 53 129 120 129 147 45 128 45 21 56 147 45 21 56 53 56 21 18 128 99 201 99 21 18 201 99 29 18 143 22 152 22 177 24 143 22 177 24 233 24 219 101 116 101 56 45 219 101 56 45 152 45 185 136 162 136 260 100 185 136 260 100 203 100 56 99 116 135 186 135 56 99 186 135 262 99 14 78 89 78 254 78 14 78 254 78 140 78 14 78 140 78 126 78 14 78 126 78 169 78 108 65 254 0 89 113 158 109 43 109 147 81 158 109 147 81 36 81 43 101 9 101 128 45 43 101 128 45 147 45 128 99 9 135 217 135 128 99 217 135 201 99 101 64 219 64 152 22 101 64 152 22 143 22 71 35 199 35 116 101 71 35 116 101 219 101 185 136 180 134 162 136 199 9 59 9 186 135 199 9 186 135 116 135 254 0 108 65 140 93 158 109 44 123 35 123 158 109 35 123 43 109 35 35 2 35 9 101 35 35 9 101 43 101 124 9 217 135 9 135 124 9 9 135 2 9 17 8 71 8 219 64 17 8 219 64 101 64 137 87 27 87 199 35 137 87 199 35 71 35 180 26 117 92 231 92 27 91 12 91 59 9 27 91 59 9 199 9 14 3 169 3 75 3 14 3 75 3 49 3 14 3 49 3 61 3 14 3 61 3 117 3 14 3 117 3 180 3 75 3 169 3 210 3 140 93 108 65 126 40 44 123 31 74 47 74 44 123 47 74 35 123 47 87 13 87 2 35 47 87 2 35 35 35 13 91 77 91 124 9 13 91 124 9 2 9 157 62 137 62 71 8 157 62 71 8 17 8 102 1 193 1 27 87 102 1 27 87 137 87 117 92 61 55 78 55 117 92 78 55 231 92 27 91 193 54 227 54 27 91 227 54 12 91 126 40 108 65 169 66 31 74 73 53 42 53 31 74 42 53 47 74 42 1 8 1 13 87 42 1 13 87 47 87 13 91 8 54 7 54 13 91 7 54 77 91 5 17 102 17 137 62 5 17 137 62 157 62 54 89 150 89 193 1 54 89 193 1 102 1 49 76 130 76 78 55 49 76 78 55 61 55 193 54 150 75 208 75 193 54 208 75 227 54 210 78 169 78 86 78 210 78 86 78 97 78 210 78 97 78 195 78 210 78 195 78 15 78 108 65 86 51 169 66 179 95 245 95 42 53 179 95 42 53 73 53 245 89 261 89 8 1 245 89 8 1 42 1 8 54 261 75 85 75 8 54 85 75 7 54 161 86 54 86 102 17 161 86 102 17 5 17 214 37 90 37 150 89 214 37 150 89 54 89 49 76 75 7 130 76 150 75 90 125 240 125 150 75 240 125 208 75 108 65 97 98 86 51 184 13 229 13 245 95 184 13 245 95 179 95 229 37 252 37 261 89 229 37 261 89 245 89 261 75 252 125 134 125 261 75 134 125 85 75 25 30 214 30 54 86 25 30 54 86 161 86 136 105 230 105 90 37 136 105 90 37 214 37 110 112 66 112 75 111 90 125 230 110 125 110 90 125 125 110 240 125 15 117 88 117 176 117 15 117 176 117 172 117 15 117 172 117 141 117 15 117 141 117 110 117 15 117 110 117 75 117 15 117 75 117 210 117 108 65 195 16 97 98 65 139 239 139 229 13 65 139 229 13 184 13 239 105 255 105 252 37 239 105 252 37 229 37 252 125 255 110 220 110 252 125 220 110 134 125 104 85 136 85 214 30 104 85 214 30 25 30 70 49 163 49 230 105 70 49 230 105 136 105 155 84 66 112 110 112 155 84 110 112 141 84 125 110 230 110 163 83 125 110 163 83 197 83 15 122 195 16 108 65 106 104 239 139 65 139 106 104 65 139 178 104 106 49 115 49 255 105 106 49 255 105 239 105 220 110 255 110 115 83 220 110 115 83 204 83 146 32 70 32 136 85 146 32 136 85 104 85 93 58 190 58 163 49 93 58 163 49 70 49 218 131 155 84 141 84 218 131 141 84 172 131 197 83 163 83 190 130 197 83 190 130 112 130 88 78 15 78 170 78 88 78 170 78 67 78 88 78 67 78 168 78 88 78 168 78 11 78 170 133 15 122 108 65 244 21 106 104 178 104 244 21 178 104 3 21 244 58 259 58 115 49 244 58 115 49 106 49 204 83 115 83 259 130 204 83 259 130 33 130 236 34 93 34 70 32 236 34 70 32 146 32 109 61 198 61 190 58 109 61 190 58 93 58 176 47 218 131 172 131 112 130 190 130 198 44 112 130 198 44 246 44 67 140 170 133 108 65 3 21 151 71 223 71 3 21 223 71 244 21 223 61 247 61 259 58 223 61 259 58 244 58 242 44 33 130 259 130 242 44 259 130 247 44 109 39 93 34 236 34 109 39 236 34 40 39 </p>
        </triangles>
      </mesh>
    </geometry>
    <geometry id="_DIN-912_-_M2x8_F10000041_0-con">
      <convex_mesh convex_hull_of="#_DIN-912_-_M2x8_F10000041_0-obj"/>
    </geometry>
    <geometry id="_8084400_EMCS-42-10000044_0-obj" name="_8084400_EMCS-42-">
      <mesh>
        <source id="_8084400_EMCS-42-10000044_0-vertex">
          <float_array id="_8084400_EMCS-42-10000044_0-vertex-array" count="8190">-13.1781 -91.4964 -51.07 -20.9346 -74.8 -42.8445 19.0488 -103.501 -46.95 1.76777 -38 1.76777 -11 -93.9399 -59.47 5.80385 -95.65 -58.2747 -20.732 -77.1 -17.2481 16.2481 -105 21 18.95 -103.789 -47.95 17.9956 -44.073 -41.75 -19.4996 -43.1681 -41.75 19.0539 -103.969 -47.9222 -10.8 -38 1.98393e-15 -17.2004 -102.868 -47.95 14.201 -40 -16.25 -14.201 -40 16.25 17.7594 -44.073 -41.75 -15.55 -102.75 -45.95 17.6413 -42.2316 -42.75 17.8 -104.935 9.5 -19.8352 -104.935 -12.175 -7.09423 -94.905 -51.07 -20.8 -44.4571 -42.8622 -16.15 -102.75 -45.95 17.6512 -103.501 -46.95 21.1 -49.9414 -28.8966 -20.73 -101.275 -45.95 -17.8 -104.68 13.35 14.9924 -90.345 -60.15 17.75 -103.789 -47.95 21.1 -67.55 -31.75 -16.95 -100.325 -45.95 -6.36676 -95.325 -58.65 20.85 -49.9414 -28.8966 -17.6729 -42.1135 -42.75 17.6461 -103.969 -47.9222 18.9406 -103.773 -47.95 20.8615 -67.55 -31.75 -13.7297 -77.1 20.5203 9.19584 -90.9745 -51.07 -21.0732 -80.5081 -45.1119 18.7044 -103.773 -47.95 -12.4281 -95.1026 -57.77 17.1308 -42.3461 -42.7222 2.84701 -40.5 -10.6252 -5.5 -38.2 9.52628 -21 -74.8 -42.8207 21.1 -58.184 -25.75 16.7295 -44.5 15.5 -2.41481 -16.2 -0.647048 -17.5479 -51 20.52 17.9956 -103.773 -47.95 -19.4996 -102.868 -47.95 6.36676 -95.325 -60.15 16.8697 -105.473 -45.95 -13.1781 -95.1026 -57.77 -9.19688 -91.5969 -57.77 17.7594 -103.773 -47.95 20.5471 -58.184 -25.75 18.35 -42.1991 -42.75 -2.84701 -40.5 10.6252 -19.0271 -42.1135 -42.75 -16.799 -40 16.25 16.799 -40 -16.25 -13.255 -88.7442 -51.07 20.55 -102.75 -47.1995 -18.0493 -44.0305 -42.75 -15.762 -81.1192 -47.1716 20.2553 -41.95 -40.75 19.0271 -101.813 -46.95 21.1 -48.5524 -30.875 -17.425 -104.935 12.4524 20.8157 -48.5524 -30.875 -18.6507 -44.0305 -42.75 21.1 -51.4828 -30.638 -19.75 -100.325 -45.95 21.1 -72 -29.438 16.8697 -40.3268 -40.75 -18.175 -104.935 12.4524 20.2 -43.05 -42.6057 20.85 -51.4828 -30.638 20.85 -72 -29.438 14.2705 -44.5 15.5 17.6729 -101.813 -46.95 13.305 -88.6576 -60.15 8 -97.8462 -58.2747 21.1 -61.65 -29.9 -16.2438 -102.75 -47.5495 21.1 -51.2663 -28.638 18.6507 -103.731 -46.95 18.175 -104.935 9.54763 -20.9346 -82.5293 -48.95 20.85 -61.65 -29.9 -21 -44.4571 -42.8207 20.85 -51.2663 -28.638 -19.75 -45.4749 -42.9999 21.0732 -81.791 -46.7838 -17.5479 -77.1 20.52 -20.55 -102.75 -45.95 13.3063 -91.5522 -57.97 -17 -92.65 -58.2747 18.0493 -103.731 -46.95 13.6528 -91.3522 -51.07 -17.8775 -101.695 -46.95 17.425 -104.935 9.54763 13.2844 -51 20.862 13.3063 -93.7478 -57.97 -20.732 -51 17.2481 11.7291 -90.1268 -57.97 21.1 -77.55 -29 -12.8031 -91.5969 -57.77 12.9599 -91.3522 -51.07 21 -44.4571 -40.75 -15.5 -44.5 -14.2705 20.7174 -77.55 -29 20.8 -44.4571 -40.75 -18.35 -103.95 -47.95 -17.2481 -105 20.732 19.4131 -43.2546 -41.75 18.35 -41.6422 -42.7222 -18.8225 -101.695 -46.95 18.35 -101.135 -47.89 11.7827 -89.9268 -51.07 21.1 -49.9096 -28.938 -21 -40 16.2481 21 -40 -16.2481 11.0363 -90.1268 -57.97 2.41481 -16.2 -0.647048 16.4447 -41.95 -40.75 -17.425 -44.6521 -42.6057 20.85 -49.9096 -28.938 16.9429 -40.6 -43.3683 21.1 -52.1567 -27.538 -8.325 -88.0168 -60.15 16.15 -102.75 -47.1995 21.1 -58.184 -32.25 11.4 -92.65 -57.97 20.85 -52.1567 -27.538 -2.84701 -40.5 -10.6252 10.9827 -89.9268 -51.07 20.8877 -58.184 -32.25 11 -97.16 -60.05 -10.6969 -90.025 -59.47 -17.4618 -42.7759 -41.75 16.5 -43.05 -42.6057 21 -51 12.7692 -1.15 -16 -1.99186 11.7291 -95.1732 -57.97 -21.1 -76.9152 -42.926 -15.9388 -40.367 -43.5 11.3464 -92.45 -51.07 10.6 -92.65 -57.97 -19.0919 -105 19.0919 -2.5 -38 4.59243e-16 -11.3031 -90.025 -59.47 -14.9058 -94.905 -51.07 -21.15 -79.1 12.2094 -17.8 -104.935 12.5 12.7692 -49 21 13.2844 -77.1 20.862 17.2869 -43.2546 -41.75 19.4793 -82.3193 -48.8052 -14.2705 -40.2705 15.5 11.0363 -95.1732 -57.97 -19.275 -44.6521 -42.6057 -21.1 -82.7263 -48.95 -20.732 -77.1 17.2481 10.6536 -92.45 -51.07 -16.3476 -103.25 10.625 -16.9429 -105.4 -48.733 19.4131 -102.955 -47.95 -20.4562 -102.75 -47.5495 15.9251 -41.65 -43.5018 7.00762 -90.345 -60.15 8.695 -88.6576 -60.15 11.3827 -94.9732 -51.07 -10.6252 -38.2 2.84701 17.8 -104.935 -13.35 10.55 -40.8 -43.75 -21.0732 -74.8 -42.7475 -19.2382 -42.7759 -41.75 19.8352 -104.68 12.175 -17.425 -103.25 10.625 21 -101.343 -48.95 8.65 -92.65 -57.97 -17.4618 -102.476 -47.95 21.1 -74.2586 -27.4966 1.15 -16 -1.99186 20.8 -101.343 -48.95 20.85 -74.2586 -27.4966 -15.6332 -95.325 -58.65 -7.77817 -38.2 7.77817 21.0732 -82.5974 -48.7307 19.4131 -42.8454 -41.75 18.35 -99.95 -48.95 -18.175 -103.25 10.625 19.3 -103.25 11 21 -77.1 12.7692 8.59641 -92.45 -51.07 16.875 -105.13 -45.95 7.85 -92.65 -57.97 17.2869 -102.955 -47.95 18.35 -45.85 -40.75 -16.7295 -40.2705 15.5 -5.80385 -95.65 -58.2747 21 -105 16.2481 21.1 -73.4751 -27.7794 7.90359 -92.45 -51.07 18.35 -104.95 -45.95 20.85 -73.4751 -27.7794 -19.2524 -103.25 10.625 11 -98.65 -58.2747 -19.2382 -102.476 -47.95 13.3063 -94.5478 -51.07 19.45 -104.655 -45.95 -8.82188 -95.1026 -51.07 -13.675 -88.0168 -60.15 17.2869 -42.8454 -41.75 5.5 -38.2 9.52628 19.4131 -102.545 -47.95 -17.2969 -41.226 -42.3495 2.5 -38 -1.53081e-16 -9.57188 -95.1026 -51.07 20.174 -103.803 -47.5495 16.3 -103.25 11 -16.3476 -103.25 -10.625 14.5 -40 8.88178e-16 -14.5 -40 1.77636e-15 15.7648 -104.68 12.175 14.201 -40 -14.75 -14.201 -40 14.75 9.39584 -95.0719 -51.07 -15.35 -105 11 17.25 -104.655 -45.95 11 -97.26 -60.15 -16.9098 -105.433 -48.7 8.99584 -95.0719 -51.07 -17.425 -103.25 -10.625 16.7295 -44.5 -15.5 -6.36676 -95.325 -60.15 17.2869 -102.545 -47.95 -17.425 -101.148 -47.8057 21.1 -51.8 -32.75 -19.4031 -41.226 -42.3495 -18.1433 -101.844 -46.95 20.914 -51.8 -32.75 11 -87.3 -58.65 -18.1433 -43.9563 -41.75 -18.175 -103.25 -10.625 -18.5567 -101.844 -46.95 21.1 -53.7 -29.4112 -18.5567 -43.9563 -41.75 9.52628 -40.5 -5.5 -17.25 -41.1447 -40.75 20.85 -53.7 -29.4112 18.6507 -42.0695 -42.75 -12.4281 -95.1026 -51.07 16.2481 -51 21 16.799 -40 -14.75 -16.799 -40 14.75 -19.2524 -103.25 -10.625 -0.647048 -16.2 -2.41481 18.0493 -42.0695 -42.75 -9.75024 -92.5 -59.47 -13.1781 -95.1026 -51.07 -19.275 -101.148 -47.8057 15.51 -92.65 -59.47 -9.19688 -91.5969 -51.07 16.1963 -81.6093 -48.2072 19.0271 -43.9865 -42.75 -16.4447 -101.65 -47.1995 -18.35 -43.9009 -42.75 18.975 -104.68 8.96484 16.526 -103.803 -47.5495 14.2705 -44.5 -15.5 1.11022e-15 -16.2 2.5 19.9521 -103.675 -47.8057 -18.1433 -103.656 -47.95 -16.9514 -103.557 -47.89 0.647048 -16.2 -2.41481 21.1 -80.5788 -45.0412 19.45 -41.1447 -41.9995 -18.5567 -103.656 -47.95 -19.45 -41.1447 -40.75 17.6729 -43.9865 -42.75 11.5827 -95.0268 -57.97 13.95 -92.65 -59.47 11.2 -92.3036 -51.07 -18.35 -44.4578 -42.7222 -18.35 -40.85 -40.75 11.1827 -95.0268 -57.97 -20.52 -105 17.5479 18.35 -103.601 -46.95 18.9406 -42.027 -41.75 10.8 -92.3036 -51.07 10.55 -79.7992 -45.8208 -21.1 -74.8 -42.6475 16.2481 -77.1 21 18.7044 -42.027 -41.75 -20.25 -105 11 -12.2498 -92.5 -59.47 -17.6413 -43.8684 -42.75 -18.35 -99.95 -45.95 14.9058 -90.395 -60.05 16.625 -104.68 8.96484 -16.875 -40.67 -40.75 10.55 -79.7993 -45.8208 15.5 -40.2705 14.2705 18.35 -41.2 -42.6057 -15.45 -104.935 11 12.7692 -51 21 20.9 -44.4303 -42.849 17.9956 -42.027 -41.75 -9.19688 -95.2031 -57.77 -8.54736 -91.2219 -57.77 17.7594 -42.027 -41.75 16.7697 -105.5 -48.45 -11 -88.14 -51.07 -1.99186 -16 1.15 -11 -93.9399 -51.07 19.9218 -105 9.775 -8 -97.8462 -58.2747 17.25 -41.1447 -41.9995 -12.8031 -91.5969 -51.07 -16.3 -104.935 11 19.0488 -42.2993 -42.75 21.1 -61.65 -28.1 -19.7486 -103.557 -47.89 -19.0588 -43.8684 -42.75 -20.5203 -51 -13.7297 -20.2553 -101.65 -47.1995 20.85 -61.65 -28.1 16.7479 -103.675 -47.8057 -16.526 -41.9969 -42.3495 18.35 -40.85 -41.9995 -15.45 -104.68 -11 19.0588 -103.568 -46.95 -9.8464 -91.2219 -57.77 8.45 -92.3036 -51.07 18.9406 -101.727 -47.95 -20.9346 -81.707 -46.8322 10.8 -38 -6.61309e-16 -17.4618 -103.024 -46.95 -14.2705 -40.2705 -15.5 18.7044 -101.727 -47.95 -16.1962 -95.65 -58.2747 8.05 -92.3036 -51.07 -1.76777 -38 -1.76777 -17.6131 -43.4754 -42.75 17.6512 -42.2993 -42.75 21 -79.1 12.7692 -17.3505 -42.8201 -42.75 17.9956 -101.727 -47.95 -17.8 -104.68 8.65 19.0315 -43.6822 -41.75 17.7594 -101.727 -47.95 19.2524 -104.935 11.375 17.6413 -103.568 -46.95 -20.73 -44.525 -42.8713 12.7692 -77.1 21 21 -81.7276 -46.8204 18.95 -101.711 -47.95 -7.00762 -90.345 -60.15 -17.2481 -51 20.732 19.4031 -104.574 -47.5495 21.1 -61 -30.25 -17.8 -104.935 -8.65 -19.2382 -103.024 -46.95 -19.0869 -43.4754 -42.75 20.85 -61 -30.25 -17.1308 -43.7539 -42.7222 -12.8031 -95.2031 -57.77 -16.4447 -103.85 -45.95 -19.3 -104.935 11 1.44329e-15 -38.2 11 -12.1536 -91.2219 -57.77 -20.5203 -77.1 -13.7297 18.175 -104.935 11.375 19.0869 -103.175 -46.95 21.1 -75.7172 -29.038 17.6685 -43.6822 -41.75 12.2094 -49 21.15 20.862 -51 -13.2844 20.85 -75.7172 -29.038 19.3495 -102.52 -46.95 -21.15 -79.1 -12.2094 -16.7295 -40.2705 -15.5 17.75 -101.711 -47.95 -20.8 -101.343 -45.95 9.19584 -95.1255 -57.97 -15.9251 -44.45 -43.5018 -19.3495 -42.8201 -42.75 -15.6332 -95.325 -60.15 -21 -101.343 -45.95 -16.9697 -40.5 -43.3647 1.99186 -16 1.15 17.425 -104.935 11.375 16.25 -40 16.799 -16.25 -40 -16.799 -17.8775 -44.1046 -41.75 -20.15 -104.935 11 9.54225 -94.9255 -51.07 19.4996 -43.1681 -42.75 -20.174 -41.9969 -42.3495 15.6782 -105 9.775 -19.0919 -51 19.0919 19.0315 -103.382 -47.95 -13.4526 -91.2219 -57.77 21.0732 -76.8893 -43.0226 18.975 -104.935 13.0352 13.255 -96.5558 -60.05 17.2969 -104.574 -47.5495 -0.647048 -16.2 2.41481 8.84943 -94.9255 -51.07 17.6131 -103.175 -46.95 16.9429 -40.4 -43.3683 21.1 -73.4433 -27.738 20.55 -43.05 -40.75 1.76777 -38 -1.76777 19.025 -105 -13.1218 -18.8225 -44.1046 -41.75 16.3476 -104.935 11.375 20.85 -73.4433 -27.738 -9.52628 -38.2 -5.5 -2.22045e-16 -16.2 -2.5 20.2553 -103.85 -47.1995 -20.15 -104.68 -11 -17.2481 -77.1 20.732 14.75 -40 16.799 -14.75 -40 -16.799 17.8 -103.25 9.5 7.77817 -38.2 7.77817 -19.5692 -43.7539 -42.7222 17.3505 -102.52 -46.95 17.6685 -103.382 -47.95 -8.695 -88.6576 -60.15 21.1 -58.55 -32.616 -14 -97.8462 -58.2747 18.975 -104.68 -8.96484 0.647048 -16.2 2.41481 20.9069 -58.55 -32.616 19.75 -45.4749 -40.75 20.862 -77.1 -13.2844 -15.762 -79.9596 -45.6604 -17.8775 -103.805 -47.95 -17.15 -43.05 -42.75 -17.1688 -43.05 -42.75 17.2004 -43.1681 -42.75 7.09423 -90.395 -60.05 16.625 -104.935 13.0352 -20.2553 -103.85 -45.95 -19.0919 -77.1 19.0919 -15.55 -102.75 -48.95 -17.3108 -102.15 -47.95 11 -98 -58.65 -18.8225 -103.805 -47.95 16.575 -105 -13.1218 -17.8 -105 -8.55 21 -51 16.2481 19.0539 -101.531 -47.9222 21.1 -58.05 -31.75 19.025 -105 13.1218 9.54225 -90.3745 -57.97 -10.6969 -90.025 -51.07 20.8615 -58.05 -31.75 21.1 -59.05 -25.25 21.1 -69.934 -25.75 -20.73 -101.275 -48.95 -18.35 -44.9 -42.6057 -17.425 -103.25 12.4524 -16.95 -100.325 -48.95 16.625 -104.68 -8.96484 19.5312 -102.75 -46.95 -11.3031 -90.025 -51.07 8.84943 -90.3745 -57.97 20.5471 -69.934 -25.75 11 -87.3 -60.15 20.5209 -59.05 -25.25 21.1 -64.875 -27.75 18.35 -104.365 -47.89 -19.5312 -43.05 -42.75 -19.55 -43.05 -42.75 20.4562 -43.05 -42.3495 16.95 -45.4749 -40.75 -17.8 -105 -13.45 9.19584 -90.1745 -51.07 21.1 -74.2586 -30.5794 -18.175 -103.25 12.4524 20.85 -64.875 -27.75 -11 -97.16 -60.05 -16.9422 -43.05 -42.7222 20.73 -44.525 -40.75 17.6461 -101.531 -47.9222 8.745 -96.5558 -60.05 16.4447 -103.85 -47.1995 20.85 -74.2586 -30.5794 16.15 -43.05 -40.75 -19.3892 -102.15 -47.95 21.1 -71.8 -28.838 20.85 -71.8 -28.838 16.7697 -40.3 -43.25 -10.55 -40.8 -43.75 11.5827 -90.2732 -51.07 18.8225 -41.9954 -41.75 18.175 -103.25 9.54763 10.6252 -40.5 2.84701 15.55 -43.05 -40.75 10.6252 -38.2 2.84701 16.8769 -40.334 -43.3769 11.1827 -90.2732 -51.07 19.3892 -103.35 -47.95 16.575 -105 13.1218 21 -77.1 16.2481 19.8352 -104.935 9.825 -2.22163 -16 -0.595284 11.2 -92.9964 -57.97 -14.9924 -90.345 -60.15 -13.305 -88.6576 -60.15 17.425 -103.25 9.54763 18.35 -44.25 -42.75 -17.2004 -102.632 -46.95 17.1688 -102.75 -46.95 10.253 -40 10.253 -10.253 -40 -10.253 17.8775 -41.9954 -41.75 -0.595284 -16 -2.22163 10.8 -92.9964 -57.97 -17.5425 -104.149 -47.89 19.9218 -105 -9.775 -19.75 -100.325 -48.95 19.9521 -101.825 -47.8057 -17.6685 -42.4178 -41.75 19.8352 -104.935 -9.825 -13.2844 -51 20.862 -17.3505 -43.2799 -42.75 -16.2481 -105 21 19.8352 -104.68 -12.175 -19.7578 -43.05 -42.7222 21.1 -54.8 -32.75 0.595284 -16 -2.22163 -16.735 -43.05 -42.69 20.914 -54.8 -32.75 15.762 -42.2588 -43.5232 18.8225 -101.695 -47.95 15.5 -40.2705 -16.7295 21.1 -55.8 -26.25 17.3108 -103.35 -47.95 14.0059 -40 3.75288 -14.0059 -40 -3.75288 -17.6131 -42.6246 -42.75 -14.2705 -44.5 15.5 -19.1575 -104.149 -47.89 -19.0315 -42.4178 -41.75 13.3063 -90.7522 -57.97 20.5733 -55.8 -26.25 -19.4996 -102.632 -46.95 16.2438 -43.05 -42.3495 17.8775 -101.695 -47.95 8.45 -92.9964 -57.97 -9.79792 -92.8621 -59.47 -11 -98.65 -58.2747 -17.8 -103.25 12.5 -12.7692 -49 21 21.1 -69.934 -32.25 19.3495 -102.98 -46.95 8.05 -92.9964 -57.97 -19.3495 -43.2799 -42.75 20.8877 -69.934 -32.25 12.7692 -79.1 21 -17.6685 -102.118 -47.95 -21 -76.8704 -43.0933 -19.0869 -42.6246 -42.75 21.1 -55.3 -25.384 -9.19688 -95.2031 -51.07 -8.54736 -91.2219 -51.07 19.0869 -102.325 -46.95 21.1 -52.1567 -30.538 19.2382 -42.7759 -42.75 7.77817 -40.5 7.77817 16.7479 -101.825 -47.8057 15.7648 -104.935 9.825 -13.2844 -77.1 20.862 21.1 -65.9 -30.25 20.85 -52.1567 -30.538 -9.52628 -40.5 -5.5 20.5279 -55.3 -25.384 20.85 -65.9 -30.25 2.22163 -16 -0.595284 -16.7295 -44.5 15.5 -17.6413 -42.2316 -42.75 -17.7594 -44.073 -41.75 16.1147 -40.2705 14.4352 -19.0315 -102.118 -47.95 -20.52 -51 17.5479 21.1 -63.1249 -29.6275 -19.965 -43.05 -42.69 15.6782 -105 -9.775 -17.9956 -44.073 -41.75 -17.1308 -42.3461 -42.7222 21 -78.7996 -43.8924 20.85 -63.1249 -29.6275 17.3505 -102.98 -46.95 -16.8697 -105.473 -45.95 -17.8 -104.935 9.5 -9.8464 -91.2219 -51.07 15.7648 -104.935 -9.825 -17.6512 -103.501 -46.95 -12.2021 -92.8621 -59.47 17.6131 -102.325 -46.95 15.7648 -104.68 -12.175 -2.41481 -16.2 0.647048 -11 -97.26 -60.15 -17.75 -103.789 -47.95 -18.7044 -44.073 -41.75 -17.6461 -103.969 -47.9222 17.4618 -42.7759 -42.75 -18.9406 -44.073 -41.75 21 -82.5531 -48.95 14.8853 -40.2705 14.4352 -19.0588 -42.2316 -42.75 1.11022e-15 -40.5 11 21.1 -62.6656 -27.9131 21.1 -77.0476 -30.875 -11 -87.3 -58.65 19.0588 -101.932 -46.95 -10.825 -89.8969 -59.47 20.85 -62.6656 -27.9131 21.1 -65.225 -29.9 -19.0488 -103.501 -46.95 20.8157 -77.0476 -30.875 -9.75024 -92.5 -51.07 -18.95 -103.789 -47.95 -8.54736 -94.8281 -57.77 20.85 -65.225 -29.9 -11.175 -89.8969 -59.47 -19.0539 -103.969 -47.9222 -17.7594 -103.773 -47.95 -21.1 -82.694 -48.7048 -17.9956 -103.773 -47.95 -21 -49 12.7692 -19.5692 -42.3461 -42.7222 -12.8031 -95.2031 -51.07 -8.44688 -90.8469 -57.77 -12.1536 -91.2219 -51.07 -20.52 -77.1 17.5479 21 -105 -16.2481 17.6413 -101.932 -46.95 -18.7044 -103.773 -47.95 9.39584 -90.2281 -57.97 -9.8464 -94.8281 -57.77 -18.9406 -103.773 -47.95 -18.35 -42.1991 -42.75 13.6528 -93.9478 -57.97 16.5648 -40.2705 16.1147 8.99584 -90.2281 -57.97 13.95 -92.65 -51.07 18.975 -104.935 -13.0352 19.1575 -101.351 -47.89 -16.15 -102.75 -47.1995 -13.4526 -91.2219 -51.07 -16.4447 -41.95 -40.75 -17.6729 -101.813 -46.95 13.3063 -91.5522 -51.07 0 -16 -2.3 -9.94688 -90.8469 -57.77 19.275 -41.4479 -42.6057 18.5567 -42.1437 -41.75 15.9388 -40.367 -43.5 12.9599 -93.9478 -57.97 -12.2498 -92.5 -51.07 11.3827 -90.3268 -57.97 -10.55 -79.7992 -45.8208 18.1433 -42.1437 -41.75 13.3063 -93.7478 -51.07 -17.425 -104.935 9.54763 21.1 -63.975 -27.75 11.7291 -90.1268 -51.07 20.85 -63.975 -27.75 -16.5 -43.05 -42.6057 -15.9251 -41.65 -43.5018 10.55 -74.8 -43.75 -10.55 -79.7993 -45.8208 -16.9429 -40.6 -43.3683 18.35 -101.899 -46.95 -19.0271 -101.813 -46.95 17.5425 -101.351 -47.89 -18.175 -104.935 9.54763 10.55 -74.8 -43.75 2.41481 -16.2 0.647048 11.3464 -92.85 -57.97 11.0363 -90.1268 -51.07 -12.1536 -94.8281 -57.77 19.2524 -104.935 -11.375 14.4352 -40.2705 16.1147 -18.0493 -103.731 -46.95 -7.09423 -90.395 -60.05 17.425 -41.4479 -42.6057 11 -98 -60.15 11.7827 -95.3732 -57.97 16.625 -104.935 -13.0352 20.2553 -41.95 -41.9995 -12.0531 -90.8469 -57.77 11.4 -92.65 -51.07 10.6536 -92.85 -57.97 16.875 -105.13 -48.9152 -18.6507 -103.731 -46.95 15.9251 -104.15 -45.95 -9.71005 -92.65 -59.47 18.5567 -101.844 -47.95 18.175 -104.935 -11.375 11.7291 -95.1732 -51.07 -13.4526 -94.8281 -57.77 10.9827 -95.3732 -57.97 18.5567 -43.9563 -42.75 18.1433 -101.844 -47.95 19.7486 -43.8575 -42.69 10.6 -92.65 -51.07 18.1433 -43.9563 -42.75 -17.2869 -43.2546 -41.75 -18.35 -41.6422 -42.7222 17.425 -104.935 -11.375 18.35 -100.644 -47.5495 -18.35 -101.135 -47.89 11.0363 -95.1732 -51.07 -13.5531 -90.8469 -57.77 -20.2553 -41.95 -40.75 -20.55 -102.75 -47.1995 8.59641 -92.85 -57.97 15.5 -44.5 14.2705 16.3476 -104.935 -11.375 -20.2 -43.05 -42.6057 -16.875 -105.13 -45.95 7.90359 -92.85 -57.97 8.65 -92.65 -51.07 0 -40.5 -13.5 -17.8 -104.935 -13.35 9.52628 -38.2 -5.5 -12.2899 -92.65 -59.47 -15.7648 -104.68 12.175 -19.4131 -43.2546 -41.75 15.5 -40 17 -15.5 -40 -17 21.1 -73.4433 -27.538 -12.7692 -51 21 7.85 -92.65 -51.07 16.9514 -43.8575 -42.69 -10.6549 -90.2582 -59.47 -17.2869 -102.955 -47.95 21.1 -59.2 -30.25 20.85 -73.4433 -27.538 16.4447 -41.95 -41.9995 20.85 -59.2 -30.25 -14.2705 -44.5 -15.5 9.54594 -40.5 9.54594 -11.3451 -90.2582 -59.47 -16.3 -103.25 11 19.2382 -43.3241 -41.75 6.49 -92.65 -51.07 21.0732 -44.5303 -42.7475 -8.745 -96.5558 -60.05 -21.0732 -81.791 -46.7838 -17.2869 -42.8454 -41.75 -18.35 -99.95 -48.95 -2.16506 -38 1.25 -19.4793 -82.3193 -48.8052 -19.4131 -102.955 -47.95 -18.35 -45.85 -40.75 -20.8 -44.4571 -40.75 5.5 -40.5 9.52628 17.4618 -43.3241 -41.75 -21 -44.4571 -40.75 19.2524 -103.25 11.375 -18.35 -104.95 -45.95 -12.7692 -77.1 21 -16.7295 -44.5 -15.5 -12.2094 -49 21.15 20.2553 -44.15 -40.75 -10.432 -38 2.79525 16.1147 -40.2705 -16.5648 19.2382 -103.024 -47.95 -16.2481 -51 21 -17.25 -104.655 -45.95 -19.3 -103.25 11 13.04 -40.5 -3.49406 18.175 -103.25 11.375 -19.4131 -42.8454 -41.75 -19.8352 -104.68 12.175 -14.9058 -90.395 -60.05 16.749 -105 -48.95 -16.1963 -81.6093 -48.2072 -17.2869 -102.545 -47.95 -1.25 -16.2 2.16506 -21 -51 12.7692 14.8853 -40.2705 -16.5648 12.2094 -79.1 21.15 -11 -98 -58.65 13.5063 -93.8013 -57.97 -9.35307 -38 -5.4 20.306 -104.706 -21.15 17.425 -103.25 11.375 21.1 -53.8 -29.238 13.1063 -93.8013 -57.97 -16.526 -103.803 -47.5495 20.85 -53.8 -29.238 -7.77817 -40.5 7.77817 21.1 -48.5524 -27.125 18.35 -104.95 -47.1995 17.4618 -103.024 -47.95 21.1 -51.3414 -27.4966 -15.5 -40.2705 14.2705 16.875 -40.67 -43.3772 -9.79792 -92.4379 -59.47 20.85 -51.3414 -27.4966 20.6192 -48.5524 -27.125 16.3476 -103.25 11.375 19.45 -104.655 -47.1995 -19.45 -104.655 -45.95 -11 -87.3 -60.15 21.1 -59.525 -29.925 20.85 -59.525 -29.925 -13.255 -96.5558 -60.05 -10.6252 -40.5 2.84701 18.8225 -44.1046 -42.75 -19.4131 -102.545 -47.95 10.253 -40 -10.253 -10.253 -40 10.253 2.16506 -38 1.25 -16.2481 -77.1 21 -20.8 -101.343 -48.95 19.7486 -101.943 -47.89 -21 -101.343 -48.95 1.25 -16.2 2.16506 16.4447 -44.15 -40.75 16.5648 -40.2705 -14.8853 9.19584 -94.3255 -57.97 -8.54736 -94.8281 -51.07 21.1 -101.17 -45.95 19.3892 -42.45 -42.75 -21.0732 -82.5974 -48.7307 17.8775 -44.1046 -42.75 -21 -77.1 12.7692 11.6913 -40.5 -6.75 -16.625 -104.68 8.96484 -18.0493 -42.0695 -42.75 -8.44688 -90.8469 -51.07 -5.4 -38 9.35307 21.1 -70.3 -32.616 11.5827 -95.0268 -51.07 -12.2021 -92.4379 -59.47 17.25 -104.655 -47.1995 20.9069 -70.3 -32.616 -21 -105 16.2481 -18.6507 -42.0695 -42.75 -2.84701 -38.2 -10.6252 11.1827 -95.0268 -51.07 -9.8464 -94.8281 -51.07 21.1 -55.666 -25.75 12.2094 -49 -21.15 -17.6729 -43.9865 -42.75 -16.7697 -105.5 -48.45 -20.174 -103.803 -47.5495 18.35 -101.55 -47.95 20.5471 -55.666 -25.75 20.9346 -82.5037 -48.7558 14.4352 -40.2705 -14.8853 21.1 -62.15 -30.25 -9.94688 -90.8469 -51.07 -16.7479 -103.675 -47.8057 -9.79792 -92.8621 -51.07 17.3108 -42.45 -42.75 16.9514 -101.943 -47.89 20.85 -62.15 -30.25 18.6507 -101.769 -46.95 21.1 -52.1567 -30.338 15.6332 -89.975 -58.65 21.1 -69.8 -31.75 -17.25 -41.1447 -41.9995 6.75 -40.5 -11.6913 20.85 -52.1567 -30.338 -19.0271 -43.9865 -42.75 -18.975 -104.68 8.96484 21 -51 -16.2481 20.8615 -69.8 -31.75 18.0493 -101.769 -46.95 21.1 -70.8 -25.25 16.9429 -105.2 -45.95 -14.75 -40 16.799 14.75 -40 -16.799 19.0271 -103.687 -46.95 21.1 -61 -29.925 20.15 -104.68 11 -18.35 -103.601 -46.95 -17.7594 -42.027 -41.75 20.5209 -70.8 -25.25 -8.44688 -94.4531 -57.77 11 -86.65 -48.95 20.85 -61 -29.925 19.4996 -42.9319 -41.75 -17.9956 -42.027 -41.75 -12.1536 -94.8281 -51.07 -15.6782 -105 9.775 19.1575 -44.4486 -42.69 12.5574 -40 7.25 -12.5574 -40 -7.25 21.1 -49.8828 -29.038 11 -88.04 -60.15 -18.35 -41.2 -42.6057 15.5 -45.2099 15.5 -12.0531 -90.8469 -51.07 20.85 -49.8828 -29.038 -18.7044 -42.027 -41.75 -8.54736 -90.4719 -57.77 21.1 -81.8776 -46.7338 -18.9406 -42.027 -41.75 -12.2021 -92.8621 -51.07 -16.25 -40 16.799 16.25 -40 -16.799 15.5 -44.5 -16.7295 17.6729 -103.687 -46.95 -19.45 -41.1447 -41.9995 -16.9429 -40.4 -40.75 -13.4526 -94.8281 -51.07 -17.6512 -42.2993 -42.75 -9.94688 -94.4531 -57.77 17 -40 15.5 -17 -40 -15.5 -19.9521 -103.675 -47.8057 17.8 -104.935 13.35 -10.725 -90.669 -59.47 -18.35 -40.85 -41.9995 17.5425 -44.4486 -42.69 -17.6413 -103.568 -46.95 21 -77.1 -16.2481 -9.8464 -90.4719 -57.77 -13.5531 -90.8469 -51.07 -17.7594 -101.727 -47.95 -10.825 -89.8969 -51.07 -16.3476 -104.935 11.375 17.2004 -42.9319 -41.75 -11.275 -90.669 -59.47 -2.84701 -38.2 10.6252 19.4996 -102.632 -47.95 -17.9956 -101.727 -47.95 -11.175 -89.8969 -51.07 -7.63675 -38 7.63675 15.762 -74.8 -43.5232 21.1 -63.625 -30.25 9.19584 -95.1255 -51.07 -19.0488 -42.2993 -42.75 15.9251 -101.35 -45.95 19.0315 -42.4178 -42.75 20.85 -63.625 -30.25 -18.7044 -101.727 -47.95 -5.5 -40.5 9.52628 21.1 -66.55 -32.75 21.1 -55.666 -32.25 17.8 -104.68 -8.65 2.84701 -38.2 -10.6252 19.0488 -101.999 -46.95 -17.6685 -43.6822 -41.75 20.914 -66.55 -32.75 -18.9406 -101.727 -47.95 -17.425 -104.935 11.375 20.8877 -55.666 -32.25 -19.0588 -103.568 -46.95 20.862 -51 13.2844 21.1 -67.55 -26.25 -12.0531 -94.4531 -57.77 -17.75 -101.711 -47.95 16.2481 -105 -21 -12.7692 -79.1 21 -6.49 -92.65 -51.07 -17.2969 -104.574 -47.5495 16.1147 -44.5 14.4352 20.5733 -67.55 -26.25 -18.175 -104.935 11.375 -11 -89.85 -59.47 -21.1 -80.5788 -45.0412 -19.9218 -105 9.775 -12.1536 -90.4719 -57.77 17.6685 -42.4178 -42.75 15.45 -104.68 11 -17.6131 -103.175 -46.95 -19.0315 -43.6822 -41.75 17.2004 -102.632 -47.95 17.6512 -101.999 -46.95 14 -40 15.5 -14 -40 -15.5 -16.625 -104.935 13.0352 18.35 -104.856 -47.5495 -17.3505 -102.52 -46.95 -18.95 -101.711 -47.95 19.0488 -43.8007 -41.75 14.0059 -40 -3.75288 -14.0059 -40 3.75288 -16.575 -105 -13.1218 -13.5531 -94.4531 -57.77 14.8853 -44.5 14.4352 -19.2524 -104.935 11.375 18.95 -44.0892 -42.75 13.255 -88.7442 -60.05 19.0539 -44.2692 -42.7222 21.1 -67.05 -25.384 18.175 -104.935 -9.54763 -17.2004 -43.1681 -42.75 -15.55 -43.05 -40.75 -17.8 -103.25 9.5 -13.4526 -90.4719 -57.77 -17.6685 -103.382 -47.95 -20.9 -44.4303 -42.849 13.305 -96.6424 -60.15 20.5279 -67.05 -25.384 -10.55 -74.8 -43.75 -19.4031 -104.574 -47.5495 14.9924 -94.955 -60.15 -19.0869 -103.175 -46.95 -16.625 -104.68 -8.96484 17.425 -104.935 -9.54763 -16.15 -43.05 -40.75 -1.25 -38 -2.16506 17.6512 -43.8007 -41.75 9.59584 -90.5745 -57.97 -10.55 -74.8 -43.75 20.862 -77.1 13.2844 17.8 -105 13.45 17.75 -44.0892 -42.75 -2.16506 -16.2 -1.25 -16.4447 -103.85 -47.1995 17.6461 -44.2692 -42.7222 18.9406 -44.073 -42.75 -19.3495 -102.52 -46.95 18.7044 -44.073 -42.75 -19.0315 -103.382 -47.95 -18.975 -104.935 13.0352 8.79584 -90.5745 -57.97 9.54225 -90.3745 -51.07 -9.71005 -92.65 -51.07 14 -87.4538 -48.95 19.0488 -103.501 -47.95 19.4996 -102.868 -46.95 -16.95 -45.4749 -40.75 -19.025 -105 -13.1218 14.9058 -94.905 -60.05 16.5648 -44.5 16.1147 17.9956 -44.073 -42.75 -19.4996 -43.1681 -42.75 -11 -98 -60.15 -15.5 -40.2705 -16.7295 8.84943 -90.3745 -51.07 21 -49 -12.7692 5.4 -38 9.35307 17.7594 -44.073 -42.75 17.8 -105 8.55 -16.575 -105 13.1218 2.84701 -38.2 10.6252 6.36676 -89.975 -58.65 -15.762 -42.2588 -43.5232 -21 -79.1 12.7692 21.1 -71.9 -28.6648 20.55 -43.05 -41.9995 -18.975 -104.68 -8.96484 21.1 -62.5075 -28.2162 19.0271 -42.1135 -41.75 20.85 -71.9 -28.6648 17.6512 -103.501 -47.95 1.25 -38 -2.16506 20.85 -62.5075 -28.2162 -21 -81.7276 -46.8204 -17.6461 -101.531 -47.9222 20.732 -40 17.2481 -20.732 -40 -17.2481 14.25 -92.1304 -59.47 -9.54594 -40.5 9.54594 11.5827 -95.7196 -57.97 -17.1688 -102.75 -46.95 17.2004 -102.868 -46.95 11.2 -92.9964 -51.07 -12.2899 -92.65 -51.07 14.4352 -44.5 16.1147 -20.862 -51 -13.2844 8.745 -88.7442 -60.05 17.6729 -42.1135 -41.75 11.1827 -95.7196 -57.97 -17.425 -103.25 9.54763 20.9 -44.4303 -40.75 -18.35 -104.365 -47.89 10.8 -92.9964 -51.07 -16.2438 -43.05 -42.3495 -19.75 -45.4749 -40.75 18.6507 -44.0305 -41.75 -19.0539 -101.531 -47.9222 -10.6549 -90.2582 -51.07 -16.8697 -40.3268 -43.35 -20.2553 -103.85 -47.1995 -19.025 -105 13.1218 8.695 -96.6424 -60.15 -15.7648 -104.935 9.825 13.675 -97.2832 -58.65 17.8 -104.935 -9.5 -20.55 -43.05 -40.75 -14.8853 -40.2705 14.4352 -18.175 -103.25 9.54763 18.0493 -44.0305 -41.75 13.6528 -90.9522 -57.97 2.16506 -16.2 -1.25 19.0271 -101.813 -47.95 -17.8775 -41.9954 -41.75 -11.3451 -90.2582 -51.07 21.1 -62.8388 -28.5475 -15.6782 -105 -9.775 -21.0732 -76.8893 -43.0226 20.85 -62.8388 -28.5475 -17.3108 -103.35 -47.95 12.9599 -90.9522 -57.97 -15.7648 -104.935 -9.825 17.5479 -40 20.52 -17.5479 -40 -20.52 -9.75024 -92.8 -59.47 -18.35 -44.25 -42.75 -16.1147 -40.2705 14.4352 -15.7648 -104.68 -12.175 13.3063 -90.7522 -51.07 -19.5312 -102.75 -46.95 -18.8225 -41.9954 -41.75 16.1962 -89.65 -48.95 18.35 -41.435 -42.69 -2.79525 -38 -10.432 12.7692 -49 -21 17.6729 -101.813 -47.95 8.45 -92.9964 -51.07 11.3827 -89.5268 -57.97 -16.7479 -101.825 -47.8057 -6.75 -40.5 -11.6913 9.35307 -38 -5.4 -20.862 -77.1 -13.2844 18.6507 -103.731 -47.95 15.6332 -89.975 -60.15 16.15 -43.05 -41.9995 8.05 -92.9964 -51.07 21.1 -52.1249 -30.2966 -15.51 -92.65 -51.07 20.85 -52.1249 -30.2966 18.0493 -103.731 -47.95 8 -87.4538 -48.95 10.432 -38 2.79525 14.0304 -92.95 -59.47 -17.8775 -101.695 -47.95 21.0732 -101.27 -45.95 -19.3892 -103.35 -47.95 15.5 -45.2099 -15.5 15.9251 -104.15 -48.95 7.00762 -94.955 -60.15 16.8697 -105.473 -48.55 -21 -51 16.2481 21.1 -65.9 -29.9 21.1 -51.3414 -30.5794 -21.1 -40.3 -40.75 -12.2498 -92.8 -59.47 20.85 -65.9 -29.9 -14.4352 -40.2705 16.1147 19.4131 -43.2546 -42.75 20.85 -51.3414 -30.5794 -20.4562 -43.05 -42.3495 -18.8225 -101.695 -47.95 13.5 -40.5 -8.26636e-16 -19.8352 -104.935 9.825 -8.44688 -94.4531 -51.07 -17.3505 -102.98 -46.95 10.55 -78.335 -44.6972 -20.73 -44.525 -40.75 2.81669e-16 -16 2.3 10.55 -78.335 -44.6972 7.09423 -94.905 -60.05 -8.54736 -90.4719 -51.07 -19.9218 -105 -9.775 -17.6131 -102.325 -46.95 -17.4618 -42.7759 -42.75 21.1 -62.5075 -29.7838 -19.9521 -101.825 -47.8057 -19.8352 -104.935 -9.825 -9.79792 -92.4379 -51.07 20.85 -62.5075 -29.7838 8.325 -97.2832 -58.65 -19.8352 -104.68 -12.175 -9.94688 -94.4531 -51.07 19.2524 -103.185 -11.375 16.9697 -105.3 -45.95 -16.5648 -40.2705 16.1147 17.2869 -43.2546 -42.75 15.762 -78.4484 -44.5008 21.1 -59.525 -28.075 19.275 -104.352 -47.8057 20.25 -105 -11 21.1 -73.8 -25.25 -9.52628 -38.2 5.5 -9.8464 -90.4719 -51.07 -19.3495 -102.98 -46.95 20.85 -59.525 -28.075 -21 -77.1 16.2481 20.52 -105 -17.5479 16.1147 -44.5 -16.5648 -19.0869 -102.325 -46.95 15.5 -40 14 -15.5 -40 -14 -2.41481 -38 -0.647048 11 -40.5 -6.66134e-16 21.1 -73.4433 -30.538 18.35 -45.25 -40.75 13.7063 -94.1478 -57.97 20.5209 -73.8 -25.25 -19.2382 -42.7759 -42.75 20.85 -73.4433 -30.538 19.2382 -102.476 -46.95 18.175 -103.185 -11.375 20.644 -82.4912 -48.95 21.1 -75.6904 -29.138 9.39584 -90.2281 -51.07 19.45 -44.9553 -40.75 2.79525 -38 -10.432 20.85 -75.6904 -29.138 3.49406 -40.5 13.04 21.1 -44.6303 -42.6475 13.6528 -93.9478 -51.07 7.63675 -38 7.63675 12.9063 -94.1478 -57.97 8.99584 -90.2281 -51.07 21.1 -61.3 -30.25 -17.6413 -101.932 -46.95 -15.9251 -104.15 -45.95 14.8853 -44.5 -16.5648 -12.2021 -92.4379 -51.07 17.425 -103.185 -11.375 -12.0531 -94.4531 -51.07 -12.2094 -79.1 21.15 20.85 -61.3 -30.25 19.4131 -42.8454 -42.75 -8.54736 -94.0781 -57.77 17.425 -104.352 -47.8057 21.1 -64.2 -30.25 -16.7697 -40.3 -40.75 12.9599 -93.9478 -51.07 20.85 -64.2 -30.25 11.3827 -90.3268 -51.07 -12.1536 -90.4719 -51.07 20.174 -44.1031 -42.3495 -15.5 -44.5 14.2705 -16.625 -104.935 -13.0352 17.4618 -102.476 -46.95 16.3476 -103.185 -11.375 -13.04 -40.5 -3.49406 21 -51 -12.7692 21.1 -74.3337 -29.438 -19.0588 -101.932 -46.95 11 -93.05 -57.97 -9.8464 -94.0781 -57.77 -13.5531 -94.4531 -51.07 -2.22163 -16 0.595284 -9.19688 -90.0969 -57.77 20.85 -74.3337 -29.438 -16.875 -105.13 -48.9152 11.7291 -95.5732 -57.97 17.25 -44.9553 -40.75 11.3464 -92.85 -51.07 -11.6913 -40.5 -6.75 -17.5425 -101.351 -47.89 21.1 -53.6 -28.638 16.2481 -51 -21 21.1 -74.1172 -27.438 -13.4526 -90.4719 -51.07 -15.5 -40 17 15.5 -40 -17 17.2869 -42.8454 -42.75 11.7827 -95.3732 -51.07 20.85 -53.6 -28.638 11.0363 -95.5732 -57.97 -17.425 -41.4479 -42.6057 20.85 -74.1172 -27.438 16.5648 -44.5 -14.8853 -18.1433 -42.1437 -41.75 10.6536 -92.85 -51.07 -6.36676 -89.975 -58.65 21.1 -61 -28.075 -18.5567 -42.1437 -41.75 -16.3476 -104.935 -11.375 20.85 -61 -28.075 10.9827 -95.3732 -51.07 13.5063 -90.8058 -57.97 -18.975 -104.935 -13.0352 15.35 -105 -11 1.32262e-15 -38 10.8 -18.35 -101.899 -46.95 15.762 -76.6886 -43.7718 -19.1575 -101.351 -47.89 13.1063 -90.8058 -57.97 2.41481 -38 -0.647048 6.36676 -89.975 -60.15 -21 -78.7996 -43.8924 -11 -86.65 -48.95 -12.1536 -94.0781 -57.77 20.15 -104.935 -11 -17.425 -104.935 -11.375 -12.2094 -49 -21.15 21 -77.1 -12.7692 8.25 -93.05 -57.97 -19.275 -41.4479 -42.6057 -11 -88.04 -60.15 5.80385 -89.65 -48.95 -0.595284 -16 2.22163 -10.725 -90.669 -51.07 -16.4447 -41.95 -41.9995 8.59641 -92.85 -51.07 14.4352 -44.5 -14.8853 16.526 -44.1031 -42.3495 19.4031 -100.926 -47.5495 -21 -82.5531 -48.95 -18.175 -104.935 -11.375 19.3 -104.935 -11 20.9346 -78.7878 -43.913 -18.1433 -101.844 -47.95 16.2481 -77.1 -21 -11.275 -90.669 -51.07 21.1 -75.6586 -29.1794 19.9521 -43.975 -42.6057 15.3492 -92.05 -59.47 17.8 -104.935 8.65 -13.4526 -94.0781 -57.77 -12.8031 -90.0969 -57.77 7.90359 -92.85 -51.07 -18.1433 -43.9563 -42.75 -18.5567 -101.844 -47.95 -16.9514 -43.8575 -42.69 20.85 -75.6586 -29.1794 -14.8853 -40.2705 -16.5648 12.2094 -79.1 -21.15 0.595284 -16 2.22163 12.7692 -51 -21 -18.5567 -43.9563 -42.75 15.55 -43.05 -43.5324 -19.2524 -104.935 -11.375 -18.35 -100.644 -47.5495 14.55 -92.05 -59.47 21.1 -101.17 -48.95 2.22163 -16 0.595284 16.5648 -40.2705 14.8853 13.675 -97.2832 -60.15 18.35 -43.9009 -41.75 21.1 -67.416 -25.75 -21 -105 -16.2481 21.0732 -78.8362 -43.829 17.8 -104.68 -13.35 -3.49406 -40.5 13.04 17.2969 -100.926 -47.5495 -16.1147 -40.2705 -16.5648 -11 -89.85 -51.07 20.5471 -67.416 -25.75 18.5567 -103.656 -46.95 12.5574 -40 -7.25 -12.5574 -40 7.25 18.1433 -103.656 -46.95 21.1 -48.05 -29 19.45 -100.845 -45.95 16.3 -104.935 -11 20.7174 -48.05 -29 -19.7486 -43.8575 -42.69 14.4352 -40.2705 14.8853 -20.2553 -41.95 -41.9995 16.7479 -43.975 -42.6057 12.7692 -77.1 -21 15.45 -104.935 -11 19.0588 -43.8684 -41.75 21.0732 -44.5303 -40.75 18.35 -103.601 -47.95 18.9406 -42.027 -42.75 -16.749 -105 -48.95 -17.4618 -43.3241 -41.75 18.7044 -42.027 -42.75 -14.4352 -40.2705 -14.8853 -8.745 -88.7442 -60.05 11 -88.14 -60.05 19.0919 -105 -19.0919 -16.3476 -103.25 11.375 17.9956 -42.027 -42.75 -8.695 -96.6424 -60.15 21.1 -72 -28.638 -7.00762 -94.955 -60.15 21.1 -74.1172 -30.638 17.25 -100.845 -45.95 17.7594 -42.027 -42.75 21.1 -71.8268 -29.338 17.6413 -43.8684 -41.75 21.1 -105.5 -36.3 20.85 -72 -28.638 20.85 -74.1172 -30.638 18.95 -42.0108 -42.75 20.85 -71.8268 -29.338 18.35 -104.158 -47.9222 13.5063 -93.8013 -51.07 17 -92.65 -48.95 18.35 -100.55 -45.95 19.4031 -44.874 -42.3495 21.1 -77.0476 -27.125 -16.875 -40.67 -43.3772 16.1147 -40.2705 16.5648 -19.2382 -43.3241 -41.75 -17.425 -103.25 11.375 13.1063 -93.8013 -51.07 19.0588 -103.568 -47.95 20.6192 -77.0476 -27.125 -16.4447 -44.15 -40.75 -8 -87.4538 -48.95 19.0869 -43.4754 -41.75 3.75288 -40 14.0059 -3.75288 -40 -14.0059 -16.5648 -40.2705 -14.8853 17.2481 -105 -20.732 -17.4618 -103.024 -47.95 19.3495 -42.8201 -41.75 17.75 -42.0108 -42.75 -7.09423 -94.905 -60.05 -18.175 -103.25 11.375 8.325 -97.2832 -60.15 14.25 -92.1304 -51.07 21.1 -67.416 -32.25 9.54225 -94.5255 -57.97 9.39584 -90.921 -57.97 20.9346 -80.4395 -45.1805 14.8853 -40.2705 16.5648 20.8877 -67.416 -32.25 -15.6332 -89.975 -58.65 8.99584 -90.921 -57.97 11 -97.16 -51.07 19.0315 -43.6822 -42.75 17.6413 -103.568 -47.95 15.9251 -101.35 -48.95 20.9 -101.37 -45.95 8.84943 -94.5255 -57.97 -1.99186 -16 -1.15 -19.2524 -103.25 11.375 17.6131 -43.4754 -41.75 21.1 -58.05 -26.25 17.2969 -44.874 -42.3495 20.174 -101.697 -47.5495 9.19584 -94.3255 -51.07 -10.6252 -38.2 -2.84701 19.0919 -40 19.0919 -19.0919 -40 -19.0919 -18.35 -104.95 -47.1995 -19.2382 -103.024 -47.95 20.5733 -58.05 -26.25 3.49406 -40.5 -13.04 21.1 -51.9835 -27.438 20.2553 -44.15 -41.9995 21.1 -73.4751 -30.2966 21.1 -62.96 -29 17.3505 -42.8201 -41.75 20.85 -51.9835 -27.438 -15.5 -45.2099 15.5 20.85 -73.4751 -30.2966 19.0869 -103.175 -47.95 20.85 -62.96 -29 -0.647048 -38 -2.41481 17.6685 -43.6822 -42.75 -13.255 -88.7442 -60.05 -17.25 -104.655 -47.1995 19.3495 -102.52 -47.95 -15.5 -44.5 -16.7295 16.9697 -40.5 -40.75 -17.8775 -44.1046 -42.75 3.06162e-16 -38 2.5 16.9429 -105.2 -48.8964 -13.305 -96.6424 -60.15 -8.325 -97.2832 -58.65 -9.75024 -92.8 -51.07 -16.9514 -101.943 -47.89 21.1 -51.2663 -29.438 21.1 -65.225 -27.75 14 -40 -15.5 -14 -40 15.5 20.85 -51.2663 -29.438 -1.76777 -16.2 1.76777 20.85 -65.225 -27.75 -20.2553 -44.15 -40.75 -8.54736 -94.0781 -51.07 0.647048 -38 -2.41481 -21.0732 -44.5303 -42.7475 17.2481 -40 20.732 -17.2481 -40 -20.732 17.6131 -103.175 -47.95 -10.85 -93.8998 -59.47 -17.3108 -42.45 -42.75 -16.9429 -105.2 -45.95 19.5692 -103.454 -47.9222 -18.8225 -44.1046 -42.75 16.9429 -105.4 -45.95 21.1 -62.15 -29.9 -11.15 -93.8998 -59.47 20.52 -51 -17.5479 19.0539 -41.8308 -42.7222 20.85 -62.15 -29.9 21 -79.1 -12.7692 17.3505 -102.52 -47.95 -19.45 -104.655 -47.1995 -5.80385 -89.65 -48.95 21.1 -53.8 -28.838 -15.762 -74.8 -43.5232 14.0304 -92.95 -51.07 18.8225 -103.805 -46.95 19.5312 -43.05 -41.75 -9.8464 -94.0781 -51.07 -9.19688 -90.0969 -51.07 20.85 -53.8 -28.838 16.526 -101.697 -47.5495 21.1 -53.7 -28.6648 -20.306 -104.706 -21.15 21.1 -74.2172 -27.4648 1.99186 -16 -1.15 -6.36676 -89.975 -60.15 -15.9251 -101.35 -45.95 18.35 -44.665 -42.69 20.85 -53.7 -28.6648 20.85 -74.2172 -27.4648 -18.35 -101.55 -47.95 -14.8853 -44.5 14.4352 -12.2498 -92.8 -51.07 17.6461 -41.8308 -42.7222 16.4447 -44.15 -41.9995 16.9429 -40.4 -40.75 17.8775 -103.805 -46.95 -14 -87.4538 -48.95 -19.3892 -42.45 -42.75 -15.45 -104.68 11 -19.7486 -101.943 -47.89 -18.0493 -101.769 -46.95 -7.77817 -38.2 -7.77817 17 -40 -15.5 -17 -40 15.5 9.52628 -38.2 5.5 17.1308 -103.454 -47.9222 21 -80.4563 -45.1637 -14.9924 -94.955 -60.15 -10.55 -78.335 -44.6972 11.6913 -40.5 6.75 -18.6507 -101.769 -46.95 -16.2481 -105 -21 -16.1147 -44.5 14.4352 19.3892 -43.65 -42.75 18.175 -103.185 -9.54763 16.25 -40 14.201 -16.25 -40 -14.201 -17.6729 -103.687 -46.95 1.76777 -16.2 1.76777 20.52 -77.1 -17.5479 -10.55 -78.335 -44.6972 20.9346 -76.8642 -43.1163 -12.1536 -94.0781 -51.07 -17.2004 -42.9319 -41.75 17.1688 -43.05 -41.75 19.55 -102.75 -47.95 19.5312 -102.75 -47.95 13.04 -40.5 3.49406 3.75288 -40 -14.0059 -3.75288 -40 14.0059 -17.5425 -44.4486 -42.69 13.2844 -51 -20.862 17.425 -103.185 -9.54763 21.1 -73.4433 -30.338 16.5648 -40.2705 -16.1147 19.9521 -42.125 -42.6057 20.85 -73.4433 -30.338 -9.19688 -93.7031 -57.77 -14.9058 -94.905 -60.05 -17.8 -104.935 13.35 21.1 -75.6904 -28.938 -19.0271 -103.687 -46.95 -12.7692 -49 -21 1.11022e-16 -38.2 -11 20.85 -75.6904 -28.938 14.75 -40 14.201 -14.75 -40 -14.201 -13.675 -97.2832 -58.65 -13.4526 -94.0781 -51.07 -12.8031 -90.0969 -51.07 12.7692 -79.1 -21 18.8225 -41.9954 -42.75 17.8 -104.935 -12.5 -3.49406 -40.5 -13.04 21.1 -58.55 -25.384 17.3108 -43.65 -42.75 18.35 -104.6 -47.8057 -19.1575 -44.4486 -42.69 -14.4352 -44.5 16.1147 -21.1 -101.17 -45.95 21.1 -75.675 -25.7524 -17.8 -104.68 -8.65 20.5279 -58.55 -25.384 -19.4996 -42.9319 -41.75 21.1 -51.9835 -30.638 -11 -40.5 2.22045e-15 -17.2004 -102.632 -47.95 17.1688 -102.75 -47.95 17.15 -102.75 -47.95 20.52 -40 17.5479 -20.52 -40 -17.5479 21.1 -73.4165 -27.638 17.8775 -41.9954 -42.75 20.5472 -75.675 -25.7524 19.7578 -102.75 -47.9222 20.85 -51.9835 -30.638 14.4352 -40.2705 -16.1147 18.35 -45.85 -43.1836 20.85 -73.4165 -27.638 16.95 -45.4749 -43.3673 19.3495 -43.2799 -41.75 19.025 -105 8.87824 -17.6685 -42.4178 -42.75 13.2844 -77.1 -20.862 -17.6512 -101.999 -46.95 -20.15 -104.68 11 19.0869 -42.6246 -41.75 9.54225 -90.7745 -57.97 -20.9346 -82.5037 -48.7558 -0.647048 -38 2.41481 16.7479 -42.125 -42.6057 9.39584 -94.379 -57.97 5 -92.65 -48.95 18.975 -104.68 13.0352 -16.5648 -44.5 16.1147 13.5063 -94.4942 -57.97 9.59584 -90.5745 -51.07 8.99584 -94.379 -57.97 0 -38 -2.5 8.84943 -90.7745 -57.97 -12.8031 -93.7031 -57.77 -17.425 -104.935 -9.54763 -19.0315 -42.4178 -42.75 -8.82188 -90.1974 -57.77 21.0732 -101.27 -48.95 -21 -51 -16.2481 13.1063 -94.4942 -57.97 -19.4996 -102.632 -47.95 -19.0488 -101.999 -46.95 -18.35 -104.856 -47.5495 17.8 -103.185 -9.5 17.3505 -43.2799 -41.75 -13.5 -40.5 2.47991e-15 -17.6512 -43.8007 -41.75 19.0315 -102.118 -46.95 0.647048 -38 2.41481 21.1 -78.8862 -43.7424 8.79584 -90.5745 -51.07 17.6131 -42.6246 -41.75 16.1147 -40.2705 -14.4352 -18.175 -104.935 -9.54763 21.1 -59.05 -32.75 -9.57188 -90.1974 -57.77 19.3495 -102.98 -47.95 -17.75 -44.0892 -42.75 16.575 -105 8.87824 -17.6461 -44.2692 -42.7222 -17.8 -105 13.45 20.914 -59.05 -32.75 16.9422 -102.75 -47.9222 16.35 -92.65 -58.65 19.965 -102.75 -47.89 16.9563 -105.25 -48.883 14.9058 -90.395 -51.07 18.175 -104.935 -12.4524 19.0869 -102.325 -47.95 19.0588 -42.2316 -41.75 16.625 -104.68 13.0352 -19.0488 -43.8007 -41.75 14.8853 -40.2705 -14.4352 17.6685 -102.118 -46.95 -21.1 -81.8776 -46.7338 -18.95 -44.0892 -42.75 17.425 -104.935 -12.4524 -19.0539 -44.2692 -42.7222 -17.7594 -44.073 -42.75 6.75 -40.5 11.6913 -17.8 -105 8.55 -17.9956 -44.073 -42.75 21.1 -44.6303 -40.75 17.3505 -102.98 -47.95 21.1 -53.7732 -29.338 -15.6332 -89.975 -60.15 -17.6512 -103.501 -47.95 -17.2004 -102.868 -46.95 -21 -77.1 -16.2481 15.3492 -92.05 -51.07 17.6131 -102.325 -47.95 16.8697 -40.3268 -43.35 20.85 -53.7732 -29.338 11.5827 -95.7196 -51.07 17.6413 -42.2316 -41.75 -18.7044 -44.073 -42.75 19.0919 -51 -19.0919 -16.1962 -89.65 -48.95 21.1 -75.675 -32.2476 -15.5 -45.2099 -15.5 11.1827 -95.7196 -51.07 -18.9406 -44.073 -42.75 13.7063 -91.1522 -57.97 20.8876 -75.675 -32.2476 -12.4281 -90.1974 -57.77 7.25 -40 12.5574 -7.25 -40 -12.5574 14.55 -92.05 -51.07 19.1575 -41.6514 -42.69 -1.15 -16 1.99186 -16.15 -43.05 -41.9995 -2.5 -16.2 -4.44089e-16 -20.862 -51 13.2844 -17.6729 -42.1135 -41.75 19.0588 -101.932 -47.95 21.1 -52.1835 -27.638 18.9406 -103.773 -46.95 -19.0488 -103.501 -47.95 -13.1781 -90.1974 -57.77 20.85 -52.1835 -27.638 12.9063 -91.1522 -57.97 13.6528 -90.9522 -51.07 16.735 -102.75 -47.89 18.7044 -103.773 -46.95 19.5692 -102.046 -47.9222 21.1 -52.0835 -27.4648 19.9218 -105 12.225 -15.9251 -104.15 -48.95 20.85 -52.0835 -27.4648 15.5 -40.2705 16.7295 11.7291 -89.7268 -57.97 17.2481 -51 -20.732 19.8352 -104.935 12.175 -17.8 -104.935 -9.5 21.1 -105.5 -45.95 12.9599 -90.9522 -51.07 17.9956 -103.773 -46.95 -19.4996 -102.868 -46.95 -8.325 -97.2832 -60.15 19.8352 -104.68 9.825 17.7594 -103.773 -46.95 18.35 -42.1991 -41.75 -19.0271 -42.1135 -41.75 -16.3476 -103.25 -11.375 17.5425 -41.6514 -42.69 16.1962 -95.65 -48.95 17.6413 -101.932 -47.95 20.732 -105 -17.2481 11.0363 -89.7268 -57.97 17.5479 -40 -20.52 -17.5479 -40 20.52 21.1 -60.85 -29.2 -18.0493 -44.0305 -41.75 9.54594 -40.5 -9.54594 20.85 -60.85 -29.2 11.3827 -89.5268 -51.07 19.0919 -77.1 -19.0919 1.15 -16 1.99186 19.8352 -104.68 -9.825 -18.6507 -44.0305 -41.75 -17.6729 -101.813 -47.95 21.1 -74.2172 -30.6112 -17.425 -103.25 -11.375 15.9251 -44.45 -40.75 11 -92.25 -57.97 -16.8697 -105.473 -48.55 18.5567 -42.1437 -42.75 -10.7879 -93.8521 -59.47 20.85 -74.2172 -30.6112 -14.8853 -44.5 -16.5648 13.255 -96.5558 -51.07 -15.762 -78.4484 -44.5008 21.15 -49 12.2094 17.1308 -102.046 -47.9222 15.5 -40 -14 -15.5 -40 14 -20.862 -77.1 13.2844 -12.2094 -79.1 -21.15 18.1433 -42.1437 -42.75 -11.2121 -93.8521 -59.47 20.5203 -51 13.7297 -18.175 -103.25 -11.375 16.5648 -44.5 14.8853 18.35 -40.9438 -42.3495 -18.35 -41.435 -42.69 -5.5 -38.2 -9.52628 18.35 -101.899 -47.95 17.2481 -77.1 -20.732 -19.0271 -101.813 -47.95 16.9429 -40.6 -40.75 -16.1147 -44.5 -16.5648 -12.7692 -51 -21 -18.0493 -103.731 -47.95 -11 -88.14 -60.05 20.2553 -101.65 -45.95 -20.55 -43.05 -41.9995 -19.2524 -103.25 -11.375 21.1 -62.15 -28.1 20.85 -62.15 -28.1 -21 -49 -12.7692 15.6782 -105 12.225 -18.6507 -103.731 -47.95 2.5 -16.2 0 15.7648 -104.935 12.175 7.09423 -90.395 -51.07 -15.762 -40.3902 -43.5232 17.5479 -105 -20.52 -16.9697 -105.3 -45.95 20.732 -40 -17.2481 -20.732 -40 17.2481 15.7648 -104.68 9.825 8.25 -92.25 -57.97 20.2 -102.75 -47.8057 16.7697 -105.5 -45.95 -5 -92.65 -48.95 11 -86.65 -58.2747 14.4352 -44.5 14.8853 -17.2869 -43.2546 -42.75 7.77817 -38.2 -7.77817 13.6528 -94.3478 -57.97 20.5203 -77.1 13.7297 -2.41481 -38 0.647048 15.7648 -104.68 -9.825 21.1 -75.6586 -28.8966 -14.4352 -44.5 -14.8853 -13.675 -97.2832 -60.15 0 -38 -10.8 20.85 -75.6586 -28.8966 13.7063 -94.1478 -51.07 -20.9 -44.4303 -40.75 12.9599 -94.3478 -57.97 16.7697 -40.3 -40.75 -9.19688 -93.7031 -51.07 -12.7692 -77.1 -21 -15.35 -105 -11 10.6252 -38.2 -2.84701 -11 -97.16 -51.07 8.745 -96.5558 -51.07 12.9063 -94.1478 -51.07 -16.2481 -51 -21 19.4131 -102.955 -46.95 5.65 -92.65 -58.65 18.35 -101.342 -47.9222 5.5 -40.5 -9.52628 16.1147 -44.5 16.5648 -19.4131 -43.2546 -42.75 16.4447 -101.65 -45.95 -15.762 -76.6886 -43.7718 -17.425 -104.352 -47.8057 21.1 -61 -27.75 21.1 -64.2 -29.9 18.975 -104.935 8.96484 20.85 -61 -27.75 20.85 -64.2 -29.9 -16.5648 -44.5 -14.8853 21.1 -51.8 -25.25 19.3 -103.185 -11 -18.35 -45.25 -40.75 -10.85 -93.8998 -51.07 -17.4618 -102.476 -46.95 11.3827 -95.7732 -57.97 16.5 -102.75 -47.8057 11 -93.05 -51.07 19.2382 -43.3241 -42.75 -11.15 -93.8998 -51.07 14.8853 -44.5 16.5648 -17.25 -44.9553 -40.75 20.5209 -51.8 -25.25 11.7291 -95.5732 -51.07 -15.55 -43.05 -43.5324 18.975 -104.68 -13.0352 17.2869 -102.955 -46.95 -17.2869 -42.8454 -42.75 -19.275 -104.352 -47.8057 11.0363 -95.5732 -51.07 -14.4352 -40.2705 14.8853 -7.63675 -38 -7.63675 19.2524 -104.935 10.625 -21.0732 -101.27 -45.95 -12.8031 -93.7031 -51.07 -16.2481 -77.1 -21 20.732 -105 17.2481 -2.79525 -38 10.432 -16.526 -44.1031 -42.3495 -8.82188 -90.1974 -51.07 14 -97.8462 -48.95 16.9697 -105.3 -48.833 -19.2382 -102.476 -46.95 16.625 -104.935 8.96484 18.35 -45.25 -41.9995 17.4618 -43.3241 -42.75 16.35 -92.65 -60.15 13.5063 -90.8058 -51.07 21.1 -40.3 -40.75 2.41481 -38 0.647048 13.1063 -90.8058 -51.07 -9.57188 -90.1974 -51.07 19.45 -44.9553 -41.9995 -19.45 -44.9553 -40.75 11.5827 -89.5804 -57.97 18.175 -104.935 10.625 16.3 -103.185 -11 15.61 -92.65 -60.15 19.4131 -102.545 -46.95 8.25 -93.05 -51.07 11.1827 -89.5804 -57.97 5.80385 -95.65 -48.95 -6.75 -40.5 11.6913 -20.25 -105 -11 20.9346 -44.4396 -42.8445 -19.4131 -42.8454 -42.75 19.7486 -42.2425 -42.69 -16.5648 -40.2705 14.8853 17.425 -104.935 10.625 16.625 -104.68 -13.0352 21.0732 -82.6263 -48.95 21.1 -69.8 -26.25 -15.45 -104.935 -11 14 -87.4538 -58.2747 -20.52 -105 -17.5479 20.5733 -69.8 -26.25 10.5595 -80.9211 -47.2821 20.9 -101.37 -48.95 19.9218 -105 -12.225 17.5479 -105 20.52 16.3476 -104.935 10.625 -16.3 -104.935 -11 21.1 -52.0835 -30.6112 -20.644 -82.4912 -48.95 -1.76777 -16.2 -1.76777 17.25 -44.9553 -41.9995 -8.82188 -93.8036 -57.77 15.5 -40.2705 -14.2705 -17.8 -104.935 8.65 20.85 -52.0835 -30.6112 17.2869 -102.545 -46.95 7.25 -40 -12.5574 -7.25 -40 12.5574 -12.4281 -90.1974 -51.07 -11.6913 -40.5 6.75 -20.174 -44.1031 -42.3495 -17.2969 -100.926 -47.5495 -9.57188 -93.8036 -57.77 18.35 -41.85 -42.75 5.5 -38.2 -9.52628 -14.8853 -40.2705 16.5648 -16.7479 -43.975 -42.6057 -10.432 -38 -2.79525 -21.1 -44.6303 -42.6475 16.9514 -42.2425 -42.69 -13.1781 -90.1974 -51.07 18.6507 -42.0695 -41.75 -17.8 -104.68 -13.35 10.6252 -40.5 -2.84701 19.2524 -104.935 -10.625 -21.1 -40.3 -36.3 18.0493 -42.0695 -41.75 -9.35307 -38 5.4 -16.2481 -40 -21 16.2481 -40 21 -16.1147 -40.2705 16.5648 19.0271 -43.9865 -41.75 -18.35 -43.9009 -41.75 2.79525 -38 10.432 -21 -51 -12.7692 16.5648 -44.5 -16.1147 -19.3 -104.935 -11 18.175 -104.935 -10.625 -19.4031 -100.926 -47.5495 7.77817 -40.5 -7.77817 8 -97.8462 -48.95 -18.1433 -103.656 -46.95 21.1 -63.975 -30.25 17.425 -104.935 -10.625 1.76777 -16.2 -1.76777 -20.15 -104.935 -11 -18.5567 -103.656 -46.95 -12.4281 -93.8036 -57.77 -15.9251 -101.35 -48.95 20.85 -63.975 -30.25 17.6729 -43.9865 -41.75 15.6782 -105 -12.225 -17 -92.65 -48.95 18.6507 -101.769 -47.95 -17.25 -100.845 -45.95 16.1962 -89.65 -58.2747 -13.04 -40.5 3.49406 18.975 -104.935 -8.96484 15.3492 -93.25 -59.47 -13.1781 -93.8036 -57.77 18.0493 -101.769 -47.95 -19.9521 -43.975 -42.6057 -10.65 -90.2 -59.47 20.732 -51 -17.2481 16.3476 -104.935 -10.625 -17.6413 -43.8684 -41.75 19.0271 -103.687 -47.95 14.4352 -44.5 -16.1147 -18.35 -103.601 -47.95 -17.7594 -42.027 -42.75 -13.2844 -51 -20.862 -12.7692 -79.1 -21 21.15 -49 -12.2094 14.55 -93.25 -59.47 9.59584 -94.7255 -57.97 19.4996 -42.9319 -42.75 8 -87.4538 -58.2747 -17.9956 -42.027 -42.75 -11.35 -90.2 -59.47 -17.2481 -105 -20.732 -5.5 -40.5 -9.52628 -10.725 -91.5108 -59.47 20.306 -41.094 -21.15 -5.65 -92.65 -58.65 -21 -77.1 -12.7692 15.9251 -41.65 -40.75 -7.09423 -90.395 -51.07 -11.275 -91.5108 -59.47 -18.7044 -42.027 -42.75 9.54225 -94.5255 -51.07 9.39584 -90.921 -51.07 8.79584 -94.7255 -57.97 -1.25 -38 2.16506 19.45 -100.845 -47.1995 19.0488 -42.2993 -41.75 -19.45 -100.845 -45.95 -20.9346 -78.7878 -43.913 -18.9406 -42.027 -42.75 21 -82.5267 -48.7496 -19.0588 -43.8684 -41.75 17.6729 -103.687 -47.95 8.99584 -90.921 -51.07 21.1 -70.3 -25.384 -17.75 -42.0108 -42.75 -18.35 -104.158 -47.9222 16.625 -104.935 -8.96484 8.84943 -94.5255 -51.07 -18.35 -100.55 -45.95 -17.2969 -44.874 -42.3495 20.9346 -74.8 -42.8445 18.9406 -101.727 -46.95 -5.4 -38 -9.35307 20.5279 -70.3 -25.384 18.7044 -101.727 -46.95 -17.6413 -103.568 -47.95 -19.0919 -105 -19.0919 -17.6131 -43.4754 -41.75 -16.9697 -40.5 -40.75 16.1147 -44.5 -14.4352 6.39 -92.65 -60.15 -9.54594 -40.5 -9.54594 17.2004 -42.9319 -42.75 17.6512 -42.2993 -41.75 19.025 -105 -8.87824 20.732 -77.1 -17.2481 18.35 -45.1562 -42.3495 -17.3505 -42.8201 -41.75 -18.95 -42.0108 -42.75 18.35 -100.9 -47.8057 -21.1 -101.17 -48.95 -16.9429 -105.2 -48.8964 17.9956 -101.727 -46.95 -13.2844 -77.1 -20.862 -17.425 -103.25 -9.54763 17.7594 -101.727 -46.95 -21.0732 -78.8362 -43.829 5.65 -92.65 -60.15 20.8 -44.4571 -42.8622 15.51 -92.65 -60.05 17.25 -100.845 -47.1995 17.5479 -51 -20.52 21.0732 -80.5081 -45.1119 19.0488 -101.999 -47.95 -17.6685 -43.6822 -42.75 1.25 -38 2.16506 -19.0588 -103.568 -47.95 14.8853 -44.5 -14.4352 -16.9429 -105.4 -45.95 -18.175 -103.25 -9.54763 1.65327e-15 -40.5 13.5 20.73 -101.275 -45.95 14.75 -40 -14.201 -14.75 -40 14.201 -19.0869 -43.4754 -41.75 -19.4031 -44.874 -42.3495 -16.526 -101.697 -47.5495 18.35 -100.55 -47.1995 17.2481 -40 -20.732 -17.2481 -40 20.732 21 -74.8 -42.8207 21.1 -59.525 -29.2 -16.4447 -44.15 -41.9995 20.85 -59.525 -29.2 -14.4352 -40.2705 -16.1147 -19.3495 -42.8201 -41.75 -17.6131 -103.175 -47.95 13.5063 -91.4987 -57.97 -19.0315 -43.6822 -42.75 17.6512 -101.999 -47.95 21.1 -70.8 -32.75 16.575 -105 -8.87824 -17.3505 -102.52 -47.95 -5.80385 -95.65 -48.95 -10.7879 -93.8521 -51.07 19.8352 -104.935 -12.175 19.0488 -43.8007 -42.75 19.4996 -43.1681 -41.75 20.914 -70.8 -32.75 13.1063 -91.4987 -57.97 16.25 -40 -14.201 -16.25 -40 14.201 -21.0732 -44.5303 -40.75 19.0315 -103.382 -46.95 -11.2121 -93.8521 -51.07 11 -98.65 -48.95 17.8 -103.185 -12.5 19.0919 -40 -19.0919 -19.0919 -40 19.0919 -19.0869 -103.175 -47.95 17.5479 -77.1 -20.52 -8.745 -96.5558 -51.07 -17.1308 -103.454 -47.9222 17.6512 -43.8007 -42.75 15.5 -44.5 16.7295 -16.5648 -40.2705 -16.1147 17.6685 -103.382 -46.95 -21.1 -105.5 -36.3 -17.6461 -41.8308 -42.7222 10.55 -79.8765 -45.9215 -19.3495 -102.52 -47.95 7.63675 -38 -7.63675 13.7297 -51 -20.5203 21 -44.4571 -42.8207 20.9346 -82.5293 -48.95 -17.8775 -103.805 -46.95 -17.1688 -43.05 -41.75 17.2004 -43.1681 -41.75 21.1 -54.8 -25.25 19.4996 -102.868 -47.95 -20.174 -101.697 -47.5495 -18.35 -44.665 -42.69 20.5209 -54.8 -25.25 -17.8 -103.25 -9.5 -19.0539 -41.8308 -42.7222 -20.9346 -80.4395 -45.1805 20.55 -102.75 -45.95 -20.2553 -44.15 -41.9995 -18.8225 -103.805 -46.95 -14.9058 -90.395 -51.07 19.75 -100.325 -45.95 20.732 -51 17.2481 19.0271 -42.1135 -42.75 -20.9 -101.37 -45.95 -19.5692 -103.454 -47.9222 21 -40 16.2481 -21 -40 -16.2481 -11 -86.65 -58.2747 15.762 -43.8412 -43.5232 -14.8853 -40.2705 -14.4352 15.7648 -104.935 -12.175 -17.3108 -43.65 -42.75 5.80385 -89.65 -58.2747 17.8 -104.68 13.35 -16.95 -45.4749 -43.3673 19.75 -45.4749 -42.9999 -19.5312 -43.05 -41.75 -17.15 -102.75 -47.95 21.1 -73.5165 -27.4648 -17.1688 -102.75 -47.95 10.55 -76.6299 -43.9909 17.2004 -102.868 -47.95 -8.82188 -93.8036 -51.07 18.175 -103.185 -12.4524 13.7297 -77.1 -20.5203 20.85 -73.5165 -27.4648 21.1 -76.9152 -42.926 -11 -38.2 1.66533e-15 17.6729 -42.1135 -42.75 -17.8 -104.935 -12.5 -16.7479 -42.125 -42.6057 21.15 -79.1 12.2094 -16.1147 -40.2705 -14.4352 18.6507 -44.0305 -42.75 -9.57188 -93.8036 -51.07 17.425 -103.185 -12.4524 21.1 -82.7263 -48.95 -13.255 -96.5558 -51.07 9.19584 -90.9745 -57.97 -20.52 -51 -17.5479 21.1 -55.3 -32.616 18.0493 -44.0305 -42.75 20.9069 -55.3 -32.616 -17.8775 -41.9954 -42.75 9.54225 -90.7745 -51.07 15.762 -81.4713 -48.0217 -16.35 -92.65 -58.65 21.0732 -74.8 -42.7475 0 -40.5 -11 17.5479 -51 20.52 -19.3892 -43.65 -42.75 16.95 -100.325 -45.95 -18.35 -104.6 -47.8057 20.732 -77.1 17.2481 -16.575 -105 8.87824 9.39584 -94.379 -51.07 13.5063 -94.4942 -51.07 14.0304 -92.35 -59.47 18.175 -104.935 12.4524 8.99584 -94.379 -51.07 8.84943 -90.7745 -51.07 -19.5312 -102.75 -47.95 -21 -79.1 -12.7692 -19.55 -102.75 -47.95 21.1 -59.2 -27.75 -18.8225 -41.9954 -42.75 20.4562 -102.75 -47.5495 13.1063 -94.4942 -51.07 6.49 -92.65 -60.05 -16.9422 -102.75 -47.9222 -18.35 -45.85 -43.1836 20.85 -59.2 -27.75 -17.3505 -43.2799 -41.75 -16.625 -104.68 13.0352 -16.9563 -105.25 -48.883 17.425 -104.935 12.4524 16.15 -102.75 -45.95 5.4 -38 -9.35307 18.8225 -101.695 -46.95 15.55 -102.75 -45.95 -15.5 -40.2705 16.7295 16.799 -40 16.25 -16.799 -40 -16.25 -17.6131 -42.6246 -41.75 9.52628 -40.5 5.5 -12.4281 -93.8036 -51.07 -19.9521 -42.125 -42.6057 -7.77817 -40.5 -7.77817 -20.52 -77.1 -17.5479 18.35 -103.95 -47.95 -2.16506 -38 -1.25 -19.025 -105 8.87824 17.8775 -101.695 -46.95 -13.1781 -93.8036 -51.07 -8 -97.8462 -48.95 19.0919 -105 19.0919 17.5479 -77.1 20.52 -21 -80.4563 -45.1637 19.275 -44.6521 -42.6057 -5.65 -92.65 -60.15 -16.8697 -40.3268 -40.75 -19.3495 -43.2799 -41.75 -17.425 -104.935 -12.4524 10.5583 -80.9231 -47.2848 -17.6685 -102.118 -46.95 -20.9346 -76.8642 -43.1163 -19.0869 -42.6246 -41.75 -18.975 -104.68 13.0352 -17.3505 -102.98 -47.95 -1.62635 -16 -1.62635 13.6528 -91.3522 -57.97 -19.7578 -102.75 -47.9222 -6.39 -92.65 -60.15 13.7297 -51 20.5203 19.2382 -42.7759 -41.75 -18.175 -104.935 -12.4524 -16.735 -102.75 -47.89 -16.1962 -95.65 -48.95 17 -92.65 -58.2747 -10.5595 -80.9211 -47.2821 -2.3 -16 4.22503e-16 13.675 -88.0168 -58.65 15.762 -81.1192 -47.1716 21.1 -60.85 -28.875 13.7063 -91.1522 -51.07 -17.6131 -102.325 -47.95 12.9599 -91.3522 -57.97 14.25 -93.1696 -59.47 9.35307 -38 5.4 14.201 -40 16.25 -14.201 -40 -16.25 -14.4352 -44.5 14.8853 -15.9251 -44.45 -40.75 20.85 -60.85 -28.875 -17.6413 -42.2316 -41.75 -19.0315 -102.118 -46.95 12.0894 -40.55 -43.683 -8 -87.4538 -58.2747 11.7827 -89.9268 -57.97 17.2481 -105 20.732 17.425 -44.6521 -42.6057 16.2438 -102.75 -47.5495 12.9063 -91.1522 -51.07 20.52 -40 -17.5479 -20.52 -40 17.5479 21.1 -49.9414 -29.1794 -19.3495 -102.98 -47.95 -17.2481 -51 -20.732 17.4618 -42.7759 -41.75 17.8 -104.935 12.5 10.9827 -89.9268 -57.97 11.7291 -89.7268 -51.07 20.85 -49.9414 -29.1794 -19.0869 -102.325 -47.95 10.432 -38 -2.79525 -19.0588 -42.2316 -41.75 19.2524 -103.25 10.625 -1.62635 -16 1.62635 19.2382 -102.476 -47.95 -15.6782 -105 12.225 11.3464 -92.45 -57.97 11.0363 -89.7268 -51.07 -16.5648 -44.5 14.8853 -10.6252 -40.5 -2.84701 -17.5425 -41.6514 -42.69 -15.7648 -104.935 12.175 13.7297 -77.1 20.5203 15.762 -40.3902 -43.5232 1.62635 -16 -1.62635 2.16506 -38 -1.25 -17.6413 -101.932 -47.95 -15.7648 -104.68 9.825 -17.7594 -103.773 -46.95 10.6536 -92.45 -57.97 18.175 -103.25 10.625 21.1 -55.8 -31.75 -19.965 -102.75 -47.89 -17.9956 -103.773 -46.95 11.3827 -94.9732 -57.97 -17.1308 -102.046 -47.9222 11 -92.25 -51.07 20.8615 -55.8 -31.75 2.44249e-15 -40 14.5 -8.88178e-16 -40 -14.5 -19.0919 -51 -19.0919 16.9429 -105.4 -48.733 17.425 -103.25 10.625 -18.7044 -103.773 -46.95 -16.9429 -40.6 -40.75 17.4618 -102.476 -47.95 -15.7648 -104.68 -9.825 15.5 -44.5 -14.2705 -18.9406 -103.773 -46.95 -18.35 -42.1991 -41.75 -21.0732 -101.27 -48.95 -19.1575 -41.6514 -42.69 -19.0588 -101.932 -47.95 -17.2481 -77.1 -20.732 -14 -97.8462 -48.95 15.3492 -93.25 -51.07 2.3 -16 -1.40834e-16 -21.1 -78.8862 -43.7424 16.3476 -103.25 10.625 -10.65 -90.2 -51.07 -16.3 -103.25 -11 -16.7697 -105.5 -45.95 -14.8853 -44.5 16.5648 8.59641 -92.45 -57.97 13.255 -88.7442 -51.07 19.4031 -41.226 -42.3495 -2.16506 -16.2 1.25 1.62635 -16 1.62635 21.1 -51.3828 -27.4648 21.1 -62.8388 -29.4525 -18.1433 -42.1437 -42.75 14.55 -93.25 -51.07 21.1 -62.15 -27.75 8.325 -88.0168 -58.65 -5.80385 -89.65 -58.2747 20.85 -62.8388 -29.4525 20.85 -51.3828 -27.4648 -11.35 -90.2 -51.07 -19.5692 -102.046 -47.9222 7.90359 -92.45 -57.97 -10.725 -91.5108 -51.07 20.85 -62.15 -27.75 -18.5567 -42.1437 -42.75 21.1 -74.8 -42.6475 8.25 -92.25 -51.07 -16.1147 -44.5 16.5648 -11.275 -91.5108 -51.07 13.3063 -94.5478 -57.97 -17.5479 -105 -20.52 -18.35 -40.9438 -42.3495 -19.0919 -77.1 -19.0919 21.1 -63.2931 -29 -19.9218 -105 12.225 16.7295 -40.2705 15.5 -18.35 -101.899 -47.95 20.85 -63.2931 -29 -19.8352 -104.935 12.175 13.6528 -94.3478 -51.07 -14 -87.4538 -58.2747 20.52 -105 17.5479 21.1 -73.8 -32.75 -21.1 -44.6303 -40.75 21.1 -64.875 -29.9 20.914 -73.8 -32.75 -19.8352 -104.68 9.825 -16.4447 -101.65 -45.95 20.85 -64.875 -29.9 19.275 -101.148 -47.8057 17.2969 -41.226 -42.3495 18.5567 -101.844 -46.95 14.9058 -94.905 -51.07 21.1 -73.5165 -30.6112 12.9599 -94.3478 -51.07 20.25 -105 11 18.5567 -43.9563 -41.75 20.85 -73.5165 -30.6112 18.1433 -101.844 -46.95 21.1 -73.4165 -30.438 15.6332 -95.325 -58.65 -19.3 -103.25 -11 20.85 -73.4165 -30.438 18.1433 -43.9563 -41.75 -19.8352 -104.68 -9.825 -16.5 -102.75 -47.8057 19.45 -41.1447 -40.75 9.39584 -95.0719 -57.97 20.9346 -81.707 -46.8322 20.5203 -51 -13.7297 8.99584 -95.0719 -57.97 14.2705 -40.2705 15.5 -15.61 -92.65 -60.15 17.425 -101.148 -47.8057 -20.732 -105 -17.2481 -8.82188 -91.4964 -57.77 21.1 -71.8268 -28.738 20.2553 -101.65 -47.1995 18.35 -43.9009 -42.75 -21.1 -105.5 -45.95 20.85 -71.8268 -28.738 16.9098 -105.433 -48.7 2.16506 -16.2 1.25 8.745 -88.7442 -51.07 11.3827 -95.7732 -51.07 -16.35 -92.65 -60.15 -9.57188 -91.4964 -57.77 -6.49 -92.65 -60.05 21.1 -63.625 -27.75 18.5567 -103.656 -47.95 19.7486 -103.557 -47.89 20.73 -44.525 -42.8713 -16.625 -104.935 8.96484 20.85 -63.625 -27.75 -20.5203 -51 13.7297 18.1433 -103.656 -47.95 17.25 -41.1447 -40.75 -17.2869 -102.955 -46.95 21.15 -79.1 -12.2094 -18.35 -101.342 -47.9222 -16.9697 -105.3 -48.833 -15.5 -40.2705 -14.2705 18.35 -44.4578 -42.7222 -20.2553 -101.65 -45.95 18.35 -40.85 -40.75 21 -101.343 -45.95 -21.15 -49 12.2094 20.8 -101.343 -45.95 20.5203 -77.1 -13.7297 19.0588 -43.8684 -42.75 -16.625 -104.68 -13.0352 18.35 -99.95 -45.95 16.799 -40 14.75 -16.799 -40 -14.75 -20.2 -102.75 -47.8057 -17.4618 -43.3241 -42.75 -11 -98.65 -48.95 5 -92.65 -58.2747 -16.3476 -104.935 10.625 11.5827 -89.5804 -51.07 19.2524 -103.185 -10.625 21.1 -62.6656 -30.0869 -18.975 -104.935 8.96484 15.35 -105 11 -10.55 -79.8765 -45.9215 11.1827 -89.5804 -51.07 -19.4131 -102.955 -46.95 -12.4281 -91.4964 -57.77 20.85 -62.6656 -30.0869 11.2 -92.3036 -57.97 16.9514 -103.557 -47.89 17.6413 -43.8684 -42.75 20.15 -104.935 11 16.4447 -101.65 -47.1995 -17.425 -104.935 10.625 20.174 -41.9969 -42.3495 -20.5203 -77.1 13.7297 10.8 -92.3036 -57.97 18.175 -103.185 -10.625 -14.4352 -44.5 -16.1147 -13.1781 -91.4964 -57.77 -18.35 -45.25 -41.9995 -19.2382 -43.3241 -42.75 19.2382 -103.024 -46.95 21.1 -52.1835 -30.438 -18.175 -104.935 10.625 -18.975 -104.68 -13.0352 19.3 -104.935 11 21.1 -73.6165 -27.438 19.0869 -43.4754 -42.75 13.675 -88.0168 -60.15 17.425 -103.185 -10.625 20.85 -52.1835 -30.438 -17.25 -44.9553 -41.9995 20.85 -73.6165 -27.438 14.201 -40 14.75 -14.201 -40 -14.75 19.3495 -42.8201 -42.75 -16.2481 -40 21 16.2481 -40 -21 -17.5479 -105 20.52 20.15 -104.68 -11 -17.2869 -102.545 -46.95 16.875 -40.67 -40.75 -15.6782 -105 -12.225 -16.9514 -42.2425 -42.69 -19.2524 -104.935 10.625 7.09423 -94.905 -51.07 16.3476 -103.185 -10.625 19.0919 -51 19.0919 21.1 -49.9096 -29.138 -10.55 -76.6299 -43.9909 17.4618 -103.024 -46.95 17.6131 -43.4754 -42.75 -16.5648 -44.5 -16.1147 8.45 -92.3036 -57.97 20.85 -49.9096 -29.138 17.8 -104.68 8.65 19.5692 -43.7539 -42.7222 20.2553 -103.85 -45.95 21.1 -52.1567 -27.738 -16.1962 -89.65 -58.2747 8.05 -92.3036 -57.97 20.73 -101.275 -48.95 21.1 -49.925 -25.7524 20.85 -52.1567 -27.738 17.3505 -42.8201 -42.75 -19.45 -44.9553 -41.9995 17.8 -104.935 -8.65 11 -38.2 -8.88178e-16 18.8225 -44.1046 -41.75 20.5472 -49.925 -25.7524 -19.4131 -102.545 -46.95 16.526 -41.9969 -42.3495 16.3 -104.935 11 -16.3476 -104.935 -10.625 -9.52628 -40.5 5.5 -15.9251 -41.65 -40.75 14.0304 -92.35 -51.07 6.36676 -95.325 -58.65 -18.35 -41.85 -42.75 17.2481 -51 20.732 17.8775 -44.1046 -41.75 -19.7486 -42.2425 -42.69 15.45 -104.935 11 -18.0493 -42.0695 -41.75 -14.8853 -44.5 -14.4352 -20.732 -105 17.2481 -17.425 -104.935 -10.625 16.1962 -95.65 -58.2747 17.1308 -43.7539 -42.7222 19.0919 -77.1 19.0919 21.1 -51.3828 -30.6112 -18.6507 -42.0695 -41.75 21.1 -71.9 -29.4112 20.85 -51.3828 -30.6112 20.85 -71.9 -29.4112 21.1 -66.55 -25.25 9.54225 -94.9255 -57.97 -17.6729 -43.9865 -41.75 -18.175 -104.935 -10.625 21.1 -71.8 -29.238 -15.51 -92.65 -60.05 -19.9218 -105 -12.225 20.85 -71.8 -29.238 18.8225 -103.805 -47.95 19.55 -43.05 -42.75 19.5312 -43.05 -42.75 15.45 -104.68 -11 -13.7297 -51 -20.5203 -16.1147 -44.5 -14.4352 16.9697 -40.5 -43.3647 20.5209 -66.55 -25.25 9.59584 -94.7255 -51.07 8.325 -88.0168 -60.15 -16.625 -104.935 -8.96484 16.7295 -40.2705 -15.5 8.84943 -94.9255 -57.97 16.4447 -103.85 -45.95 -19.2524 -104.935 -10.625 19.3892 -102.15 -47.95 -1.25 -16.2 -2.16506 -20.9346 -44.4396 -42.8445 17.8775 -103.805 -47.95 -19.0271 -43.9865 -41.75 -18.0493 -101.769 -47.95 8.79584 -94.7255 -51.07 -16.9429 -40.4 -43.3683 -10.5583 -80.9231 -47.2848 17.2481 -77.1 20.732 -17.8 -103.25 -12.5 21.1 -74.3337 -28.638 -21.0732 -82.6263 -48.95 20.85 -74.3337 -28.638 18.35 -44.9 -42.6057 -18.6507 -101.769 -47.95 19.75 -100.325 -48.95 -20.9 -101.37 -48.95 15.9251 -44.45 -43.5018 17.8 -105 -8.55 -17.6729 -103.687 -47.95 14.25 -93.1696 -51.07 21 -76.8704 -43.0933 21.1 -59.525 -28.875 -17.2004 -42.9319 -42.75 17.1688 -43.05 -42.75 17.15 -43.05 -42.75 20.85 -59.525 -28.875 21.1 -52.1249 -27.7794 19.7578 -43.05 -42.7222 21.1 -73.6165 -30.638 -18.975 -104.935 -8.96484 15.6332 -95.325 -60.15 20.85 -52.1249 -27.7794 14.2705 -40.2705 -15.5 20.85 -73.6165 -30.638 21.1 -49.925 -32.2476 17.3108 -102.15 -47.95 18.175 -103.25 12.4524 -13.7297 -77.1 -20.5203 -5 -92.65 -58.2747 -15.5 -44.5 16.7295 20.8876 -49.925 -32.2476 -8.325 -88.0168 -58.65 21.1 -67.05 -32.616 -17.25 -100.845 -47.1995 -17.6512 -42.2993 -41.75 1.25 -16.2 -2.16506 20.9069 -67.05 -32.616 -19.0271 -103.687 -47.95 17.8 -105 -13.45 -16.575 -105 -8.87824 17.425 -103.25 12.4524 -17.5479 -51 -20.52 -17.7594 -101.727 -46.95 19.4996 -102.632 -46.95 -17.9956 -101.727 -46.95 20.52 -51 17.5479 19.1575 -104.149 -47.89 9.19584 -90.1745 -57.97 16.95 -100.325 -48.95 -8.82188 -91.4964 -51.07 -19.4996 -42.9319 -42.75 21.1 -40.3 -36.3 -19.0488 -42.2993 -41.75 -18.35 -45.1562 -42.3495 -18.35 -100.9 -47.8057 13.5063 -91.4987 -51.07 19.0315 -42.4178 -41.75 -18.7044 -101.727 -46.95 15.762 -79.9596 -45.6604 19.3495 -43.2799 -42.75 -18.9406 -101.727 -46.95 13.1063 -91.4987 -51.07 16.9422 -43.05 -42.7222 -9.57188 -91.4964 -51.07 11.5827 -90.2732 -57.97 -19.45 -100.845 -47.1995 19.965 -43.05 -42.69 -17.425 -103.25 -12.4524 21.1 -82.694 -48.7048 -17.6512 -101.999 -47.95 -1.76777 -38 1.76777 21.1 -53.7732 -28.738 11.1827 -90.2732 -57.97 -12.0894 -40.55 -43.683 21.1 -51.4828 -27.438 19.0869 -42.6246 -42.75 21.1 -53.6 -29.438 -15.762 -43.8412 -43.5232 21 -49 12.7692 20.85 -53.7732 -28.738 -18.35 -100.55 -47.1995 -19.025 -105 -8.87824 21.1 -61.3 -27.75 17.5425 -104.149 -47.89 -15.7648 -104.935 -12.175 20.85 -51.4828 -27.438 20.85 -53.6 -29.438 17.6685 -42.4178 -41.75 -18.175 -103.25 -12.4524 20.85 -61.3 -27.75 15.55 -102.75 -48.95 -16.7697 -40.3 -43.25 17.2004 -102.632 -46.95 2.84701 -40.5 10.6252 -20.732 -51 -17.2481 -16.8769 -40.334 -43.3769 -20.306 -41.094 -21.15 -17.5479 -77.1 -20.52 -19.0488 -101.999 -47.95 21.1 -63.1249 -28.3725 17.3505 -43.2799 -42.75 20.52 -77.1 17.5479 -17.6512 -43.8007 -42.75 -17.2004 -43.1681 -41.75 19.0315 -102.118 -47.95 20.85 -63.1249 -28.3725 17.6131 -42.6246 -42.75 -17.6685 -103.382 -46.95 -8.82188 -95.1026 -57.77 -21.15 -49 -12.2094 -8.745 -88.7442 -51.07 17.8 -103.25 12.5 11 -88.14 -51.07 -13.7297 -51 20.5203 14 -97.8462 -58.2747 -12.4281 -91.4964 -51.07 -15.762 -81.4713 -48.0217 -9.57188 -95.1026 -57.77 -13.675 -88.0168 -58.65 19.0588 -42.2316 -42.75 18.9406 -44.073 -41.75 -21 -82.5267 -48.7496 -19.0488 -43.8007 -42.75 17.6685 -102.118 -47.95 16.735 -43.05 -42.69 18.7044 -44.073 -41.75 19.5692 -42.3461 -42.7222 -19.0315 -103.382 -46.95 </float_array>
          <technique_common>
            <accessor source="#_8084400_EMCS-42-10000044_0-vertex-array" count="2730" stride="3">
              <param name="X" type="float"/>
              <param name="Y" type="float"/>
              <param name="Z" type="float"/>
            </accessor>
          </technique_common>
        </source>
        <source id="_8084400_EMCS-42-10000044_0-normal">
          <float_array id="_8084400_EMCS-42-10000044_0-normal-array" count="1638">0.339161 0.93268 -0.12279 -0.965926 0 0 0.965926 0 0 -0.99203 0 0 0.99203 0 0 0.991445 0 0 -0.991445 0 0 1 0 0 -1 0 0 -0.521612 0.818371 -0.107741 0 0.43379 -0.87964 0 -0.43379 0.87964 -0.0860519 0.697803 -0.697803 0.0860519 0.697803 -0.697803 0.521612 0.818371 -0.107741 -0.965366 0.129334 -0.224014 0.99863 0 0.052336 0 0.81493 -0.472655 -0.347373 0.694747 0.601668 0 1 0 0 -1 0 0.965366 0.129334 -0.224014 -0.99863 0 0.052336 0.347373 0.694747 0.601668 0 0.793353 0.608761 0 -0.793353 -0.608761 0.482963 -0.836516 0 -0.482963 0.836516 0 -0.482963 -0.836516 0 0.482963 0.836516 0 -0.339161 0.12279 -0.93268 0.339161 0.12279 -0.93268 -0.99203 0 -0.126004 0.99203 0 0.126004 -0.521612 0.107741 -0.818371 0 -0.288974 -0.924717 0.521612 0.107741 -0.818371 -0.680072 0.704063 -0.182225 0.132966 -0.0767682 -0.987286 -0.99203 0 0.126004 0.99203 0 -0.126004 -0.132966 -0.0767682 -0.987286 -0.129 0.983161 -0.129436 0.129 0.983161 -0.129436 0 0.858356 0.495572 0.680072 0.704063 -0.182225 0 0.336153 -0.93749 -0.129 0.254461 -0.94966 0.129 0.254461 -0.94966 0 -0.965926 0.258819 0 0.965926 -0.258819 -0.129 0.94966 -0.254461 0.129 0.94966 -0.254461 0 -0.142973 -0.988923 0.462358 -0.288974 0.800828 -0.247786 0.858356 0.429178 -0.462358 -0.288974 0.800828 0.247786 0.858356 0.429178 -0.339161 0.9009 -0.241395 -0.841991 0.477402 0 0.841991 -0.477402 0 0.339161 0.9009 -0.241395 0.841991 0.477402 0 -0.841991 -0.477402 0 0.996434 -0.0843735 0 -0.347373 0.601668 -0.694747 0.462358 -0.288974 -0.800828 -0.935113 0 -0.250563 -0.129 0.91616 -0.379486 0.347373 0.601668 -0.694747 0.129 0.91616 -0.379486 0.957662 0 0.256605 -0.957662 0 -0.256605 -0.793353 0.608761 0 0.793353 -0.608761 0 -0.462358 -0.288974 -0.800828 -0.965926 0 -0.258819 0.965926 0 0.258819 -0.70575 0.407465 -0.472655 0.707107 -0.707107 0 -0.707107 0.707107 0 -0.996434 -0.0843735 0 -0.834714 0.063373 -0.481366 0.935113 0 -0.250563 -0.0714867 0.123819 -0.988923 0.793353 0.608761 0 -0.793353 -0.608761 0 0.0714867 0.123819 -0.988923 0.957662 0 -0.256605 -0.957662 0 0.256605 0.70575 0.407465 -0.472655 -0.707107 -0.707107 0 0.707107 0.707107 0 0.965926 0 -0.258819 -0.965926 0 0.258819 0.834714 0.063373 -0.481366 -0.0860519 0.255414 -0.953216 0.0860519 0.255414 -0.953216 -0.0431033 0.700406 -0.700406 0.0431033 0.700406 -0.700406 -0.609736 0.704063 -0.352031 -0.601668 0.694747 0.347373 0.609736 0.704063 -0.352031 0.168077 -0.291117 -0.93749 0.601668 0.694747 0.347373 -0.168077 -0.291117 -0.93749 0 -0.288974 0.924717 0 -0.258819 -0.965926 0 0.258819 0.965926 0 0.701057 -0.701057 0 0.892881 0.44644 -0.446393 0.257725 -0.816118 0 0.935113 -0.250563 0.446393 -0.257725 -0.816118 -0.965366 0.0340544 -0.258669 -0.0431033 0.256366 -0.956772 0.446393 0.257725 -0.816118 0.0431033 0.256366 -0.956772 -0.965366 0.0669484 -0.249855 -0.115547 0.892881 0.431228 0.115547 0.892881 0.431228 -0.446393 -0.257725 -0.816118 -0.429178 0.858356 0.247786 0.429178 0.858356 0.247786 0.965366 0.0340544 -0.258669 0.965366 0.0669484 -0.249855 0 0.256605 -0.957662 -0.891194 0 -0.41811 0.891194 0 0.41811 0.985762 -0.168145 0 -0.87964 0 -0.43379 0.87964 0 0.43379 -0.22322 0.892881 0.386628 0.891194 0 -0.41811 -0.891194 0 0.41811 0.22322 0.892881 0.386628 -0.129 0.851442 -0.49158 -0.985762 -0.168145 0 0.129 0.851442 -0.49158 -0.965366 0.182907 -0.182907 0.87964 0 -0.43379 -0.87964 0 0.43379 0.467557 -0.809832 -0.250563 -0.497847 0.704063 -0.497847 -0.467557 -0.809832 -0.250563 0 0.50439 0.830259 0.497847 0.704063 -0.497847 0.965366 0.182907 -0.182907 -0.339161 0.241395 -0.9009 -0.81493 0 -0.472655 -0.965366 0.249855 -0.0669484 0.339161 0.241395 -0.9009 -0.132966 0.0767682 -0.987286 0.132966 0.0767682 -0.987286 0.836516 0 0.482963 -0.836516 0 -0.482963 0 0.50439 -0.830259 0 -0.309229 -0.950988 0.81493 7.45058e-09 -0.472655 0.965366 0.249855 -0.0669484 0.347373 -0.601668 -0.694747 -0.858616 0 -0.495722 0.858616 0 0.495722 -0.836516 0 0.482963 0.836516 0 -0.482963 -0.347373 -0.601668 -0.694747 -0.315681 0.892881 0.315681 0.315681 0.892881 0.315681 0.858616 0 -0.495722 -0.858616 0 0.495722 -0.98118 0.0872228 0 0.98118 0.0872228 0 0 0.142973 -0.988923 0 0.802312 -0.596905 -0.168077 0.291117 -0.93749 0.168077 0.291117 -0.93749 -0.352031 0.704063 -0.609736 0.352031 0.704063 -0.609736 -0.816461 0 -0.5774 0.816461 0 0.5774 0.800828 -0.288974 -0.462358 0 -0.836516 0.482963 0 0.836516 -0.482963 0.816461 0 -0.5774 -0.816461 0 0.5774 -0.386628 0.892881 0.22322 -0.0860519 0.91959 -0.380907 -0.800828 -0.288974 -0.462358 0.0860519 0.91959 -0.380907 -0.407465 0.70575 -0.472655 0.386628 0.892881 0.22322 0.407465 0.70575 -0.472655 -0.793353 0 -0.608761 0.793353 0 0.608761 -0.521612 0.790486 -0.21181 0.793353 0 -0.608761 -0.793353 0 0.608761 0.809832 -0.467557 -0.250563 0.521612 0.790486 -0.21181 -0.182225 0.704063 -0.680072 0 -0.258819 0.965926 0 0.258819 -0.965926 -0.495572 0.858356 0 0.477402 -0.841991 0 -0.477402 0.841991 0 0.182225 0.704063 -0.680072 -0.809832 -0.467557 -0.250563 -2.48353e-09 0.858356 2.48353e-09 0.495572 0.858356 0 -0.477402 -0.841991 0 0.477402 0.841991 0 0.0662053 -0.114671 -0.99056 -0.0662053 -0.114671 -0.99056 -0.694747 0.694747 0 0 0.704063 -0.704063 -0.521612 0.409186 -0.70873 -0.521612 0.21181 -0.790486 0.694747 0.694747 0 -0.73411 0 -0.67903 0.73411 0 0.67903 0.521612 0.409186 -0.70873 0.521612 0.21181 -0.790486 -0.834714 0.481366 -0.063373 0.439498 -0.875194 0 -0.439498 0.875194 0 0.608761 -0.793353 0 0.73411 0 -0.67903 -0.73411 0 0.67903 -0.694747 0 -0.694747 -0.439498 -0.875194 0 0.439498 0.875194 0 -0.701057 0 -0.701057 0.701057 0 0.701057 0.834714 0.481366 -0.063373 -0.431228 0.892881 0.115547 0 0.87964 0.43379 0 -0.87964 -0.43379 -0.608761 -0.793353 0 -0.70657 0 -0.70657 0.70657 0 0.70657 -0.707107 0 -0.707107 0.707107 0 0.707107 0.694747 0 -0.694747 0.431228 0.892881 0.115547 0.701057 0 -0.701057 -0.701057 0 0.701057 0.114671 -0.0662053 -0.99056 0.70657 0 -0.70657 -0.70657 0 0.70657 0.707107 0 -0.707107 -0.707107 0 0.707107 -0.114671 -0.0662053 -0.99056 -0.67903 0 -0.73411 0.67903 0 0.73411 -0.834714 0.464964 -0.124587 0 -0.81493 -0.472655 0.67903 0 -0.73411 -0.67903 0 0.73411 0 -0.309229 0.950988 0.834714 0.464964 -0.124587 -0.0860519 0.85463 -0.493421 0.0860519 0.85463 -0.493421 -0.87964 0.43379 0 0.87964 -0.43379 0 0.977689 -0.05698 0 -0.977689 0.05698 0 0.836516 -0.482963 0 -0.836516 0.482963 0 -0.718055 0.695986 0 0.718055 -0.695986 0 0 -0.132411 -0.99056 -0.608761 0 -0.793353 0.608761 0 0.793353 0.87964 0.43379 0 -0.87964 -0.43379 0 -0.836516 -0.482963 0 0.836516 0.482963 0 -0.977689 -0.05698 0 0.977689 0.05698 0 0.718055 0.695986 0 -0.718055 -0.695986 0 0.608761 0 -0.793353 -0.608761 0 0.793353 -0.44644 0.892881 0 -0.5774 0 -0.816461 0.5774 0 0.816461 -0.51545 0 -0.816118 -0.129 0.129436 -0.983161 -0.524427 0 -0.823449 0.44644 0.892881 0 0.129 0.129436 -0.983161 0.51545 -1.86265e-09 -0.816118 0.5774 0 -0.816461 -0.5774 0 0.816461 -0.521612 0.70873 -0.409186 0.524427 0 -0.823449 0.482963 0 0.836516 -0.482963 0 -0.836516 0 -0.508168 -0.829047 0.521612 0.70873 -0.409186 0.0767682 -0.132966 -0.987286 -0.0767682 -0.132966 -0.987286 -0.482963 0 0.836516 0.482963 0 -0.836516 -0.495572 0 -0.858356 -0.495722 0 -0.858616 0.495722 0 0.858616 0 -0.508168 0.829047 -0.129 0.49158 -0.851442 0.129 0.49158 -0.851442 0.495572 0 -0.858356 0.495722 0 -0.858616 -0.495722 0 0.858616 -0.0860519 0.12992 -0.986842 0.0860519 0.12992 -0.986842 -0.43379 0 -0.87964 0.43379 0 0.87964 -0.429178 0.858356 -0.247786 0.43379 0 -0.87964 -0.43379 0 0.87964 -0.41811 0 -0.891194 0.41811 0 0.891194 0 0.704063 0.704063 0.429178 0.858356 -0.247786 0.41811 0 -0.891194 -0.41811 0 0.891194 -0.182225 0.704063 0.680072 0.182225 0.704063 0.680072 0 0.72328 -0.680861 -0.0431033 0.130405 -0.990523 0.0431033 0.130405 -0.990523 -0.431228 0.892881 -0.115547 -0.336153 0 -0.93749 0.431228 0.892881 -0.115547 -0.341748 0 -0.939792 0 0.130526 -0.991445 0.336153 0 -0.93749 0.341748 0 -0.939792 0.70575 -0.407465 -0.472655 -0.467557 0.809832 -0.250563 -0.339161 0.807725 -0.46634 -0.256605 0 -0.957662 0.256605 0 0.957662 0.467557 0.809832 -0.250563 -0.70575 -0.407465 -0.472655 -0.834714 0.416875 -0.240683 0.256605 0 -0.957662 -0.256605 0 0.957662 0.339161 0.807725 -0.46634 -0.258819 0 -0.965926 0.258819 0 0.965926 0 0 0.965926 0 0 -0.965926 0 0.707107 -0.707107 0 -0.707107 0.707107 0.258819 0 -0.965926 -0.258819 0 0.965926 0.834714 0.416875 -0.240683 0.429178 -0.247786 -0.858356 -0.352031 0.704063 0.609736 -0.153536 0 -0.987286 -0.429178 -0.247786 -0.858356 0.352031 0.704063 0.609736 -0.142973 0 -0.988923 -0.0662053 0.114671 -0.99056 0.153536 0 -0.987286 -0.132411 0 -0.99056 0.0662053 0.114671 -0.99056 -0.130095 0 -0.991502 0.142973 0 -0.988923 -0.126004 0 -0.99203 0.126004 0 0.99203 -0.0431033 0.608196 -0.792616 0 0 -0.991445 0 0 0.991445 0.0431033 0.608196 -0.792616 0.132411 0 -0.99056 0 0 0.99203 0 0 -0.99203 0.130095 0 -0.991502 -0.126004 0 0.99203 0.126004 0 -0.99203 -0.0867847 0 -0.995278 0.0867847 0 -0.995278 -0.0434745 0 -0.999055 0.0434745 0 -0.999055 0 0 -1 0 0 1 -0.601668 0.694747 -0.347373 0.601668 0.694747 -0.347373 -0.601668 0.347373 -0.694747 0.601668 0.347373 -0.694747 -0.386628 0.892881 -0.22322 0.924717 -0.288974 0 0.386628 0.892881 -0.22322 -0.0860519 0.493421 -0.85463 0.0860519 0.493421 -0.85463 0 0.608761 -0.793353 0 -0.608761 0.793353 -0.924717 -0.288974 0 -0.114671 0.0662053 -0.99056 -0.429178 0.247786 -0.858356 0.114671 0.0662053 -0.99056 0.429178 0.247786 -0.858356 -0.247786 0.858356 -0.429178 0.247786 0.858356 -0.429178 -0.339161 0.659504 -0.659504 0.339161 0.659504 -0.659504 -0.0431033 0.857818 -0.495262 0.0431033 0.857818 -0.495262 -0.497847 0.704063 0.497847 0.247786 -0.429178 -0.858356 -0.521612 0.578676 -0.578676 0 0.608761 0.793353 0 -0.608761 -0.793353 0.497847 0.704063 0.497847 -0.247786 -0.429178 -0.858356 0.521612 0.578676 -0.578676 0.291117 -0.168077 -0.93749 -0.809832 0.467557 -0.250563 0.43379 -0.87964 0 0 0.132411 -0.99056 -0.315681 0.892881 -0.315681 -0.291117 -0.168077 -0.93749 -0.43379 -0.87964 0 0.315681 0.892881 -0.315681 0 0.858356 -0.495572 0.809832 0.467557 -0.250563 -0.247786 0.429178 -0.858356 -0.0767682 0.132966 -0.987286 0.0767682 0.132966 -0.987286 -0.369274 0.92932 0 0.369274 -0.92932 0 0.247786 0.429178 -0.858356 0 -0.495572 -0.858356 -0.369274 -0.92932 0 0.369274 0.92932 0 0 0.707107 0.707107 0 -0.707107 -0.707107 -0.22322 0.892881 -0.386628 0.22322 0.892881 -0.386628 -0.257725 0.446393 -0.816118 0.257725 0.446393 -0.816118 -0.965366 0.224014 -0.129334 0.257725 -0.446393 -0.816118 -0.0431033 0.792616 -0.608196 0.0431033 0.792616 -0.608196 -0.257725 -0.446393 -0.816118 -0.0431033 0.495262 -0.857818 0.0431033 0.495262 -0.857818 -0.609736 0.704063 0.352031 0.965366 0.224014 -0.129334 0.123819 -0.0714867 -0.988923 -0.115547 0.892881 -0.431228 -0.123819 -0.0714867 -0.988923 0.115547 0.892881 -0.431228 0.609736 0.704063 0.352031 0 -0.836516 -0.482963 0 0.836516 0.482963 0 -0.153536 -0.987286 -0.347373 0.694747 -0.601668 0 0.892881 -0.44644 0 0.495572 -0.858356 0.347373 0.694747 -0.601668 0.601668 -0.347373 -0.694747 0 0.495722 -0.858616 -0.601668 -0.347373 -0.694747 0.407465 -0.70575 -0.472655 0 0.793208 -0.608951 0 0.644247 -0.764817 -0.407465 -0.70575 -0.472655 -0.965926 0.258819 0 0.965926 -0.258819 0 0 0.793353 -0.608761 0 -0.793353 0.608761 0 -0.965926 -0.258819 0 0.965926 0.258819 -0.965366 0.258669 -0.0340544 -0.965926 -0.258819 0 0.965926 0.258819 0 0.965366 0.258669 -0.0340544 0.695986 -0.718055 0 -0.695986 0.718055 0 0 0.694747 -0.694747 -0.291117 0.168077 -0.93749 0 0.301673 0.953412 -0.695986 -0.718055 0 0.695986 0.718055 0 0.291117 0.168077 -0.93749 -0.989452 0.144859 0 0.989452 -0.144859 0 0.989452 0.144859 0 -0.989452 -0.144859 0 -0.129 0.6952 -0.6952 0.129 0.6952 -0.6952 -0.680072 0.704063 0.182225 0.680072 0.704063 0.182225 0.620178 -0.784461 0 -0.620178 0.784461 0 -0.834714 0.124587 -0.464964 -0.620178 -0.784461 0 0.620178 0.784461 0 0.834714 0.124587 -0.464964 0.800828 -0.288974 0.462358 0 0.99863 0.052336 0 -0.935113 -0.250563 -0.800828 -0.288974 0.462358 -0.538191 0.818214 0 0.538191 -0.818214 0 -0.834714 0.240683 -0.416875 0 0.43379 0.87964 0 -0.43379 -0.87964 -0.538191 -0.818214 0 0.538191 0.818214 0 0 -0.336153 -0.93749 0.834714 0.240683 -0.416875 0.0714867 -0.123819 -0.988923 0 0.87964 -0.43379 0 -0.87964 0.43379 0.258819 -0.965926 0 -0.258819 0.965926 0 -0.339161 0.46634 -0.807725 -0.0714867 -0.123819 -0.988923 0 0.965926 0 0 -0.965926 0 -0.258819 -0.965926 0 0.258819 0.965926 0 0.339161 0.46634 -0.807725 0 0.51545 -0.816118 0 -0.51545 -0.816118 -0.123819 0.0714867 -0.988923 0 -0.482963 -0.836516 0 0.482963 0.836516 0.123819 0.0714867 -0.988923 -0.704063 0.704063 0 0 0.153536 -0.987286 0.704063 0.704063 0 -0.834714 0.340377 -0.340377 0 -0.694747 -0.694747 0 0.694747 0.694747 0 -0.99863 0.052336 0.834714 0.340377 -0.340377 0 -0.482963 0.836516 0 0.482963 -0.836516 0 0.301673 -0.953412 -0.339161 0.93268 -0.12279 </float_array>
          <technique_common>
            <accessor source="#_8084400_EMCS-42-10000044_0-normal-array" count="546" stride="3">
              <param name="X" type="float"/>
              <param name="Y" type="float"/>
              <param name="Z" type="float"/>
            </accessor>
          </technique_common>
        </source>
        <vertices id="_8084400_EMCS-42-10000044_0-vertex-obj">
          <input semantic="POSITION" source="#_8084400_EMCS-42-10000044_0-vertex"/>
        </vertices>
        <triangles material="Nr10000044_0Mat0" count="2824">
          <input semantic="VERTEX" source="#_8084400_EMCS-42-10000044_0-vertex-obj" offset="0"/>
          <input semantic="NORMAL" source="#_8084400_EMCS-42-10000044_0-normal" offset="1"/>
          <p>203 217 1535 217 62 389 203 217 62 389 1187 389 259 104 1535 217 203 217 259 104 203 217 1911 104 82 2 2421 2 693 164 82 2 693 164 1078 164 1187 164 1626 164 588 2 1187 164 588 2 203 2 588 208 1626 323 1456 207 1626 164 1187 164 1959 303 1626 164 1959 303 2377 303 1456 207 1626 323 2377 405 2228 352 2631 352 2377 303 2228 352 2377 303 1959 303 1456 207 2377 405 2631 426 1944 297 2354 297 2631 352 1944 297 2631 352 2228 352 2354 404 1456 207 2631 426 2354 297 1944 297 1159 155 2354 297 1159 155 1590 155 1590 317 1456 207 2354 404 1590 155 1159 155 162 1 1590 155 162 1 550 1 1456 207 1590 317 550 202 82 208 1078 323 907 207 1426 303 1864 303 1078 164 1426 303 1078 164 693 164 907 207 1078 323 1864 405 1728 352 2122 352 1864 303 1728 352 1864 303 1426 303 907 207 1864 405 2122 426 2122 352 1728 352 1402 297 2122 352 1402 297 1843 297 1843 404 907 207 2122 426 1843 297 1402 297 653 155 1843 297 653 155 1043 155 1043 317 907 207 1843 404 2385 1 48 1 1043 155 2385 1 1043 155 653 155 907 207 1043 317 48 202 48 1 2385 1 1343 163 48 1 1343 163 1781 163 907 207 48 202 1781 122 1781 163 1343 163 591 302 1781 163 591 302 973 302 973 55 907 207 1781 122 307 351 728 351 973 302 307 351 973 302 591 302 973 55 728 44 907 207 728 351 307 351 618 296 728 351 618 296 997 296 728 44 997 57 907 207 1364 154 1815 154 997 296 1364 154 997 296 618 296 997 57 1815 123 907 207 2421 2 82 2 1815 154 2421 2 1815 154 1364 154 1874 163 2279 163 550 1 1874 163 550 1 162 1 1456 207 550 202 2279 122 2279 163 1874 163 1100 302 2279 163 1100 302 1522 302 1522 55 1456 207 2279 122 1522 302 1100 302 809 351 1522 302 809 351 1245 351 1522 55 1245 44 1456 207 1119 296 1544 296 1245 351 1119 296 1245 351 809 351 1245 44 1544 57 1456 207 1911 154 2310 154 1544 296 1911 154 1544 296 1119 296 1544 57 2310 123 1456 207 2310 154 1911 154 203 2 2310 154 203 2 588 2 2310 123 588 208 1456 207 1815 123 82 208 907 207 1187 389 62 389 915 463 1187 389 915 463 1959 463 1959 463 915 463 1269 483 1959 463 1269 483 2228 483 2228 483 1269 483 886 460 2228 483 886 460 1944 460 1159 388 1944 460 886 460 1159 388 886 460 15 388 1159 388 15 388 1477 213 1159 388 1477 213 162 213 162 213 1477 213 230 101 162 213 230 101 1874 101 2081 18 1100 18 1874 101 2081 18 1874 101 230 101 1774 539 809 539 1100 18 1774 539 1100 18 2081 18 1774 539 2109 23 1119 23 1774 539 1119 23 809 539 2109 23 259 104 1911 104 2109 23 1911 104 1119 23 986 217 2277 389 693 389 986 217 693 389 2421 217 693 389 2277 389 428 463 693 389 428 463 1426 463 1426 463 428 463 740 483 1426 463 740 483 1728 483 1402 460 1728 483 740 483 1402 460 740 483 397 460 653 388 1402 460 397 460 653 388 397 460 2229 388 653 388 2229 388 924 213 653 388 924 213 2385 213 2385 213 924 213 2462 101 2385 213 2462 101 1343 101 1547 18 591 18 1343 101 1547 18 1343 101 2462 101 1202 539 307 539 591 18 1202 539 591 18 1547 18 1202 539 1577 23 618 23 1202 539 618 23 307 539 1577 23 2505 104 1364 104 1577 23 1364 104 618 23 2505 104 986 217 2421 217 2505 104 2421 217 1364 104 774 2 386 2 1413 164 774 2 1413 164 1853 164 774 208 1853 323 1698 207 2180 303 2580 303 1853 164 2180 303 1853 164 1413 164 1698 207 1853 323 2580 405 2451 352 113 352 2580 303 2451 352 2580 303 2180 303 1698 207 2580 405 113 426 113 352 2451 352 2157 297 113 352 2157 297 2556 297 2556 404 1698 207 113 426 2556 297 2157 297 1376 155 2556 297 1376 155 1823 155 1823 317 1698 207 2556 404 343 1 752 1 1823 155 343 1 1823 155 1376 155 274 2 2624 2 864 164 274 2 864 164 1311 164 274 208 1311 323 1149 207 1671 303 2075 303 1311 164 1671 303 1311 164 864 164 1149 207 1311 323 2075 405 1931 352 2339 352 2075 303 1931 352 2075 303 1671 303 1149 207 2075 405 2339 426 2339 352 1931 352 1651 297 2339 352 1651 297 2047 297 2047 404 1149 207 2339 426 2047 297 1651 297 833 155 2047 297 833 155 1277 155 1277 317 1149 207 2047 404 2586 1 238 1 1277 155 2586 1 1277 155 833 155 1149 207 1277 317 238 202 1698 207 1823 317 752 202 752 1 343 1 2092 163 752 1 2092 163 2489 163 238 1 2586 1 1566 163 238 1 1566 163 1964 163 1149 207 238 202 1964 122 1964 163 1566 163 778 302 1964 163 778 302 1200 302 1200 55 1149 207 1964 122 544 351 917 351 1200 302 544 351 1200 302 778 302 1200 55 917 44 1149 207 917 351 544 351 793 296 917 351 793 296 1229 296 917 44 1229 57 1149 207 1608 154 1996 154 1229 296 1608 154 1229 296 793 296 1229 57 1996 123 1149 207 2624 2 274 2 1996 154 2624 2 1996 154 1608 154 1996 123 274 208 1149 207 1698 207 752 202 2489 122 2489 163 2092 163 1332 302 2489 163 1332 302 1768 302 1768 55 1698 207 2489 122 1047 351 1465 351 1768 302 1047 351 1768 302 1332 302 1768 55 1465 44 1698 207 1465 351 1047 351 1352 296 1465 351 1352 296 1789 296 1465 44 1789 57 1698 207 2123 154 2524 154 1789 296 2123 154 1789 296 1352 296 1789 57 2524 123 1698 207 386 2 774 2 2524 154 386 2 2524 154 2123 154 2524 123 774 208 1698 207 1476 217 229 389 864 389 1476 217 864 389 2624 217 864 389 229 389 2080 463 864 389 2080 463 1671 463 1671 463 2080 463 1773 483 1671 463 1773 483 1931 483 1931 483 1773 483 2108 460 1931 483 2108 460 1651 460 833 388 1651 460 2108 460 833 388 2108 460 258 388 833 388 258 388 1534 213 833 388 1534 213 2586 213 2586 213 1534 213 63 101 2586 213 63 101 1566 101 916 18 778 18 1566 101 916 18 1566 101 63 101 1270 539 544 539 778 18 1270 539 778 18 916 18 1270 539 887 23 793 23 1270 539 793 23 544 539 887 23 14 104 1608 104 887 23 1608 104 793 23 1476 217 2624 217 1608 104 1476 217 1608 104 14 104 925 217 2463 389 1413 389 925 217 1413 389 386 217 1413 389 2463 389 1548 463 1413 389 1548 463 2180 463 2180 463 1548 463 1203 483 2180 463 1203 483 2451 483 2157 460 2451 483 1203 483 2157 460 1203 483 1578 460 1376 388 2157 460 1578 460 1376 388 1578 460 2506 388 1376 388 2506 388 987 213 1376 388 987 213 343 213 343 213 987 213 2278 101 343 213 2278 101 2092 101 429 18 1332 18 2092 101 429 18 2092 101 2278 101 741 539 1047 539 1332 18 741 539 1332 18 429 18 741 539 398 23 1352 23 741 539 1352 23 1047 539 398 23 2230 104 2123 104 398 23 2123 104 1352 23 2230 104 925 217 386 217 2230 104 386 217 2123 104 1525 206 1137 67 556 149 1525 206 556 149 1312 344 1137 1 1525 275 832 275 1137 1 832 275 496 1 1740 386 666 386 1062 386 1062 386 666 386 1950 386 1062 386 1950 386 293 386 293 386 1950 386 298 386 293 386 298 386 503 386 1345 386 1389 386 1369 386 1369 386 1389 386 1020 386 1369 386 1020 386 992 386 992 386 1020 386 380 386 992 386 380 386 354 386 354 386 380 386 1438 386 354 386 1438 386 1410 386 1410 386 1438 386 769 386 1410 386 769 386 756 386 756 386 769 386 1643 386 756 386 1643 386 1612 386 1612 386 1643 386 160 386 1612 386 160 386 118 386 118 386 160 386 2135 386 118 386 2135 386 2105 386 2105 386 2135 386 1556 386 2105 386 1556 386 1507 386 1507 386 1556 386 938 386 1507 386 938 386 897 386 897 386 938 386 217 386 897 386 217 386 193 386 193 386 217 386 1454 386 193 386 1454 386 1416 386 1416 386 1454 386 2296 386 1416 386 2296 386 2262 386 2262 386 2296 386 1650 386 2262 386 1650 386 1618 386 1618 386 1650 386 2689 386 1618 386 2689 386 2658 386 2658 386 2689 386 2051 386 2658 386 2051 386 2023 386 2023 386 2051 386 1693 386 2023 386 1693 386 1668 386 1668 386 1693 386 1740 386 1668 386 1740 386 1062 386 524 386 312 386 315 386 315 386 312 386 1955 386 315 386 1955 386 1081 386 1081 386 1955 386 672 386 1081 386 672 386 1740 386 2540 386 2727 386 2722 386 2722 386 2727 386 1089 386 2722 386 1089 386 1960 386 1960 386 1089 386 2406 386 1960 386 2406 386 1369 386 1369 386 2406 386 1345 386 2413 386 1102 386 1979 386 2413 386 1979 386 1389 386 2413 386 1389 386 1345 386 9 386 2552 386 16 386 9 386 16 386 1979 386 9 386 1979 386 1102 386 1740 386 1693 386 1081 386 1188 513 160 513 1643 436 1188 513 1643 436 2702 436 769 513 1889 513 2702 436 769 513 2702 436 1643 436 1438 276 2523 276 1889 513 1438 276 1889 513 769 513 2615 2 1556 2 2135 276 2615 2 2135 276 447 276 160 513 1188 513 447 276 160 513 447 276 2135 276 1929 28 1261 28 832 275 1929 28 832 275 1525 275 1020 490 2121 490 1461 278 1020 490 1461 278 380 278 1389 278 2481 278 2121 490 1389 278 2121 490 1020 490 2523 276 1438 276 380 278 2523 276 380 278 1461 278 2481 278 1389 278 1979 276 2481 278 1979 276 284 276 284 276 1979 276 16 29 284 276 16 29 1051 29 1888 524 1207 524 1261 28 1888 524 1261 28 1929 28 2552 523 839 523 1051 29 2552 523 1051 29 16 29 839 523 2552 523 9 224 839 523 9 224 1044 224 1948 152 1743 429 1524 84 1948 152 1524 84 43 530 1743 174 1948 484 1622 111 1743 174 1622 111 696 441 2543 78 2400 189 696 441 2543 78 696 441 1622 111 750 419 322 339 2400 189 750 419 2400 189 2543 78 128 267 2446 27 322 27 128 267 322 27 750 267 1948 484 2726 332 144 286 1948 484 144 286 1622 111 556 149 2543 78 1622 111 556 149 1622 111 144 286 2543 78 556 149 1137 67 2543 78 1137 67 750 419 1137 1 496 1 128 267 1137 1 128 267 750 267 2050 266 1271 508 217 508 2050 266 217 508 938 266 2050 266 938 266 1556 2 2050 266 1556 2 2615 2 615 508 2708 266 1650 266 615 508 1650 266 2296 508 615 508 2296 508 1454 432 615 508 1454 432 2536 432 217 508 1271 508 2536 432 217 508 2536 432 1454 432 1102 498 2189 498 1044 224 1102 498 1044 224 9 224 2413 224 717 224 2189 498 2413 224 2189 498 1102 498 1345 523 2428 523 717 224 1345 523 717 224 2413 224 1207 524 1888 524 1896 26 1207 524 1896 26 1217 26 713 230 2406 230 1089 501 713 230 1089 501 2181 501 2181 501 1089 501 2727 230 2181 501 2727 230 1031 230 2428 523 1345 523 2406 230 2428 523 2406 230 713 230 2540 523 822 523 1031 230 2540 523 1031 230 2727 230 822 523 2540 523 2722 27 822 523 2722 27 1029 27 1451 266 776 266 1217 26 1451 266 1217 26 1896 26 2459 265 1369 265 992 492 2459 265 992 492 2104 492 2104 492 992 492 354 265 2104 492 354 265 1431 265 1410 267 2499 267 1431 265 1410 267 1431 265 354 265 1960 267 269 267 1029 27 1960 267 1029 27 2722 27 1369 265 2459 265 269 267 1369 265 269 267 1960 267 1059 83 1451 197 1244 338 1059 83 1244 338 482 158 776 266 1451 266 1059 2 776 266 1059 2 417 2 1160 507 118 507 2105 267 1160 507 2105 267 402 267 1507 1 2577 1 402 267 1507 1 402 267 2105 267 1612 431 2661 431 1862 507 1612 431 1862 507 756 507 2661 431 1612 431 118 507 2661 431 118 507 1160 507 2499 267 1410 267 756 507 2499 267 756 507 1862 507 2668 336 1910 488 1567 116 2668 336 1567 116 79 291 2485 90 482 158 79 291 2485 90 79 291 1567 116 482 158 2485 90 700 427 482 158 700 427 1059 83 700 276 68 276 417 2 700 276 417 2 1059 2 1416 435 2507 435 1235 512 1416 435 1235 512 193 512 2507 435 1416 435 2262 512 2507 435 2262 512 577 512 577 512 2262 512 1618 275 577 512 1618 275 2677 275 897 275 2004 275 2577 1 897 275 2577 1 1507 1 2004 275 897 275 193 512 2004 275 193 512 1235 512 837 402 1393 367 1497 87 837 402 1497 87 2728 533 1707 430 1910 153 2728 533 1707 430 2728 533 1497 87 1910 488 1707 175 665 442 1910 488 665 442 1567 116 1567 116 665 442 2357 191 1567 116 2357 191 2485 90 2357 191 281 343 700 427 2357 191 700 427 2485 90 281 29 2416 29 68 276 281 29 68 276 700 276 950 277 2658 277 2023 489 950 277 2023 489 325 489 1668 277 2721 277 325 489 1668 277 325 489 2023 489 950 277 2677 275 1618 275 950 277 1618 275 2658 277 1062 275 2150 275 2721 277 1062 275 2721 277 1668 277 2150 275 1062 275 293 28 2150 275 293 28 1372 28 1942 421 119 172 1497 87 1942 421 1497 87 1393 367 1497 87 119 172 1125 535 1497 87 1125 535 1707 430 1707 175 1125 46 308 528 1707 175 308 528 665 442 665 442 308 528 1782 17 665 442 1782 17 2357 191 2357 191 1782 17 334 112 2357 191 334 112 281 343 334 523 2454 523 2416 29 334 523 2416 29 281 29 255 497 1950 497 666 223 255 497 666 223 1765 223 1950 497 255 497 1375 223 1950 497 1375 223 298 223 1740 524 59 524 1765 223 1740 524 1765 223 666 223 503 524 1583 524 1372 28 503 524 1372 28 293 28 1583 524 503 524 298 223 1583 524 298 223 1375 223 119 172 1942 421 1417 364 119 172 1417 364 1524 84 1524 84 1743 429 1125 535 1524 84 1125 535 119 172 1743 174 696 441 308 528 1743 174 308 528 1125 46 696 441 2400 189 1782 17 696 441 1782 17 308 528 2400 189 322 339 334 112 2400 189 334 112 1782 17 322 27 2446 27 2454 523 322 27 2454 523 334 523 1955 500 262 500 1777 229 1955 500 1777 229 672 229 262 500 1955 500 312 229 262 500 312 229 1381 229 59 524 1740 524 672 229 59 524 672 229 1777 229 524 524 1604 524 1381 229 524 524 1381 229 312 229 1604 524 524 524 315 26 1604 524 315 26 1387 26 18 264 1693 264 2051 491 18 264 2051 491 349 491 2689 264 980 264 349 491 2689 264 349 491 2051 491 980 264 2689 264 1650 266 980 264 1650 266 2708 266 1081 266 2176 266 1387 26 1081 266 1387 26 315 26 2176 266 1081 266 1693 264 2176 266 1693 264 18 264 556 149 144 286 1366 121 556 149 1366 121 1312 344 1929 144 1525 206 1312 344 1929 144 1312 344 1440 470 1417 364 869 400 43 530 1417 364 43 530 1524 84 869 400 2616 366 2664 363 869 400 2664 363 43 530 2726 360 1948 152 43 530 2726 360 43 530 2664 363 1451 197 1896 142 1399 467 1451 197 1399 467 1244 338 79 291 482 158 1244 338 79 291 1244 338 1322 113 2576 376 837 402 2728 533 2576 376 2728 533 2619 369 1910 153 2668 365 2619 369 1910 153 2619 369 2728 533 2616 366 1587 251 2560 454 2616 366 2560 454 2664 363 2560 454 745 41 2726 360 2560 454 2726 360 2664 363 745 423 1366 121 144 286 745 423 144 286 2726 332 1587 251 1025 212 1028 522 1587 251 1028 522 2560 454 930 301 745 41 2560 454 930 301 2560 454 1028 522 2288 447 1366 121 745 423 2288 447 745 423 930 105 1440 470 1312 344 1366 121 1440 470 1366 121 2288 447 1025 212 519 270 2452 53 1025 212 2452 53 1028 522 1028 522 2452 53 1518 459 1028 522 1518 459 930 301 2604 529 2288 447 930 105 2604 529 930 105 1518 514 2054 255 1440 470 2288 447 2054 255 2288 447 2604 529 1440 470 2054 255 1888 505 1440 470 1888 505 1929 144 59 386 1777 386 1765 386 1765 386 1777 386 262 386 1765 386 262 386 255 386 255 386 262 386 1381 386 255 386 1381 386 1375 386 1375 386 1381 386 1604 386 1375 386 1604 386 1583 386 1583 386 1604 386 1942 386 1583 386 1942 386 1393 386 325 386 2721 386 837 386 837 386 2721 386 2150 386 837 386 2150 386 1393 386 1393 386 2150 386 1372 386 1393 386 1372 386 1583 386 837 386 2576 386 2004 386 837 386 2004 386 1235 386 837 386 1235 386 2507 386 837 386 2507 386 577 386 837 386 577 386 2677 386 837 386 2677 386 950 386 837 386 950 386 325 386 2499 386 1160 386 1545 386 1545 386 1160 386 402 386 1545 386 402 386 2576 386 2576 386 402 386 2577 386 2576 386 2577 386 2004 386 1160 386 2499 386 1862 386 1160 386 1862 386 2661 386 1545 386 999 386 1029 386 1545 386 1029 386 269 386 1545 386 269 386 2459 386 1545 386 2459 386 2104 386 1545 386 2104 386 1431 386 1545 386 1431 386 2499 386 2481 386 284 386 1587 386 1587 386 284 386 1051 386 1587 386 1051 386 1025 386 1025 386 1051 386 839 386 1025 386 839 386 519 386 519 386 839 386 822 386 519 386 822 386 999 386 999 386 822 386 1029 386 1417 386 1942 386 1604 386 1417 386 1604 386 1387 386 1417 386 1387 386 2176 386 1417 386 2176 386 869 386 869 386 2176 386 18 386 869 386 18 386 349 386 869 386 349 386 980 386 869 386 980 386 2708 386 869 386 2708 386 615 386 869 386 615 386 2536 386 869 386 2536 386 1271 386 869 386 1271 386 2050 386 869 386 2050 386 2615 386 869 386 2615 386 2616 386 2702 386 2523 386 1188 386 1188 386 2523 386 1587 386 1188 386 1587 386 447 386 447 386 1587 386 2616 386 447 386 2616 386 2615 386 1587 386 2523 386 1461 386 1587 386 1461 386 2121 386 1587 386 2121 386 2481 386 2428 386 713 386 717 386 717 386 713 386 2181 386 717 386 2181 386 2189 386 2189 386 2181 386 1031 386 2189 386 1031 386 1044 386 1044 386 1031 386 822 386 1044 386 822 386 839 386 2523 386 2702 386 1889 386 519 270 999 211 1001 516 519 270 1001 516 2452 53 1518 459 2452 53 1001 516 1518 459 1001 516 901 300 2604 529 1518 514 901 103 2604 529 901 103 2246 444 2054 255 2604 529 2246 444 2054 255 2246 444 1399 467 1888 505 2054 255 1399 467 1888 505 1399 467 1896 142 999 211 1545 246 2528 452 999 211 2528 452 1001 516 901 300 1001 516 2528 452 901 300 2528 452 715 38 2246 444 901 103 715 418 2246 444 715 418 1322 113 1399 467 2246 444 1322 113 1399 467 1322 113 1244 338 1545 246 2576 376 2619 369 1545 246 2619 369 2528 452 2668 365 715 38 2528 452 2668 365 2528 452 2619 369 79 291 1322 113 715 418 79 291 715 418 2668 336 1865 26 1856 524 2491 524 1865 26 2491 524 2503 26 399 523 1467 523 1680 230 399 523 1680 230 597 230 1467 523 399 523 590 27 1467 523 590 27 1677 27 2090 266 1408 266 1865 26 2090 266 1865 26 2503 26 301 265 1994 265 1645 492 301 265 1645 492 2704 492 2704 492 1645 492 959 265 2704 492 959 265 2072 265 2045 267 348 267 2072 265 2045 267 2072 265 959 265 2569 267 858 267 1677 27 2569 267 1677 27 590 27 1994 265 301 265 858 267 1994 265 858 267 2569 267 1709 83 2090 197 1882 338 1709 83 1882 338 1087 158 1408 266 2090 266 1709 2 1408 266 1709 2 1018 2 718 507 2705 267 1004 267 718 507 1004 267 1816 507 2134 1 446 1 1004 267 2134 1 1004 267 2705 267 2220 431 534 431 2465 507 2220 431 2465 507 1374 507 534 431 2220 431 718 507 534 431 718 507 1816 507 348 267 2045 267 1374 507 348 267 1374 507 2465 507 540 336 2515 488 2178 116 540 336 2178 116 678 291 333 90 1087 158 678 291 333 90 678 291 2178 116 1087 158 333 90 1309 427 1087 158 1309 427 1709 83 1309 276 660 276 1018 2 1309 276 1018 2 1709 2 2055 435 351 435 1871 512 2055 435 1871 512 761 512 351 435 2055 435 143 512 351 435 143 512 1176 512 143 512 2231 275 549 275 143 512 549 275 1176 512 1555 275 2614 275 446 1 1555 275 446 1 2134 1 2614 275 1555 275 761 512 2614 275 761 512 1871 512 598 533 2126 87 2312 430 598 533 2312 430 2515 153 1275 442 2178 116 2515 488 1275 442 2515 488 2312 175 2178 116 1275 442 220 191 2178 116 220 191 333 90 876 343 1309 427 333 90 876 343 333 90 220 191 253 29 660 276 1309 276 253 29 1309 276 876 29 2145 206 1794 67 1162 149 2145 206 1162 149 1939 344 2145 275 1481 275 1099 1 2145 275 1099 1 1794 1 2341 386 1278 386 1712 386 1712 386 1278 386 2555 386 1712 386 2555 386 892 386 892 386 2555 386 898 386 892 386 898 386 1106 386 1961 386 2028 386 1994 386 1994 386 2028 386 1670 386 1994 386 1670 386 1645 386 1645 386 1670 386 983 386 1645 386 983 386 959 386 959 386 983 386 2082 386 959 386 2082 386 2045 386 2045 386 2082 386 1403 386 2045 386 1403 386 1374 386 1374 386 1403 386 2249 386 1374 386 2249 386 2220 386 2220 386 2249 386 739 386 2220 386 739 386 718 386 718 386 739 386 10 386 718 386 10 386 2705 386 2705 386 10 386 2164 386 2705 386 2164 386 2134 386 2134 386 2164 386 1595 386 2134 386 1595 386 1555 386 1555 386 1595 386 785 386 1555 386 785 386 761 386 761 386 785 386 2093 386 761 386 2093 386 2055 386 2055 386 2093 386 180 386 2055 386 180 386 143 386 143 386 180 386 2254 386 143 386 2254 386 2231 386 2231 386 2254 386 552 386 2231 386 552 386 531 386 531 386 552 386 2654 386 531 386 2654 386 2636 386 2636 386 2654 386 2303 386 2636 386 2303 386 2282 386 2282 386 2303 386 2341 386 2282 386 2341 386 1712 386 1123 386 910 386 913 386 913 386 910 386 2563 386 913 386 2563 386 1741 386 1741 386 2563 386 1282 386 1741 386 1282 386 2341 386 399 386 597 386 590 386 590 386 597 386 1751 386 590 386 1751 386 2569 386 2569 386 1751 386 247 386 2569 386 247 386 1994 386 1994 386 247 386 1961 386 251 386 1758 386 2594 386 251 386 2594 386 2028 386 251 386 2028 386 1961 386 613 386 420 386 616 386 613 386 616 386 2594 386 613 386 2594 386 1758 386 2341 386 2303 386 1741 386 2249 436 566 436 1844 513 2249 436 1844 513 739 513 566 436 2249 436 1403 513 566 436 1403 513 2492 513 2082 276 368 276 2492 513 2082 276 2492 513 1403 513 480 2 2164 2 10 276 480 2 10 276 1045 276 739 513 1844 513 1045 276 739 513 1045 276 10 276 1481 275 2145 275 2537 28 1481 275 2537 28 1897 28 1670 490 2724 490 2096 278 1670 490 2096 278 983 278 2028 278 328 278 2724 490 2028 278 2724 490 1670 490 368 276 2082 276 983 278 368 276 983 278 2096 278 328 278 2028 278 2594 276 328 278 2594 276 879 276 879 276 2594 276 616 29 879 276 616 29 1700 29 2491 524 1856 524 1897 28 2491 524 1897 28 2537 28 1758 498 73 498 1694 224 1758 498 1694 224 613 224 73 498 1758 498 251 224 73 498 251 224 1336 224 1961 523 271 523 1336 224 1961 523 1336 224 251 224 420 523 1492 523 1700 29 420 523 1700 29 616 29 1492 523 420 523 613 224 1492 523 613 224 1694 224 1751 501 66 501 1328 230 1751 501 1328 230 247 230 66 501 1751 501 597 230 66 501 597 230 1680 230 271 523 1961 523 247 230 271 523 247 230 1328 230 1614 277 531 277 2636 489 1614 277 2636 489 922 489 2282 277 589 277 922 489 2282 277 922 489 2636 489 549 275 2231 275 531 277 549 275 531 277 1614 277 1712 275 34 275 589 277 1712 275 589 277 2282 277 34 275 1712 275 892 28 34 275 892 28 1998 28 2032 367 2550 421 719 172 2032 367 719 172 2126 87 2126 87 719 172 1783 535 2126 87 1783 535 2312 430 2312 175 1783 46 906 528 2312 175 906 528 1275 442 1275 442 906 528 2381 17 1275 442 2381 17 220 191 220 191 2381 17 929 112 220 191 929 112 876 343 929 523 289 523 253 29 929 523 253 29 876 29 843 497 2555 497 1278 223 843 497 1278 223 2362 223 2555 497 843 497 2006 223 2555 497 2006 223 898 223 2341 524 651 524 2362 223 2341 524 2362 223 1278 223 1106 524 2191 524 1998 28 1106 524 1998 28 892 28 2191 524 1106 524 898 223 2191 524 898 223 2006 223 719 172 2550 421 2056 364 719 172 2056 364 2142 84 2142 84 2343 429 1783 535 2142 84 1783 535 719 172 2343 174 1304 441 906 528 2343 174 906 528 1783 46 1304 441 243 189 2381 17 1304 441 2381 17 906 528 243 189 919 339 929 112 243 189 929 112 2381 17 919 27 283 27 289 523 919 27 289 523 929 523 2563 500 852 500 2374 229 2563 500 2374 229 1282 229 852 500 2563 500 910 229 852 500 910 229 2017 229 651 524 2341 524 1282 229 651 524 1282 229 2374 229 1123 524 2213 524 2017 229 1123 524 2017 229 910 229 2213 524 1123 524 913 26 2213 524 913 26 2026 26 2142 84 2056 364 1529 400 2142 84 1529 400 640 530 2553 152 2343 429 2142 84 2553 152 2142 84 640 530 2343 174 2553 484 2234 111 2343 174 2234 111 1304 441 2234 111 403 78 243 189 2234 111 243 189 1304 441 403 78 1365 419 919 339 403 78 919 339 243 189 1365 267 725 267 283 27 1365 267 283 27 919 27 619 264 2303 264 2654 491 619 264 2654 491 948 491 552 264 1634 264 948 491 552 264 948 491 2654 491 2254 266 571 266 1634 264 2254 266 1634 264 552 264 1741 266 61 266 2026 26 1741 266 2026 26 913 26 61 266 1741 266 2303 264 61 266 2303 264 619 264 2553 484 595 332 730 286 2553 484 730 286 2234 111 1162 149 403 78 2234 111 1162 149 2234 111 730 286 403 78 1162 149 1794 67 403 78 1794 67 1365 419 1794 1 1099 1 725 267 1794 1 725 267 1365 267 2652 266 1909 508 785 508 2652 266 785 508 1595 266 2652 266 1595 266 2164 2 2652 266 2164 2 480 2 571 266 2254 266 180 508 571 266 180 508 1210 508 2093 432 391 432 1210 508 2093 432 1210 508 180 508 391 432 2093 432 785 508 391 432 785 508 1909 508 2090 197 2503 142 2037 467 2090 197 2037 467 1882 338 678 291 1087 158 1882 338 678 291 1882 338 1945 113 445 376 1489 402 598 533 445 376 598 533 490 369 2515 153 540 365 490 369 2515 153 490 369 598 533 2126 87 598 533 1489 402 2126 87 1489 402 2032 367 1162 149 730 286 1990 121 1162 149 1990 121 1939 344 2537 144 2145 206 1939 344 2537 144 1939 344 2083 470 1529 400 481 366 537 363 1529 400 537 363 640 530 595 360 2553 152 640 530 595 360 640 530 537 363 1118 270 1656 211 1658 516 1118 270 1658 516 288 53 288 53 1658 516 1562 300 288 53 1562 300 2139 459 129 444 468 529 2139 514 129 444 2139 514 1562 103 2037 467 2655 255 468 529 2037 467 468 529 129 444 2503 142 2491 505 2655 255 2503 142 2655 255 2037 467 1656 211 2159 246 370 452 1656 211 370 452 1658 516 1562 300 1658 516 370 452 1562 300 370 452 1330 38 129 444 1562 103 1330 418 129 444 1330 418 1945 113 2037 467 129 444 1945 113 2037 467 1945 113 1882 338 2159 246 445 376 490 369 2159 246 490 369 370 452 540 365 1330 38 370 452 540 365 370 452 490 369 678 291 1945 113 1330 418 678 291 1330 418 540 336 651 386 2374 386 2362 386 2362 386 2374 386 852 386 2362 386 852 386 843 386 843 386 852 386 2017 386 843 386 2017 386 2006 386 2006 386 2017 386 2213 386 2006 386 2213 386 2191 386 2191 386 2213 386 2550 386 2191 386 2550 386 2032 386 922 386 589 386 1489 386 1489 386 589 386 34 386 1489 386 34 386 2032 386 2032 386 34 386 1998 386 2032 386 1998 386 2191 386 1489 386 445 386 2614 386 1489 386 2614 386 1871 386 1489 386 1871 386 351 386 1489 386 351 386 1176 386 1489 386 1176 386 549 386 1489 386 549 386 1614 386 1489 386 1614 386 922 386 2465 386 534 386 348 386 348 386 534 386 1816 386 348 386 1816 386 2159 386 2159 386 1816 386 1004 386 2159 386 1004 386 445 386 445 386 1004 386 446 386 445 386 446 386 2614 386 2159 386 1656 386 1677 386 2159 386 1677 386 858 386 2159 386 858 386 301 386 2159 386 301 386 2704 386 2159 386 2704 386 2072 386 2159 386 2072 386 348 386 328 386 879 386 2198 386 2198 386 879 386 1700 386 2198 386 1700 386 1674 386 1674 386 1700 386 1492 386 1674 386 1492 386 1118 386 1118 386 1492 386 1467 386 1118 386 1467 386 1656 386 1656 386 1467 386 1677 386 2056 386 2550 386 2213 386 2056 386 2213 386 2026 386 2056 386 2026 386 61 386 2056 386 61 386 1529 386 1529 386 61 386 619 386 1529 386 619 386 948 386 1529 386 948 386 1634 386 1529 386 1634 386 571 386 1529 386 571 386 1210 386 1529 386 1210 386 391 386 1529 386 391 386 1909 386 1529 386 1909 386 2652 386 1529 386 2652 386 480 386 1529 386 480 386 481 386 2492 386 368 386 1844 386 1844 386 368 386 2198 386 1844 386 2198 386 1045 386 1045 386 2198 386 481 386 1045 386 481 386 480 386 2198 386 368 386 2096 386 2198 386 2096 386 2724 386 2198 386 2724 386 328 386 271 386 1328 386 1336 386 1336 386 1328 386 66 386 1336 386 66 386 73 386 73 386 66 386 1680 386 73 386 1680 386 1694 386 1694 386 1680 386 1467 386 1694 386 1467 386 1492 386 2492 386 1844 386 566 386 481 366 2198 251 432 454 481 366 432 454 537 363 432 454 1363 41 595 360 432 454 595 360 537 363 1363 423 1990 121 730 286 1363 423 730 286 595 332 2198 251 1674 212 1676 522 2198 251 1676 522 432 454 1589 301 1363 41 432 454 1589 301 432 454 1676 522 164 447 1990 121 1363 423 164 447 1363 423 1589 105 2083 470 1939 344 1990 121 2083 470 1990 121 164 447 1674 212 1118 270 288 53 1674 212 288 53 1676 522 2139 459 1589 301 1676 522 2139 459 1676 522 288 53 468 529 164 447 1589 105 468 529 1589 105 2139 514 2655 255 2083 470 164 447 2655 255 164 447 468 529 2491 505 2537 144 2083 470 1879 386 969 386 1543 386 798 387 1333 387 1513 387 1513 387 1333 387 1776 387 1513 387 1776 387 2698 387 2698 387 1776 387 1301 387 2698 387 1301 387 2011 387 2011 387 1301 387 857 387 2011 387 857 387 1333 387 1552 397 295 109 671 109 687 386 1022 386 1012 386 1907 20 1918 20 2044 20 1617 1 400 1 2388 163 1617 1 2388 163 786 163 786 180 2384 180 299 393 786 180 299 393 1617 393 2255 302 786 163 2388 163 2255 302 2388 163 1033 302 786 180 2255 66 1094 66 786 180 1094 66 2384 180 2472 297 1165 155 2396 155 2472 297 2396 155 880 297 880 54 2396 503 978 503 880 54 978 503 2239 54 2396 155 1165 155 400 1 2396 155 400 1 1617 1 299 393 978 503 2396 503 299 393 2396 503 1617 393 1437 386 1419 386 975 386 1437 386 975 386 998 386 1437 40 998 40 373 4 1437 40 373 4 782 4 78 7 975 7 1419 7 78 7 1419 7 487 7 1033 302 1571 351 27 351 1033 302 27 351 2255 302 561 378 157 378 78 381 561 378 78 381 487 381 1659 35 1094 66 2255 66 1659 35 2255 66 27 35 1932 352 2472 297 880 297 1932 352 880 297 353 352 195 20 1101 20 1006 20 195 20 1006 20 1083 20 195 20 1083 20 182 20 195 20 168 20 755 20 195 20 755 20 1380 20 195 20 1380 20 1404 20 195 20 1404 20 469 20 195 20 469 20 561 20 195 20 561 20 487 20 195 20 1419 20 1437 20 195 20 1437 20 782 20 195 20 782 20 210 20 1101 7 195 7 2495 7 1101 7 2495 7 686 7 1101 371 686 371 603 377 1101 371 603 377 1006 377 353 106 880 54 2239 54 353 106 2239 54 1679 106 195 387 210 387 2516 387 195 387 2516 387 2495 387 782 4 373 4 2516 33 782 4 2516 33 210 33 1571 351 988 296 2221 296 1571 351 2221 296 27 351 962 8 71 8 469 8 962 8 469 8 1404 8 469 370 71 370 157 378 469 370 157 378 561 378 1053 75 1659 35 27 35 1053 75 27 35 2221 75 1083 380 1006 377 603 377 1083 380 603 377 674 380 1799 180 2473 393 981 393 1799 180 981 393 228 180 1802 163 449 302 1669 302 1802 163 1669 302 228 163 228 180 1669 66 511 66 228 180 511 66 1799 180 449 302 927 351 2161 351 449 302 2161 351 1669 302 1024 35 511 66 1669 66 1024 35 1669 66 2161 35 1974 1 1179 163 2414 163 1974 1 2414 163 426 1 2141 20 2077 20 2600 20 2600 20 2077 20 248 20 2600 20 248 20 1780 20 1780 20 248 20 260 20 1780 20 260 20 1795 20 1795 20 260 20 2411 20 2141 20 2600 20 2669 20 2141 20 2669 20 1761 20 2141 20 1761 20 237 20 2141 20 237 20 2062 20 1742 20 2352 20 225 20 1742 20 225 20 237 20 1742 20 237 20 1761 20 2600 20 1780 20 2690 20 260 386 248 386 2570 386 260 386 2570 386 2589 386 260 40 2589 40 1965 4 260 40 1965 4 2411 4 2414 180 1174 180 1907 393 2414 180 1907 393 426 393 2414 163 1179 163 2621 302 2414 163 2621 302 1060 302 248 7 2077 7 1652 7 248 7 1652 7 2570 7 2683 66 1174 180 2414 180 2683 66 2414 180 1060 66 2621 302 366 351 1593 351 2621 302 1593 351 1060 302 2141 378 1732 378 1652 381 2141 378 1652 381 2077 381 457 35 2683 66 1060 66 457 35 1060 66 1593 35 366 351 2585 296 1016 296 366 351 1016 296 1593 351 2062 8 237 8 2558 8 2062 8 2558 8 1633 8 2062 370 1633 370 1732 378 2062 370 1732 378 2141 378 457 35 1593 35 1016 75 457 35 1016 75 2641 75 2221 296 988 296 2313 154 2221 296 2313 154 738 154 1404 386 1380 386 937 386 1404 386 937 386 962 386 2307 187 1053 75 2221 75 2307 187 2221 75 738 187 2313 154 309 2 1530 2 2313 154 1530 2 738 154 2484 20 674 20 2442 20 2442 20 674 20 603 20 2442 20 603 20 1932 20 1932 20 603 20 686 20 1932 20 686 20 2472 20 2472 20 686 20 2495 20 2472 20 2495 20 2516 20 2388 20 400 20 1165 20 2388 20 1165 20 2472 20 2388 20 2472 20 2516 20 2388 20 2516 20 373 20 2388 20 373 20 998 20 2388 20 998 20 1033 20 2484 20 2442 20 2468 20 2468 20 2442 20 1096 20 2468 20 1096 20 324 20 324 20 1096 20 2313 20 324 20 2313 20 937 20 937 20 2313 20 988 20 937 20 988 20 71 20 71 20 988 20 1571 20 71 20 1571 20 157 20 157 20 1571 20 78 20 1033 20 998 20 975 20 1033 20 975 20 78 20 1033 20 78 20 1571 20 937 20 71 20 962 20 2313 20 1096 20 309 20 755 3 324 3 937 32 755 3 937 32 1380 32 232 399 2307 187 738 187 232 399 738 187 1530 399 309 2 1096 164 2319 164 309 2 2319 164 1530 2 168 387 182 387 2484 387 168 387 2484 387 2468 387 168 39 2468 39 324 3 168 39 324 3 755 3 232 399 1530 399 2319 506 232 399 2319 506 900 506 2319 164 1096 164 2442 303 2319 164 2442 303 842 303 182 8 1083 8 674 8 182 8 674 8 2484 8 2202 56 900 506 2319 506 2202 56 2319 506 842 56 2442 303 1932 352 353 352 2442 303 353 352 842 303 1679 106 2202 56 842 56 1679 106 842 56 353 106 1016 296 2585 296 1114 154 1016 296 1114 154 2338 154 237 386 225 386 2545 386 237 386 2545 386 2558 386 1109 187 2641 75 1016 75 1109 187 1016 75 2338 187 1114 154 1916 2 335 2 1114 154 335 2 2338 154 2352 3 1925 3 2545 32 2352 3 2545 32 225 32 1833 399 1109 187 2338 187 1833 399 2338 187 335 399 1916 2 2686 164 1120 164 1916 2 1120 164 335 2 1742 387 1761 387 1300 387 1742 387 1300 387 1283 387 1742 39 1283 39 1925 3 1742 39 1925 3 2352 3 2514 506 1833 399 335 399 2514 506 335 399 1120 506 2460 303 1120 164 2686 164 2460 303 2686 164 1246 303 2250 8 1300 8 1761 8 2250 8 1761 8 2669 8 1120 506 2460 56 995 56 1120 506 995 56 2514 506 1246 303 735 352 1951 352 1246 303 1951 352 2460 303 2600 377 2177 377 2250 380 2600 377 2250 380 2669 380 2460 56 1951 106 484 106 2460 56 484 106 995 56 1951 352 735 352 1287 297 1951 352 1287 297 2496 297 1300 20 2250 20 1246 20 1246 20 2250 20 2177 20 1246 20 2177 20 735 20 735 20 2177 20 2263 20 735 20 2263 20 1287 20 1287 20 2263 20 1315 20 1287 20 1315 20 1338 20 1179 20 1974 20 20 20 1179 20 20 20 1287 20 1179 20 1287 20 1338 20 1179 20 1338 20 1965 20 1179 20 1965 20 2589 20 1179 20 2589 20 2621 20 1300 20 1246 20 1283 20 1283 20 1246 20 2686 20 1283 20 2686 20 1925 20 1925 20 2686 20 1114 20 1925 20 1114 20 2545 20 2545 20 1114 20 2585 20 2545 20 2585 20 1633 20 1633 20 2585 20 366 20 1633 20 366 20 1732 20 1732 20 366 20 1652 20 2621 20 2589 20 2570 20 2621 20 2570 20 1652 20 2621 20 1652 20 366 20 2545 20 1633 20 2558 20 1114 20 2686 20 1916 20 2690 371 2263 371 2177 377 2690 371 2177 377 2600 377 1315 7 2263 7 2690 7 1315 7 2690 7 1780 7 2496 54 1041 54 484 106 2496 54 484 106 1951 106 2496 297 1287 297 20 155 2496 297 20 155 1183 155 1780 387 1795 387 1338 387 1780 387 1338 387 1315 387 1183 503 2573 503 1041 54 1183 503 1041 54 2496 54 20 155 1974 1 426 1 20 155 426 1 1183 155 2411 4 1965 4 1338 33 2411 4 1338 33 1795 33 426 393 1907 393 2573 503 426 393 2573 503 1183 503 1368 1 605 163 1821 163 1368 1 1821 163 2578 1 2501 20 2518 20 1900 20 2501 20 1900 20 1248 20 2501 20 1248 20 1231 20 2501 20 2183 20 2114 20 2501 20 2114 20 2171 20 2501 20 2171 20 1213 20 2501 20 1213 20 1185 20 2501 20 1185 20 1855 20 2501 20 1855 20 2470 20 2501 20 2488 20 1546 20 2501 20 1546 20 1642 20 2501 20 1642 20 1564 20 2518 386 2501 386 1972 386 2518 386 1972 386 1993 386 1993 40 1361 4 1900 4 1993 40 1900 4 2518 40 1821 180 596 180 1288 393 1821 180 1288 393 2578 393 1821 163 605 163 2034 302 1821 163 2034 302 471 302 2501 7 1564 7 1017 7 2501 7 1017 7 1972 7 2099 66 596 180 1821 180 2099 66 1821 180 471 66 2034 302 2538 351 956 351 2034 302 956 351 471 302 1098 378 1017 381 1564 381 1098 378 1564 381 1642 378 2609 35 2099 66 471 66 2609 35 471 66 956 35 2554 1 1802 163 228 163 2554 1 228 163 981 1 814 386 799 386 396 386 814 386 396 386 421 386 814 40 421 40 2544 4 814 40 2544 4 224 4 2223 7 396 7 799 7 2223 7 799 7 2642 7 2713 378 2297 378 2223 381 2713 378 2223 381 2642 381 2527 352 1324 352 1887 297 2527 352 1887 297 304 297 2713 20 2642 20 430 20 430 20 2642 20 799 20 430 20 799 20 2334 20 2334 20 799 20 814 20 2334 20 814 20 2350 20 2350 20 814 20 224 20 2713 20 430 20 504 20 2713 20 504 20 2322 20 2713 20 2322 20 784 20 2713 20 784 20 2628 20 2304 20 196 20 771 20 2304 20 771 20 784 20 2304 20 784 20 2322 20 430 20 2334 20 518 20 518 371 104 371 19 377 518 371 19 377 430 377 1912 7 104 7 518 7 1912 7 518 7 2334 7 304 54 1657 54 1052 106 304 54 1052 106 2527 106 304 297 1887 297 580 155 304 297 580 155 1809 155 2334 387 2350 387 1924 387 2334 387 1924 387 1912 387 404 503 1657 54 304 54 404 503 304 54 1809 503 580 155 2554 1 981 1 580 155 981 1 1809 155 224 4 2544 4 1924 33 224 4 1924 33 2350 33 981 393 2473 393 404 503 981 393 404 503 1809 503 2538 351 1986 296 438 296 2538 351 438 296 956 351 1546 8 2488 8 1966 8 1546 8 1966 8 1003 8 1003 370 1098 378 1642 378 1003 370 1642 378 1546 370 2609 35 956 35 438 75 2609 35 438 75 2052 75 927 351 409 296 1625 296 927 351 1625 296 2161 351 377 8 2206 8 2628 8 377 8 2628 8 784 8 2628 370 2206 370 2297 378 2628 370 2297 378 2713 378 1024 35 2161 35 1625 75 1024 35 1625 75 461 75 1625 296 409 296 1731 154 1625 296 1731 154 181 154 784 386 771 386 356 386 784 386 356 386 377 386 1725 187 461 75 1625 75 1725 187 1625 75 181 187 1731 154 2482 2 890 2 1731 154 890 2 181 154 1899 20 90 20 1850 20 1850 20 90 20 19 20 1850 20 19 20 1324 20 1324 20 19 20 104 20 1324 20 104 20 1887 20 1887 20 104 20 1912 20 1887 20 1912 20 1924 20 1802 20 2554 20 580 20 1802 20 580 20 1887 20 1802 20 1887 20 1924 20 1802 20 1924 20 2544 20 1802 20 2544 20 421 20 1802 20 421 20 449 20 1899 20 1850 20 1876 20 1876 20 1850 20 513 20 1876 20 513 20 2497 20 2497 20 513 20 1731 20 2497 20 1731 20 356 20 356 20 1731 20 409 20 356 20 409 20 2206 20 2206 20 409 20 927 20 2206 20 927 20 2297 20 2297 20 927 20 2223 20 449 20 421 20 396 20 449 20 396 20 2223 20 449 20 2223 20 927 20 356 20 2206 20 377 20 1731 20 513 20 2482 20 196 3 2497 3 356 32 196 3 356 32 771 32 2405 399 1725 187 181 187 2405 399 181 187 890 399 2482 2 513 164 1738 164 2482 2 1738 164 890 2 2304 387 2322 387 1899 387 2304 387 1899 387 1876 387 2304 39 1876 39 2497 3 2304 39 2497 3 196 3 2405 399 890 399 1738 506 2405 399 1738 506 320 506 1738 164 513 164 1850 303 1738 164 1850 303 272 303 90 8 1899 8 2322 8 90 8 2322 8 504 8 1613 56 320 506 1738 506 1613 56 1738 506 272 56 1850 303 1324 352 2527 352 1850 303 2527 352 272 303 430 377 19 377 90 380 430 377 90 380 504 380 272 56 2527 106 1052 106 272 56 1052 106 1613 56 438 296 1986 296 532 154 438 296 532 154 1757 154 2488 386 2470 386 1953 386 2488 386 1953 386 1966 386 528 187 2052 75 438 75 528 187 438 75 1757 187 532 154 1299 2 2511 2 532 154 2511 2 1757 154 1316 3 1953 32 2470 32 1316 3 2470 32 1855 3 1192 399 528 187 1757 187 1192 399 1757 187 2511 399 1299 2 2103 164 536 164 1299 2 536 164 2511 2 709 387 692 387 1185 387 709 387 1185 387 1213 387 692 39 1316 3 1855 3 692 39 1855 3 1185 39 1192 399 2511 399 536 506 1192 399 536 506 1922 506 536 164 2103 164 656 303 536 164 656 303 1869 303 1666 8 709 8 1213 8 1666 8 1213 8 2171 8 419 56 1922 506 536 506 419 56 536 506 1869 56 656 303 177 352 1349 352 656 303 1349 352 1869 303 1584 377 1666 380 2171 380 1584 377 2171 380 2114 377 1869 56 1349 106 2640 106 1869 56 2640 106 419 56 1349 352 177 352 699 297 1349 352 699 297 1913 297 709 20 1666 20 656 20 656 20 1666 20 1584 20 656 20 1584 20 177 20 177 20 1584 20 1675 20 177 20 1675 20 699 20 699 20 1675 20 720 20 699 20 720 20 729 20 605 20 1368 20 2158 20 605 20 2158 20 699 20 605 20 699 20 729 20 605 20 729 20 1361 20 605 20 1361 20 1993 20 605 20 1993 20 2034 20 709 20 656 20 692 20 692 20 656 20 2103 20 692 20 2103 20 1316 20 1316 20 2103 20 532 20 1316 20 532 20 1953 20 1953 20 532 20 1986 20 1953 20 1986 20 1003 20 1003 20 1986 20 2538 20 1003 20 2538 20 1098 20 1098 20 2538 20 1017 20 2034 20 1993 20 1972 20 2034 20 1972 20 1017 20 2034 20 1017 20 2538 20 1953 20 1003 20 1966 20 532 20 2103 20 1299 20 1675 371 1584 377 2114 377 1675 371 2114 377 2183 371 2183 7 1231 7 720 7 2183 7 720 7 1675 7 1913 54 456 54 2640 106 1913 54 2640 106 1349 106 1913 297 699 297 2158 155 1913 297 2158 155 609 155 729 387 720 387 1231 387 729 387 1231 387 1248 387 1980 503 456 54 1913 54 1980 503 1913 54 609 503 2158 155 1368 1 2578 1 2158 155 2578 1 609 155 1361 4 729 33 1248 33 1361 4 1248 33 1900 4 2578 393 1288 393 1980 503 2227 2 1150 62 2692 2 459 87 1723 533 2590 402 459 87 2590 402 361 367 1723 533 459 87 657 430 1723 533 657 430 829 153 2399 442 530 116 829 488 2399 442 829 488 657 175 530 116 2399 442 1313 191 530 116 1313 191 1441 90 2022 343 2427 427 1441 90 2022 343 1441 90 1313 191 1360 29 1793 276 2427 276 1360 29 2427 276 2022 29 1105 275 1713 277 624 277 1105 275 624 277 69 275 69 275 2039 28 339 28 69 275 339 28 1105 275 361 367 861 421 1841 172 361 367 1841 172 459 87 459 87 1841 172 121 535 459 87 121 535 657 430 657 175 121 46 2057 528 657 175 2057 528 2399 442 2057 528 721 17 1313 191 2057 528 1313 191 2399 442 1313 191 721 17 2085 112 1313 191 2085 112 2022 343 2085 523 1398 523 1360 29 2085 523 1360 29 2022 29 872 497 2401 223 708 223 872 497 708 223 1982 497 2042 223 872 497 1982 497 2042 223 1982 497 344 223 2401 223 683 524 1785 524 2401 223 1785 524 708 223 2039 28 2226 524 543 524 2039 28 543 524 339 28 2226 524 2042 223 344 223 2226 524 344 223 543 524 861 421 387 364 492 84 861 421 492 84 1841 172 492 84 685 429 121 535 492 84 121 535 1841 172 685 174 2423 441 2057 528 685 174 2057 528 121 46 2423 441 1351 189 721 17 2423 441 721 17 2057 528 1351 189 2068 339 2085 112 1351 189 2085 112 721 17 2068 27 1386 27 1398 523 2068 27 1398 523 2085 523 2408 229 883 500 1989 500 2408 229 1989 500 714 229 883 500 2060 229 352 229 883 500 352 229 1989 500 683 524 2408 229 714 229 683 524 714 229 1785 524 2060 229 2240 524 557 524 2060 229 557 524 352 229 2240 524 2063 26 355 26 2240 524 355 26 557 524 387 364 2627 400 1772 530 387 364 1772 530 492 84 1772 530 870 152 685 429 1772 530 685 429 492 84 870 484 579 111 2423 441 870 484 2423 441 685 174 579 111 1511 78 1351 189 579 111 1351 189 2423 441 1511 78 2483 419 2068 339 1511 78 2068 339 1351 189 2483 267 1845 267 1386 27 2483 267 1386 27 2068 27 646 264 985 491 2097 491 646 264 2097 491 1745 264 985 491 1672 264 2725 264 985 491 2725 264 2097 491 1689 266 2725 264 1672 264 1689 266 1672 264 608 266 2063 26 83 266 1128 266 2063 26 1128 266 355 26 83 266 646 264 1745 264 83 266 1745 264 1128 266 2627 400 1600 366 1661 363 2627 400 1661 363 1772 530 1772 530 1661 363 1721 360 1772 530 1721 360 870 152 1860 286 579 111 870 484 1860 286 870 484 1721 332 579 111 1860 286 2289 149 579 111 2289 149 1511 78 1511 78 2289 149 134 67 1511 78 134 67 2483 419 2224 1 1845 267 2483 267 706 62 788 279 1150 62 1785 386 714 386 708 386 708 386 714 386 1989 386 708 386 1989 386 1982 386 1982 386 1989 386 352 386 1982 386 352 386 344 386 344 386 352 386 557 386 344 386 557 386 543 386 543 386 557 386 861 386 543 386 861 386 361 386 2071 386 1713 386 2590 386 2590 386 1713 386 1105 386 2590 386 1105 386 361 386 361 386 1105 386 339 386 361 386 339 386 543 386 2590 386 1557 386 941 386 2590 386 941 386 219 386 2590 386 219 386 1464 386 2590 386 1464 386 2306 386 2590 386 2306 386 1667 386 2590 386 1667 386 2706 386 2590 386 2706 386 2071 386 779 386 1655 386 1458 386 1458 386 1655 386 170 386 1458 386 170 386 510 386 510 386 170 386 2137 386 510 386 2137 386 1557 386 1557 386 2137 386 1558 386 1557 386 1558 386 941 386 510 386 8 386 36 386 510 386 36 386 1995 386 510 386 1995 386 1406 386 510 386 1406 386 1038 386 510 386 1038 386 406 386 510 386 406 386 1458 386 1432 386 2029 386 546 386 546 386 2029 386 57 386 546 386 57 386 29 386 29 386 57 386 2593 386 29 386 2593 386 2237 386 2237 386 2593 386 2575 386 2237 386 2575 386 8 386 8 386 2575 386 36 386 387 386 861 386 557 386 387 386 557 386 355 386 387 386 355 386 1128 386 387 386 1128 386 2627 386 2627 386 1128 386 1745 386 2627 386 1745 386 2097 386 2627 386 2097 386 2725 386 2627 386 2725 386 1689 386 2627 386 1689 386 2337 386 2627 386 2337 386 1500 386 2627 386 1500 386 240 386 2627 386 240 386 984 386 2627 386 984 386 1599 386 2627 386 1599 386 1600 386 1682 386 1487 386 201 386 201 386 1487 386 546 386 201 386 546 386 2169 386 2169 386 546 386 1600 386 2169 386 1600 386 1599 386 546 386 1487 386 434 386 546 386 434 386 1064 386 546 386 1064 386 1432 386 1371 386 2439 386 2445 386 2445 386 2439 386 1135 386 2445 386 1135 386 1142 386 1142 386 1135 386 41 386 1142 386 41 386 51 386 51 386 41 386 2575 386 51 386 2575 386 2593 386 1487 386 1682 386 807 386 1600 366 546 251 1537 454 1600 366 1537 454 1661 363 1537 454 2480 41 1721 360 1537 454 1721 360 1661 363 2480 423 332 121 1860 286 2480 423 1860 286 1721 332 332 121 273 344 2289 149 332 121 2289 149 1860 286 273 344 494 206 134 67 273 344 134 67 2289 149 494 275 2588 275 2224 1 494 275 2224 1 134 1 683 386 2401 386 69 386 69 386 2401 386 872 386 69 386 872 386 2039 386 2039 386 872 386 2042 386 2039 386 2042 386 2226 386 292 386 357 386 336 386 336 386 357 386 24 386 336 386 24 386 2 386 2 386 24 386 2124 386 2 386 2124 386 2111 386 2111 386 2124 386 414 386 2111 386 414 386 378 386 378 386 414 386 2522 386 378 386 2522 386 2493 386 2493 386 2522 386 601 386 2493 386 601 386 564 386 564 386 601 386 1870 386 564 386 1870 386 1839 386 1839 386 1870 386 1075 386 1839 386 1075 386 1039 386 1039 386 1075 386 521 386 1039 386 521 386 472 386 472 386 521 386 2694 386 472 386 2694 386 2645 386 2645 386 2694 386 1934 386 2645 386 1934 386 1902 386 1902 386 1934 386 433 386 1902 386 433 386 384 386 384 386 433 386 1247 386 384 386 1247 386 1212 386 1212 386 1247 386 608 386 1212 386 608 386 575 386 575 386 608 386 1672 386 575 386 1672 386 1646 386 1646 386 1672 386 985 386 1646 386 985 386 958 386 958 386 985 386 646 386 958 386 646 386 624 386 624 386 646 386 683 386 624 386 683 386 69 386 2240 386 2060 386 2063 386 2063 386 2060 386 883 386 2063 386 883 386 83 386 83 386 883 386 2408 386 83 386 2408 386 683 386 1506 386 1722 386 1715 386 1715 386 1722 386 89 386 1715 386 89 386 888 386 888 386 89 386 1355 386 888 386 1355 386 336 386 336 386 1355 386 292 386 1358 386 101 386 918 386 1358 386 918 386 357 386 1358 386 357 386 292 386 1735 386 1527 386 1739 386 1735 386 1739 386 918 386 1735 386 918 386 101 386 683 386 646 386 83 386 1870 513 601 436 1682 436 1870 513 1682 436 201 513 601 436 2522 513 807 513 601 436 807 513 1682 436 2522 513 414 276 1487 276 2522 513 1487 276 807 513 521 2 1075 276 2169 276 521 2 2169 276 1599 2 1075 276 1870 513 201 513 1075 276 201 513 2169 276 546 251 29 212 35 522 546 251 35 522 1537 454 2685 301 2480 41 1537 454 2685 301 1537 454 35 522 1237 447 332 121 2480 423 1237 447 2480 423 2685 105 411 470 273 344 332 121 411 470 332 121 1237 447 849 144 494 206 273 344 849 144 273 344 411 470 849 28 233 28 2588 275 849 28 2588 275 494 275 2124 278 24 490 1064 490 2124 278 1064 490 434 278 24 490 357 278 1432 278 24 490 1432 278 1064 490 414 276 2124 278 434 278 414 276 434 278 1487 276 357 278 918 276 2029 276 357 278 2029 276 1432 278 918 276 1739 29 57 29 918 276 57 29 2029 276 29 212 2237 270 1395 53 29 212 1395 53 35 522 479 459 2685 301 35 522 479 459 35 522 1395 53 1588 529 1237 447 2685 105 1588 529 2685 105 479 514 989 255 411 470 1237 447 989 255 1237 447 1588 529 806 505 849 144 411 470 806 505 411 470 989 255 806 524 208 524 233 28 806 524 233 28 849 28 1735 224 101 498 1142 498 1735 224 1142 498 51 224 101 498 1358 224 2445 224 101 498 2445 224 1142 498 1358 224 292 523 1371 523 1358 224 1371 523 2445 224 1739 29 1527 523 2593 523 1739 29 2593 523 57 29 1527 523 1735 224 51 224 1527 523 51 224 2593 523 2237 270 8 211 11 516 2237 270 11 516 1395 53 479 459 1395 53 11 516 479 459 11 516 2648 300 1191 444 1588 529 479 514 1191 444 479 514 2648 103 989 255 1588 529 1191 444 989 255 1191 444 364 467 806 505 989 255 364 467 806 505 364 467 815 142 815 26 214 26 208 524 815 26 208 524 806 524 1355 230 89 501 1135 501 1355 230 1135 501 2439 230 89 501 1722 230 41 230 89 501 41 230 1135 501 292 523 1355 230 2439 230 292 523 2439 230 1371 523 1722 230 1506 523 2575 523 1722 230 2575 523 41 230 1506 523 1715 27 36 27 1506 523 36 27 2575 523 8 211 510 246 1491 452 8 211 1491 452 11 516 2648 300 11 516 1491 452 2648 300 1491 452 2440 38 1191 444 2648 103 2440 418 1191 444 2440 418 276 113 364 467 1191 444 276 113 364 467 276 113 223 338 223 338 425 197 815 142 223 338 815 142 364 467 425 266 2529 266 214 26 425 266 214 26 815 26 336 265 2 492 1038 492 336 265 1038 492 1406 265 2 492 2111 265 406 265 2 492 406 265 1038 492 2111 265 378 267 1458 267 2111 265 1458 267 406 265 1715 27 888 267 1995 267 1715 27 1995 267 36 27 888 267 336 265 1406 265 888 267 1406 265 1995 267 510 246 1557 376 1606 369 510 246 1606 369 1491 452 1663 365 2440 38 1491 452 1663 365 1491 452 1606 369 1811 291 276 113 2440 418 1811 291 2440 418 1663 336 2214 158 223 338 276 113 2214 158 276 113 1811 291 2214 158 65 83 425 197 2214 158 425 197 223 338 65 2 2144 2 2529 266 65 2 2529 266 425 266 2137 267 170 507 1839 507 2137 267 1839 507 1039 267 1039 267 472 1 1558 1 1039 267 1558 1 2137 267 2493 507 564 431 1655 431 2493 507 1655 431 779 507 564 431 1839 507 170 507 564 431 170 507 1655 431 378 267 2493 507 779 507 378 267 779 507 1458 267 1557 376 2590 402 1723 533 1557 376 1723 533 1606 369 1663 365 1606 369 1723 533 1663 365 1723 533 829 153 1811 291 1663 336 829 488 1811 291 829 488 530 116 2214 158 1811 291 530 116 2214 158 530 116 1441 90 2427 427 65 83 2214 158 2427 427 2214 158 1441 90 2427 276 1793 276 2144 2 2427 276 2144 2 65 2 1902 512 384 435 1464 435 1902 512 1464 435 219 512 384 435 1212 512 2306 512 384 435 2306 512 1464 435 1212 512 575 275 1667 275 1212 512 1667 275 2306 512 472 1 2645 275 941 275 472 1 941 275 1558 1 2645 275 1902 512 219 512 2645 275 219 512 941 275 1646 277 958 489 2071 489 1646 277 2071 489 2706 277 958 489 624 277 1713 277 958 489 1713 277 2071 489 575 275 1646 277 2706 277 575 275 2706 277 1667 275 1934 508 2694 266 984 266 1934 508 984 266 240 508 2694 266 521 2 1599 2 2694 266 1599 2 984 266 608 266 1247 508 2337 508 608 266 2337 508 1689 266 1247 508 433 432 1500 432 1247 508 1500 432 2337 508 433 432 1934 508 240 508 1987 471 2402 267 2347 471 2275 28 2611 28 1505 275 2275 28 1505 275 1145 275 2002 525 2363 525 2611 28 2002 525 2611 28 2275 28 2363 20 2002 20 1987 20 2363 20 1987 20 2347 20 655 1 286 1 1145 275 1323 478 2067 1 266 1 1340 19 1706 19 1688 19 1340 19 1688 19 1323 19 1706 520 1340 520 1071 27 1706 520 1071 27 1421 27 2205 267 2548 267 1421 27 2205 267 1421 27 1071 27 2548 267 2205 267 286 1 1836 29 141 523 493 29 1285 1 723 267 163 267 1285 1 163 267 712 1 1274 275 1873 275 1285 1 141 523 1769 27 410 27 290 27 854 27 175 523 290 27 175 523 2326 523 285 29 847 29 710 276 285 29 710 276 147 276 847 29 285 29 2326 523 847 29 2326 523 175 523 1692 26 1073 26 1260 266 1692 26 1260 266 1867 266 1867 266 1260 266 698 2 1867 266 698 2 1272 2 147 276 710 276 1272 2 147 276 1272 2 698 2 854 27 290 27 163 267 854 27 163 267 723 267 1699 28 1082 28 1859 524 1699 28 1859 524 2434 524 1073 26 1692 26 2434 524 1073 26 2434 524 1859 524 1082 28 1699 28 1873 275 1082 28 1873 275 1274 275 2204 26 1627 26 1818 266 2204 26 1818 266 2389 266 2215 28 1638 28 2379 524 2215 28 2379 524 213 524 1627 26 2204 26 213 524 1627 26 213 524 2379 524 1827 2 2389 266 1818 266 1827 2 1818 266 1208 2 668 267 1240 267 1405 27 668 267 1405 27 801 27 1240 267 668 267 1224 1 1240 267 1224 1 1837 1 1837 1 1224 1 1829 275 1837 1 1829 275 2404 275 1638 28 2215 28 2404 275 1638 28 2404 275 1829 275 801 27 1405 27 673 523 801 27 673 523 106 523 1222 276 652 276 796 29 1222 276 796 29 1396 29 1396 29 796 29 106 523 1396 29 106 523 673 523 652 276 1222 276 1827 2 652 276 1827 2 1208 2 703 275 1279 275 716 1 703 275 716 1 151 1 1279 275 703 275 526 28 1279 275 526 28 1086 28 1253 524 1861 524 1086 28 1253 524 1086 28 526 28 1861 524 1253 524 515 26 1861 524 515 26 1076 26 689 266 1262 266 1076 26 689 266 1076 26 515 26 1262 266 689 266 136 2 1262 266 136 2 702 2 702 2 136 2 2308 276 702 2 2308 276 150 276 2258 266 102 266 2657 26 2258 266 2657 26 2095 26 1701 2 2272 2 102 266 1701 2 102 266 2258 266 2272 2 1701 2 1103 276 2272 2 1103 276 1720 276 99 524 662 524 2663 28 99 524 2663 28 2107 28 662 524 99 524 2095 26 662 524 2095 26 2657 26 111 275 2274 275 2107 28 111 275 2107 28 2663 28 2479 29 287 29 150 276 2479 29 150 276 2308 276 1293 27 1894 27 1121 523 1293 27 1121 523 553 523 1286 29 1891 29 1720 276 1286 29 1720 276 1103 276 553 523 1121 523 1891 29 553 523 1891 29 1286 29 1894 27 1293 27 1113 267 1894 27 1113 267 1734 267 1719 1 2290 1 1734 267 1719 1 1734 267 1113 267 2290 1 1719 1 2274 275 1000 28 2714 524 1378 524 287 29 2479 29 1763 523 287 29 1763 523 2328 523 1904 27 2475 27 1754 523 1904 27 1754 523 1130 523 1898 29 2469 29 2299 276 1898 29 2299 276 1729 276 2469 29 1898 29 1130 523 2469 29 1130 523 1754 523 502 26 2666 26 108 266 502 26 108 266 676 266 2286 2 122 2 676 266 2286 2 676 266 108 266 122 2 2286 2 1729 276 122 2 1729 276 2299 276 2475 27 1904 27 1747 267 2475 27 1747 267 2309 267 509 28 2674 28 670 524 509 28 670 524 1242 524 2666 26 502 26 1242 524 2666 26 1242 524 670 524 2298 1 139 1 2309 267 2298 1 2309 267 1747 267 2298 1 126 275 690 275 2298 1 690 275 139 1 2674 28 509 28 690 275 2433 26 1378 524 2714 524 2487 27 294 27 2328 523 895 523 2005 27 1143 27 294 27 2487 27 2321 267 294 27 2321 267 167 267 151 1 716 1 167 267 302 524 529 203 762 524 2165 376 453 402 2327 533 2165 376 2327 533 2217 369 1473 153 2264 365 2217 369 1473 153 2217 369 2327 533 2264 336 1473 488 1131 116 2264 336 1131 116 2415 291 2415 291 1131 116 2084 90 2415 291 2084 90 87 158 270 427 658 83 87 158 270 427 87 158 2084 90 2397 276 23 2 658 2 2397 276 658 2 270 276 453 402 968 367 1068 87 453 402 1068 87 2327 533 2327 533 1068 87 1264 430 2327 533 1264 430 1473 153 1473 488 1264 175 241 442 1473 488 241 442 1131 116 1131 116 241 442 1940 191 1131 116 1940 191 2084 90 1940 191 2635 343 270 427 1940 191 270 427 2084 90 2635 29 1983 29 2397 276 2635 29 2397 276 270 276 2252 277 1616 489 2671 489 2252 277 2671 489 569 277 1616 489 1227 277 2318 277 1616 489 2318 277 2671 489 569 277 2273 275 1175 275 569 277 1175 275 2252 277 1227 277 661 275 1759 275 1227 277 1759 275 2318 277 661 275 2644 28 935 28 661 275 935 28 1759 275 968 367 1521 421 2449 172 968 367 2449 172 1068 87 1068 87 2449 172 722 535 1068 87 722 535 1264 430 1264 175 722 46 2656 528 1264 175 2656 528 241 442 241 442 2656 528 1339 17 241 442 1339 17 1940 191 1339 17 2682 112 2635 343 1339 17 2635 343 1940 191 2682 523 2036 523 1983 29 2682 523 1983 29 2635 29 1532 497 244 223 1318 223 1532 497 1318 223 2595 497 2646 223 1532 497 2595 497 2646 223 2595 497 942 223 244 223 1290 524 2386 524 244 223 2386 524 1318 223 2644 28 103 524 1146 524 2644 28 1146 524 935 28 103 524 2646 223 942 223 103 524 942 223 1146 524 1521 421 991 364 1090 84 1521 421 1090 84 2449 172 1090 84 1292 429 722 535 1090 84 722 535 2449 172 1292 174 265 441 2656 528 1292 174 2656 528 722 46 265 441 1967 189 1339 17 265 441 1339 17 2656 528 1967 189 2667 339 2682 112 1967 189 2682 112 1339 17 2667 27 2024 27 2036 523 2667 27 2036 523 2682 523 249 229 1542 500 2605 500 249 229 2605 500 1329 229 1542 500 2659 229 952 229 1542 500 952 229 2605 500 1290 524 249 229 1329 229 1290 524 1329 229 2386 524 2659 229 120 524 1163 524 2659 229 1163 524 952 229 120 524 2662 26 961 26 120 524 961 26 1163 524 2370 530 1090 84 991 364 2370 530 991 364 497 400 1090 84 2370 530 1531 152 1090 84 1531 152 1292 429 1178 111 265 441 1292 174 1178 111 1292 174 1531 484 265 441 1178 111 2138 78 265 441 2138 78 1967 189 330 419 2667 339 1967 189 330 419 1967 189 2138 78 2453 267 2024 27 2667 27 2453 267 2667 27 330 267 2662 26 684 266 1787 266 2662 26 1787 266 961 26 2344 264 1787 266 684 266 731 268 1373 268 1259 268 2386 386 1329 386 1318 386 1318 386 1329 386 2605 386 1318 386 2605 386 2595 386 2595 386 2605 386 952 386 2595 386 952 386 942 386 942 386 952 386 1163 386 942 386 1163 386 1146 386 1146 386 1163 386 1521 386 1146 386 1521 386 968 386 2671 386 2318 386 453 386 453 386 2318 386 1759 386 453 386 1759 386 968 386 968 386 1759 386 935 386 968 386 935 386 1146 386 453 386 2165 386 1598 386 453 386 1598 386 790 386 453 386 790 386 2100 386 453 386 2100 386 185 386 453 386 185 386 2273 386 453 386 2273 386 569 386 453 386 569 386 2671 386 1415 386 2256 386 2094 386 2094 386 2256 386 747 386 2094 386 747 386 1112 386 1112 386 747 386 13 386 1112 386 13 386 2165 386 2165 386 13 386 2167 386 2165 386 2167 386 1598 386 1112 386 612 386 636 386 1112 386 636 386 2610 386 1112 386 2610 386 2043 386 1112 386 2043 386 1685 386 1112 386 1685 386 1008 386 1112 386 1008 386 2094 386 2074 386 2639 386 1148 386 1148 386 2639 386 650 386 1148 386 650 386 631 386 631 386 650 386 455 386 631 386 455 386 116 386 116 386 455 386 444 386 116 386 444 386 612 386 612 386 444 386 636 386 991 386 1521 386 1163 386 991 386 1163 386 961 386 991 386 961 386 1787 386 991 386 1787 386 497 386 497 386 1787 386 2344 386 497 386 2344 386 2700 386 497 386 2700 386 592 386 497 386 592 386 2301 386 497 386 2301 386 212 386 497 386 212 386 2128 386 497 386 2128 386 823 386 497 386 823 386 1639 386 497 386 1639 386 2209 386 497 386 2209 386 2211 386 2294 386 2117 386 765 386 765 386 2117 386 1148 386 765 386 1148 386 52 386 52 386 1148 386 2211 386 52 386 2211 386 2209 386 1148 386 2117 386 1032 386 1148 386 1032 386 1716 386 1148 386 1716 386 2074 386 1997 386 277 386 282 386 282 386 277 386 1791 386 282 386 1791 386 1800 386 1800 386 1791 386 638 386 1800 386 638 386 647 386 647 386 638 386 444 386 647 386 444 386 455 386 2117 386 2294 386 1447 386 2211 366 1148 251 2152 454 2211 366 2152 454 2259 363 2152 454 327 41 2324 360 2152 454 2324 360 2259 363 327 423 926 121 2464 286 327 423 2464 286 2324 332 926 121 860 344 171 149 926 121 171 149 2464 286 860 344 1093 206 726 67 860 344 726 67 171 149 1093 275 450 275 98 1 1093 275 98 1 726 1 1290 386 244 386 661 386 661 386 244 386 1532 386 661 386 1532 386 2644 386 2644 386 1532 386 2646 386 2644 386 2646 386 103 386 891 386 964 386 931 386 931 386 964 386 628 386 931 386 628 386 606 386 606 386 628 386 2729 386 606 386 2729 386 2709 386 2709 386 2729 386 1015 386 2709 386 1015 386 982 386 982 386 1015 386 367 386 982 386 367 386 342 386 342 386 367 386 1196 386 342 386 1196 386 1167 386 1167 386 1196 386 2476 386 1167 386 2476 386 2447 386 2447 386 2476 386 1736 386 2447 386 1736 386 1686 386 1686 386 1736 386 1122 386 1686 386 1122 386 1074 386 1074 386 1122 386 555 386 1074 386 555 386 520 386 520 386 555 386 2542 386 520 386 2542 386 2512 386 2512 386 2542 386 1030 386 2512 386 1030 386 990 386 990 386 1030 386 1886 386 990 386 1886 386 1858 386 1858 386 1886 386 1201 386 1858 386 1201 386 1175 386 1175 386 1201 386 2283 386 1175 386 2283 386 2252 386 2252 386 2283 386 1640 386 2252 386 1640 386 1616 386 1616 386 1640 386 1252 386 1616 386 1252 386 1227 386 1227 386 1252 386 1290 386 1227 386 1290 386 661 386 120 386 2659 386 2662 386 2662 386 2659 386 1542 386 2662 386 1542 386 684 386 684 386 1542 386 249 386 684 386 249 386 1290 386 2133 386 2325 386 2320 386 2320 386 2325 386 694 386 2320 386 694 386 1549 386 1549 386 694 386 1970 386 1549 386 1970 386 931 386 931 386 1970 386 891 386 1975 386 705 386 1573 386 1975 386 1573 386 964 386 1975 386 964 386 891 386 2335 386 2146 386 2340 386 2335 386 2340 386 1573 386 2335 386 1573 386 705 386 1290 386 1252 386 684 386 2476 513 1196 436 2294 436 2476 513 2294 436 765 513 1196 436 367 513 1447 513 1196 436 1447 513 2294 436 367 513 1015 276 2117 276 367 513 2117 276 1447 513 1122 2 1736 276 52 276 1122 2 52 276 2209 2 1736 276 2476 513 765 513 1736 276 765 513 52 276 1148 251 631 212 635 522 1148 251 635 522 2152 454 551 301 327 41 2152 454 551 301 2152 454 635 522 1872 447 926 121 327 423 1872 447 327 423 551 105 1013 470 860 344 926 121 1013 470 926 121 1872 447 1013 470 1501 144 1093 206 1013 470 1093 206 860 344 1501 28 816 28 450 275 1501 28 450 275 1093 275 2729 278 628 490 1716 490 2729 278 1716 490 1032 278 628 490 964 278 2074 278 628 490 2074 278 1716 490 1015 276 2729 278 1032 278 1015 276 1032 278 2117 276 964 278 1573 276 2639 276 964 278 2639 276 2074 278 1573 276 2340 29 650 29 1573 276 650 29 2639 276 631 212 116 270 2033 53 631 212 2033 53 635 522 1085 459 551 301 635 522 1085 459 635 522 2033 53 2200 529 1872 447 551 105 2200 529 551 105 1085 514 1641 255 1013 470 1872 447 1641 255 1872 447 2200 529 1446 505 1501 144 1013 470 1446 505 1013 470 1641 255 1446 524 772 524 816 28 1446 524 816 28 1501 28 2335 224 705 498 1800 498 2335 224 1800 498 647 224 705 498 1975 224 282 224 705 498 282 224 1800 498 1975 224 891 523 1997 523 1975 224 1997 523 282 224 2340 29 2146 523 455 523 2340 29 455 523 650 29 2146 523 2335 224 647 224 2146 523 647 224 455 523 116 270 612 211 614 516 116 270 614 516 2033 53 1085 459 2033 53 614 516 1085 459 614 516 527 300 2200 529 1085 514 527 103 2200 529 527 103 1847 444 1641 255 2200 529 1847 444 1641 255 1847 444 972 467 1446 505 1641 255 972 467 1446 505 972 467 1463 142 1463 26 781 26 772 524 1463 26 772 524 1446 524 1970 230 694 501 1791 501 1970 230 1791 501 277 230 694 501 2325 230 638 230 694 501 638 230 1791 501 891 523 1970 230 277 230 891 523 277 230 1997 523 2325 230 2133 523 444 523 2325 230 444 523 638 230 2133 523 2320 27 636 27 2133 523 636 27 444 523 612 211 1112 246 2120 452 612 211 2120 452 614 516 527 300 614 516 2120 452 527 300 2120 452 278 38 1847 444 527 103 278 418 1847 444 278 418 867 113 972 467 1847 444 867 113 972 467 867 113 802 338 802 338 1027 197 1463 142 802 338 1463 142 972 467 1027 266 372 266 781 26 1027 266 781 26 1463 26 931 265 606 492 1685 492 931 265 1685 492 2043 265 606 492 2709 265 1008 265 606 492 1008 265 1685 492 2709 265 982 267 2094 267 2709 265 2094 267 1008 265 2320 27 1549 267 2610 267 2320 27 2610 267 636 27 1549 267 931 265 2043 265 1549 267 2043 265 2610 267 1112 246 2165 376 2217 369 1112 246 2217 369 2120 452 2264 365 278 38 2120 452 2264 365 2120 452 2217 369 2415 291 867 113 278 418 2415 291 278 418 2264 336 87 158 802 338 867 113 87 158 867 113 2415 291 87 158 658 83 1027 197 87 158 1027 197 802 338 658 2 23 2 372 266 658 2 372 266 1027 266 13 267 747 507 2447 507 13 267 2447 507 1686 267 1686 267 1074 1 2167 1 1686 267 2167 1 13 267 342 507 1167 431 2256 431 342 507 2256 431 1415 507 1167 431 2447 507 747 507 1167 431 747 507 2256 431 982 267 342 507 1415 507 982 267 1415 507 2094 267 2512 512 990 435 2100 435 2512 512 2100 435 790 512 990 435 1858 512 185 512 990 435 185 512 2100 435 1858 512 1175 275 2273 275 1858 512 2273 275 185 512 1074 1 520 275 1598 275 1074 1 1598 275 2167 1 520 275 2512 512 790 512 520 275 790 512 1598 275 1252 264 1640 491 2700 491 1252 264 2700 491 2344 264 1640 491 2283 264 592 264 1640 491 592 264 2700 491 2283 264 1201 266 2301 266 2283 264 2301 266 592 264 497 400 2211 366 2259 363 497 400 2259 363 2370 530 2370 530 2259 363 2324 360 2370 530 2324 360 1531 152 1531 484 2324 332 2464 286 1531 484 2464 286 1178 111 1178 111 2464 286 171 149 1178 111 171 149 2138 78 171 149 726 67 330 419 171 149 330 419 2138 78 726 1 98 1 2453 267 726 1 2453 267 330 267 1639 266 823 508 2542 508 1639 266 2542 508 555 266 555 266 1122 2 2209 2 555 266 2209 2 1639 266 1201 266 1886 508 212 508 1201 266 212 508 2301 266 1886 508 1030 432 2128 432 1886 508 2128 432 212 508 1030 432 2542 508 823 508 155 276 2572 2 1140 2 2241 27 1878 523 1632 523 2241 27 1632 523 1988 27 1580 267 2241 27 1988 27 1570 276 2185 29 820 29 1976 29 2233 29 1554 276 1976 29 1554 276 1298 276 2233 29 1976 29 1632 523 2233 29 1632 523 1878 523 691 266 899 266 256 26 691 266 256 26 42 26 899 266 691 266 967 2 899 266 967 2 1232 2 1232 2 967 2 1298 276 1232 2 1298 276 1554 276 264 28 55 28 371 524 264 28 371 524 641 524 42 26 256 26 641 524 42 26 641 524 371 524 996 1 1255 1 1580 267 996 1 1580 267 1325 267 1255 1 996 1 711 275 1255 1 711 275 921 275 55 28 264 28 921 275 2185 29 489 523 820 29 1495 424 1863 424 2112 237 1495 424 2112 237 1778 237 1863 424 1495 424 4 524 1835 523 759 27 489 523 1857 420 1488 420 1766 225 1857 420 1766 225 2102 225 868 79 2102 79 1766 79 868 79 1766 79 559 79 1488 420 1857 420 319 524 1488 420 319 524 4 524 855 275 1184 1 923 1 855 275 923 1 649 275 2719 28 222 28 855 275 21 267 759 27 2119 27 1831 523 1569 523 1941 27 1831 523 1941 27 2182 27 2170 29 1482 276 1236 276 2170 29 1236 276 1930 29 215 26 2710 26 632 266 215 26 632 266 835 266 835 266 632 266 894 2 835 266 894 2 1166 2 1166 2 894 2 1236 276 1166 2 1236 276 1482 276 2182 27 1941 27 1254 267 2182 27 1254 267 1508 267 222 28 2719 28 313 524 222 28 313 524 573 524 2710 26 215 26 573 524 2710 26 573 524 313 524 923 1 1184 1 1508 267 2517 276 493 29 1172 276 2018 276 1423 276 1623 29 2018 276 1623 29 2203 29 1623 29 834 523 1442 523 1623 29 1442 523 2203 29 401 266 2568 266 2003 2 401 266 2003 2 2583 2 1423 276 2018 276 2583 2 1423 276 2583 2 2003 2 1629 27 2207 27 1442 523 1629 27 1442 523 834 523 2568 266 401 266 231 26 2568 266 231 26 2417 26 1435 267 2035 267 2207 27 1435 267 2207 27 1629 27 389 524 947 524 236 28 389 524 236 28 2420 28 947 524 389 524 2417 26 947 524 2417 26 231 26 2035 267 1435 267 2020 1 2035 267 2020 1 2596 1 2587 275 413 275 2596 1 2587 275 2596 1 2020 1 413 275 2587 275 2420 28 53 275 1840 1 2065 1 727 266 1310 266 1129 26 727 266 1129 26 558 26 1310 266 727 266 184 2 1310 266 184 2 733 2 1303 524 1903 524 1138 28 1303 524 1138 28 565 28 1903 524 1303 524 558 26 1903 524 558 26 1129 26 732 275 1327 275 744 1 732 275 744 1 200 1 1327 275 732 275 565 28 190 275 2435 1 392 275 1157 274 1523 274 1077 1 1157 274 1077 1 737 1 607 86 914 86 1523 274 607 86 1523 274 1157 274 2112 91 914 91 607 91 2112 91 607 91 1778 91 691 386 42 386 371 386 691 386 371 386 55 386 691 386 55 386 711 386 691 386 711 386 996 386 691 386 996 386 1325 386 691 386 1325 386 1988 386 691 386 1988 386 1632 386 691 386 1632 386 1976 386 691 386 1976 386 1298 386 611 483 759 65 1382 65 2719 386 649 386 923 386 2719 386 923 386 1254 386 2719 386 1254 386 1941 386 2719 386 1941 386 1569 386 2719 386 1569 386 1930 386 2719 386 1930 386 1236 386 2719 386 1236 386 894 386 2719 386 894 386 632 386 2719 386 632 386 2710 386 759 65 1384 390 1382 65 1569 523 1831 523 2170 29 239 266 2012 2 32 266 1472 263 868 74 559 74 1472 263 559 74 1117 263 1472 263 1117 263 707 2 1095 69 1172 391 493 69 834 386 1623 386 1423 386 834 386 1423 386 2003 386 834 386 2003 386 2568 386 834 386 2568 386 2417 386 834 386 2417 386 389 386 834 386 389 386 2420 386 834 386 2420 386 2587 386 834 386 2587 386 2020 386 834 386 2020 386 1435 386 234 483 493 69 141 483 290 386 2326 386 285 386 290 386 285 386 147 386 290 386 147 386 698 386 290 386 698 386 1260 386 290 386 1260 386 1073 386 290 386 1073 386 1859 386 290 386 1859 386 1082 386 290 386 1082 386 1274 386 290 386 1274 386 712 386 410 65 1014 390 1010 65 668 386 801 386 106 386 668 386 106 386 796 386 668 386 796 386 652 386 668 386 652 386 1208 386 668 386 1208 386 1818 386 668 386 1818 386 1627 386 668 386 1627 386 2379 386 668 386 2379 386 1638 386 668 386 1638 386 1829 386 1080 26 1803 266 448 266 485 523 2649 523 654 27 485 523 654 27 1225 27 648 29 1216 29 1035 276 648 29 1035 276 462 276 2649 523 485 523 1216 29 2649 523 1216 29 648 29 2019 26 1424 26 1619 266 2019 26 1619 266 2192 266 1021 2 1628 2 2192 266 1021 2 2192 266 1619 266 1628 2 1021 2 462 276 1628 2 462 276 1035 276 1225 27 654 27 474 267 1225 27 474 267 1048 267 2030 28 1429 28 2186 524 2030 28 2186 524 39 524 1424 26 2019 26 39 524 1424 26 39 524 2186 524 1034 1 1649 1 1048 267 1034 1 1048 267 474 267 1649 1 1034 1 1631 275 1649 1 1631 275 2208 275 1429 28 2030 28 2208 275 2402 386 213 386 2204 386 2525 29 338 29 198 276 2525 29 198 276 2355 276 1810 523 2376 523 338 29 1810 523 338 29 2525 29 733 2 184 2 2355 276 733 2 2355 276 198 276 2376 523 1810 523 2532 27 2376 523 2532 27 346 27 346 27 2532 27 2371 267 346 27 2371 267 207 267 200 1 744 1 207 267 2015 275 2437 1 971 1 630 273 263 273 811 85 630 273 811 85 1180 85 811 92 2010 92 2372 92 811 92 2372 92 1180 92 263 273 630 273 1036 2 263 273 1036 2 707 2 574 266 2651 26 2425 26 574 266 2425 26 314 266 2425 26 2651 26 267 524 2712 28 695 275 2015 275 1654 27 1895 27 1509 523 1654 27 1509 523 1257 523 1635 29 1883 29 1173 276 1635 29 1173 276 911 276 1883 29 1635 29 1257 523 1883 29 1257 523 1509 523 574 266 314 266 642 2 574 266 642 2 844 2 911 276 1173 276 844 2 911 276 844 2 642 2 1895 27 1654 27 933 267 1895 27 933 267 1195 267 2665 28 2436 28 56 524 2665 28 56 524 267 524 866 1 1195 267 933 267 866 1 933 267 664 1 337 275 604 275 866 1 337 275 866 1 664 1 2436 28 2665 28 604 275 1377 28 317 524 1792 524 746 129 1091 129 1308 129 746 129 1308 129 928 129 1091 64 746 64 1991 171 1091 64 1991 171 2351 171 2351 171 1991 171 142 276 2351 171 142 276 463 276 463 276 142 276 625 29 463 276 625 29 936 29 976 523 1353 523 936 29 976 523 936 29 625 29 928 7 1308 7 2372 7 1792 524 64 26 1462 26 1107 137 754 137 939 137 1107 137 939 137 1320 137 154 267 473 267 943 27 154 267 943 27 634 27 2007 170 2369 170 473 267 2007 170 473 267 154 267 754 81 1107 81 2369 170 754 81 2369 170 2007 170 1353 523 976 523 634 27 1353 523 634 27 943 27 2016 80 848 80 1230 80 2016 80 1230 80 2378 80 2378 8 1320 8 939 8 2378 8 939 8 2016 8 1937 29 1243 276 979 276 1937 29 979 276 1703 29 1243 276 908 2 701 2 934 386 2147 386 1268 386 1581 523 1326 523 1717 27 1581 523 1717 27 1949 27 1326 523 1581 523 1937 29 1326 523 1937 29 1703 29 2717 26 2477 26 375 266 2717 26 375 266 643 266 643 266 375 266 701 2 643 266 701 2 908 2 1007 267 1268 267 1949 27 1007 267 1949 27 1717 27 0 28 2490 28 110 524 0 28 110 524 323 524 2477 26 2717 26 323 524 2477 26 323 524 110 524 1268 267 1007 267 724 1 1268 267 724 1 934 1 407 275 659 275 934 1 407 275 934 1 724 1 2490 28 0 28 659 275 787 266 1140 2 2572 2 300 262 669 262 1230 73 300 262 1230 73 848 73 669 262 300 262 737 1 1172 391 2048 242 2216 242 1810 386 2525 386 2355 386 1810 386 2355 386 184 386 1810 386 184 386 727 386 1810 386 727 386 558 386 1810 386 558 386 1303 386 1810 386 1303 386 565 386 1810 386 565 386 732 386 1810 386 732 386 200 386 1810 386 200 386 2371 386 1810 386 2371 386 2532 386 2321 386 2487 386 1763 386 2321 386 1763 386 2479 386 2321 386 2479 386 2308 386 2321 386 2308 386 136 386 2321 386 136 386 689 386 2321 386 689 386 515 386 2321 386 515 386 1253 386 2321 386 1253 386 526 386 2321 386 526 386 703 386 1570 391 2422 242 2572 242 4 386 1495 386 1488 386 1488 386 1495 386 1778 386 1488 386 1778 386 1766 386 1766 386 1778 386 607 386 1766 386 607 386 559 386 559 386 607 386 1157 386 559 386 1157 386 1117 386 1117 386 1157 386 737 386 1117 386 737 386 707 386 707 386 737 386 300 386 707 386 300 386 263 386 263 386 300 386 848 386 263 386 848 386 811 386 811 386 848 386 2016 386 811 386 2016 386 2010 386 2010 386 2016 386 939 386 2010 386 939 386 928 386 928 386 939 386 754 386 928 386 754 386 746 386 746 386 754 386 2007 386 746 386 2007 386 1991 386 1991 386 2007 386 154 386 1991 386 154 386 142 386 142 386 154 386 634 386 142 386 634 386 625 386 1901 228 1042 390 2067 228 266 386 1987 386 2002 386 266 386 2002 386 2275 386 266 386 2275 386 1145 386 266 386 1145 386 286 386 266 386 286 386 2205 386 266 386 2205 386 1071 386 266 386 1071 386 1340 386 2067 228 28 466 1901 228 1103 386 1701 386 2258 386 1103 386 2258 386 2095 386 1103 386 2095 386 99 386 1103 386 99 386 2107 386 1103 386 2107 386 2274 386 1103 386 2274 386 1719 386 1103 386 1719 386 1113 386 1103 386 1113 386 1293 386 1103 386 1293 386 553 386 874 403 1917 433 1984 403 126 386 2298 386 1747 386 126 386 1747 386 1904 386 126 386 1904 386 1130 386 126 386 1130 386 1898 386 126 386 1898 386 1729 386 126 386 1729 386 2286 386 126 386 2286 386 108 386 126 386 108 386 2666 386 126 386 2666 386 670 386 1055 267 2584 27 1295 267 1631 386 1034 386 474 386 1631 386 474 386 654 386 1631 386 654 386 2649 386 1631 386 2649 386 648 386 1631 386 648 386 462 386 1631 386 462 386 1021 386 1631 386 1021 386 1619 386 1631 386 1619 386 1424 386 1631 386 1424 386 2186 386 2437 228 362 466 2260 228 2425 386 56 386 2436 386 2425 386 2436 386 337 386 2425 386 337 386 664 386 2425 386 664 386 933 386 2425 386 933 386 1654 386 2425 386 1654 386 1257 386 2425 386 1257 386 1635 386 2425 386 1635 386 911 386 2425 386 911 386 642 386 2285 433 1280 403 2633 433 110 386 2490 386 407 386 110 386 407 386 724 386 110 386 724 386 1007 386 110 386 1007 386 1717 386 110 386 1717 386 1326 386 110 386 1326 386 1703 386 110 386 1703 386 979 386 110 386 979 386 701 386 110 386 701 386 375 386 1806 1 2222 471 2450 1 </p>
        </triangles>
        <triangles material="Nr10000044_0Mat1" count="2224">
          <input semantic="VERTEX" source="#_8084400_EMCS-42-10000044_0-vertex-obj" offset="0"/>
          <input semantic="NORMAL" source="#_8084400_EMCS-42-10000044_0-normal" offset="1"/>
          <p>780 20 363 20 2715 20 780 20 2715 20 533 20 780 20 533 20 743 20 2715 20 363 20 50 20 2715 20 50 20 405 20 2715 20 405 20 593 20 2715 20 593 20 2444 20 107 20 1153 20 1711 20 107 20 1711 20 2444 20 107 20 2444 20 593 20 1711 20 1153 20 792 20 145 20 458 20 965 20 965 20 458 20 2149 20 965 20 2149 20 1779 20 1779 20 2149 20 2647 20 1779 20 2647 20 2519 20 1779 20 2519 20 2197 20 1779 20 2197 20 2551 20 1779 20 2551 20 257 20 1779 20 257 20 2261 20 257 20 310 20 105 20 257 20 105 20 2261 20 1695 20 1496 20 2419 20 2419 20 1496 20 1992 20 2419 20 1992 20 382 20 382 20 1992 20 881 20 382 20 881 20 1250 20 2419 20 2130 20 1266 20 2419 20 1266 20 1730 20 2419 20 1730 20 2069 20 2419 20 2069 20 1695 20 1563 20 1335 20 1266 20 1563 20 1266 20 2130 20 2643 20 2295 20 2579 20 2579 20 2295 20 1838 20 2579 20 1838 20 1999 20 1999 20 1838 20 1790 20 1079 20 2696 20 329 20 329 20 2696 20 2187 20 329 20 2187 20 2579 20 2579 20 2187 20 2332 20 2579 20 2332 20 2643 20 1963 20 1637 20 2696 20 1963 20 2696 20 1079 20 1477 19 15 19 1958 19 1477 19 1958 19 1561 19 1477 19 1561 19 1936 19 1477 19 1936 19 825 19 1477 19 825 19 1357 19 1477 19 1357 19 994 19 1477 19 994 19 230 19 227 19 548 19 2506 19 227 19 2506 19 1578 19 227 19 1578 19 2081 19 227 19 2081 19 230 19 227 19 230 19 994 19 2154 19 1808 19 1070 19 1070 19 1808 19 2292 19 1070 19 2292 19 1602 19 1602 19 2292 19 2116 19 1602 19 2116 19 1445 19 1445 19 2116 19 1749 19 1445 19 1749 19 1116 19 1116 19 1749 19 2087 19 1116 19 2087 19 1486 19 1486 19 2087 19 1535 19 1486 19 1535 19 925 19 925 19 1535 19 259 19 925 19 259 19 2463 19 2463 19 259 19 2109 19 2463 19 2109 19 1548 19 1548 19 2109 19 1774 19 1548 19 1774 19 1203 19 1203 19 1774 19 2081 19 1203 19 2081 19 1578 19 987 19 2506 19 548 19 987 19 548 19 903 19 987 19 903 19 523 19 987 19 523 19 1705 19 987 19 1705 19 1412 19 987 19 1412 19 2509 19 987 19 2509 19 2278 19 902 19 986 19 547 19 547 19 986 19 2505 19 547 19 2505 19 226 19 226 19 2505 19 1577 19 226 19 1577 19 2080 19 2080 19 1577 19 1202 19 2080 19 1202 19 1773 19 1773 19 1202 19 1547 19 1773 19 1547 19 2108 19 2108 19 1547 19 2462 19 2108 19 2462 19 258 19 258 19 2462 19 924 19 258 19 924 19 1534 19 1534 19 924 19 1485 19 1534 19 1485 19 2086 19 2086 19 1485 19 1115 19 2086 19 1115 19 1748 19 1748 19 1115 19 1444 19 1748 19 1444 19 2115 19 2115 19 1444 19 1601 19 2115 19 1601 19 2291 19 2291 19 1601 19 1069 19 2291 19 1069 19 1807 19 1807 19 1069 19 2153 19 1807 19 2153 19 125 19 824 19 1356 19 1476 19 1476 19 1356 19 993 19 1476 19 993 19 229 19 229 19 993 19 226 19 229 19 226 19 2080 19 887 19 1270 19 2509 19 2509 19 1270 19 916 19 2509 19 916 19 2086 19 2086 19 916 19 63 19 2086 19 63 19 1534 19 2509 19 1412 19 2331 19 2509 19 2331 19 1560 19 2509 19 1560 19 1935 19 2509 19 1935 19 824 19 2509 19 824 19 14 19 2509 19 14 19 887 19 2230 19 398 19 1957 19 1957 19 398 19 741 19 1957 19 741 19 2509 19 2509 19 741 19 429 19 2509 19 429 19 2278 19 1957 19 1486 19 925 19 1957 19 925 19 2230 19 924 19 2229 19 1485 19 1485 19 2229 19 397 19 1485 19 397 19 1958 19 1958 19 397 19 740 19 1958 19 740 19 428 19 1958 19 428 19 2277 19 1958 19 2277 19 522 19 1958 19 522 19 1704 19 1958 19 1704 19 1411 19 1958 19 1411 19 2330 19 1958 19 2330 19 1561 19 522 19 2277 19 986 19 522 19 986 19 902 19 15 19 886 19 1958 19 1958 19 886 19 1269 19 1958 19 1269 19 2508 19 2508 19 1269 19 915 19 2508 19 915 19 62 19 1535 19 2087 19 2508 19 1535 19 2508 19 62 19 1808 19 2154 19 124 19 14 19 824 19 1476 19 639 8 792 8 1153 8 639 8 1153 8 124 8 639 8 124 8 2154 8 639 8 2154 8 1798 8 1963 8 1798 8 2154 8 1963 8 2154 8 1637 8 2116 248 2292 227 593 227 2116 248 593 227 405 248 107 134 593 184 2292 184 107 134 2292 184 1808 134 124 94 1153 94 107 134 124 94 107 134 1808 134 780 356 2508 356 2087 325 780 356 2087 325 363 325 50 293 363 325 2087 325 50 293 2087 325 1749 293 405 248 50 257 1749 257 405 248 1749 257 2116 248 458 77 2153 77 1069 128 458 77 1069 128 2149 128 2551 321 2197 285 1115 285 2551 321 1115 285 1485 321 1958 350 257 350 2551 321 1958 350 2551 321 1485 321 562 387 158 387 1958 387 562 387 1958 387 2508 387 562 387 2508 387 780 387 562 387 780 387 743 387 310 387 257 387 1958 387 310 387 1958 387 158 387 1164 19 783 19 1559 19 1559 19 783 19 841 19 1559 19 841 19 1541 19 1541 19 841 19 1205 19 1541 19 1205 19 505 19 1968 19 252 19 1752 19 1752 19 252 19 1952 19 1752 19 1952 19 841 19 841 19 1952 19 1205 19 138 19 2196 19 734 19 734 19 2196 19 44 19 734 19 44 19 1449 19 1449 19 44 19 1842 19 1449 19 1842 19 877 19 877 19 1842 19 1968 19 877 19 1968 19 1752 19 584 19 2235 19 1132 19 1132 19 2235 19 2009 19 1132 19 2009 19 1585 19 1585 19 2009 19 138 19 1585 19 138 19 734 19 953 19 804 19 1906 19 1906 19 804 19 2546 19 1906 19 2546 19 1072 19 1072 19 2546 19 821 19 1072 19 821 19 1938 19 1938 19 821 19 1597 19 1938 19 1597 19 1263 19 1263 19 1597 19 2311 19 1263 19 2311 19 2049 19 2049 19 2311 19 584 19 2049 19 584 19 1132 19 753 19 1541 19 505 19 753 19 505 19 2232 19 753 19 2232 19 578 19 753 19 578 19 1678 19 620 19 2078 19 2695 19 2695 19 2078 19 1220 19 2695 19 1220 19 768 19 768 19 1220 19 1678 19 768 19 1678 19 578 19 60 19 953 19 1350 19 60 19 1350 19 2078 19 60 19 2078 19 620 19 1249 19 1644 19 1985 19 1249 19 1985 19 1938 19 1249 19 1938 19 1263 19 953 19 1906 19 1350 19 1350 455 1561 455 2330 461 1350 455 2330 461 2078 461 1906 440 1936 440 1561 455 1906 440 1561 455 1350 455 1072 425 825 425 1936 440 1072 425 1936 440 1906 440 1357 394 825 425 1072 425 1357 394 1072 425 1938 394 994 333 1357 394 1938 394 994 333 1938 394 1985 333 227 289 994 333 1985 333 227 289 1985 333 1644 289 620 374 374 374 940 347 620 374 940 347 60 347 45 312 953 312 60 347 45 312 60 347 940 347 953 312 45 312 191 245 953 312 191 245 804 245 1194 169 2546 169 804 245 1194 169 804 245 191 245 2546 169 1194 169 176 89 2546 169 176 89 821 89 2175 6 1597 6 821 89 2175 6 821 89 176 89 1541 392 753 422 522 422 1541 392 522 422 902 392 753 422 1678 439 1704 439 753 422 1704 439 522 422 1678 439 1220 453 1411 453 1678 439 1411 453 1704 439 1220 453 2078 461 2330 461 1220 453 2330 461 1411 453 431 232 578 232 2232 162 431 232 2232 162 1536 162 578 232 431 232 218 306 578 232 218 306 768 306 1054 342 2695 342 768 306 1054 342 768 306 218 306 2695 342 1054 342 374 374 2695 342 374 374 620 374 548 243 227 289 1644 289 548 243 1644 289 1249 243 548 243 1249 243 1263 190 548 243 1263 190 903 190 1263 190 2049 167 523 167 1263 190 523 167 903 190 1443 72 2311 72 1597 6 1443 72 1597 6 2175 6 2311 72 1443 72 423 161 2311 72 423 161 584 161 1533 231 2235 231 584 161 1533 231 584 161 423 161 2647 179 2149 128 1069 128 2647 179 1069 128 1601 179 1601 219 1444 239 2519 239 1601 219 2519 239 2647 219 1444 239 1115 253 2197 253 1444 239 2197 253 2519 239 1637 76 2154 76 1070 127 1637 76 1070 127 2696 127 1992 133 1496 183 2291 183 1992 133 2291 183 1807 133 125 93 881 93 1992 133 125 93 1992 133 1807 133 1250 7 881 7 1049 7 1049 7 881 7 125 7 1049 7 125 7 2680 7 2680 7 125 7 2153 7 2680 7 2153 7 145 7 145 7 2153 7 458 7 1559 331 547 331 226 283 1559 331 226 283 1164 283 1541 392 902 392 547 331 1541 392 547 331 1559 331 507 71 505 71 1205 5 507 71 1205 5 2539 5 505 71 507 71 1536 162 505 71 1536 162 2232 162 1560 119 2331 110 734 110 1560 119 734 110 1449 119 1560 119 1449 119 877 132 1560 119 877 132 1935 132 1935 132 877 132 1752 166 1935 132 1752 166 824 166 1752 166 841 185 1356 185 1752 166 1356 185 824 166 841 185 783 234 993 234 841 185 993 234 1356 185 1164 283 226 283 993 234 1164 283 993 234 783 234 2196 373 1575 373 957 346 2196 373 957 346 44 346 1943 311 1842 311 44 346 1943 311 44 346 957 346 1842 311 1943 311 1817 244 1842 311 1817 244 1968 244 736 168 252 168 1968 244 736 168 1968 244 1817 244 252 168 736 168 1834 88 252 168 1834 88 1952 88 2539 5 1205 5 1952 88 2539 5 1952 88 1834 88 1705 135 523 167 2049 167 1705 135 2049 167 1132 135 1412 120 1705 135 1132 135 1412 120 1132 135 1585 120 2331 110 1412 120 1585 120 2331 110 1585 120 734 110 2235 231 1533 231 1784 305 2235 231 1784 305 2009 305 853 341 138 341 2009 305 853 341 2009 305 1784 305 138 341 853 341 1575 373 138 341 1575 373 2196 373 2069 292 1730 324 2086 324 2069 292 2086 324 1748 292 1748 256 2115 247 1695 247 1748 256 1695 247 2069 256 2115 247 2291 226 1496 226 2115 247 1496 226 1695 247 2187 178 2696 127 1070 127 2187 178 1070 127 1602 178 1957 349 1838 349 2295 320 1957 349 2295 320 1486 320 1127 386 1574 386 1957 386 1127 386 1957 386 2509 386 1127 386 2509 386 1266 386 1127 386 1266 386 1335 386 1790 386 1838 386 1957 386 1790 386 1957 386 1574 386 1266 355 2509 355 2086 324 1266 355 2086 324 1730 324 33 7 812 7 2368 7 33 7 2368 7 2687 7 33 7 2687 7 1455 7 33 7 1455 7 1727 7 33 7 1727 7 137 7 33 7 137 7 1718 7 33 7 1718 7 2535 7 33 7 2535 7 2623 7 33 7 2623 7 94 7 33 7 94 7 1273 7 33 7 1273 7 1519 7 33 7 1519 7 2681 7 33 7 2681 7 1510 7 33 7 1510 7 803 7 33 7 803 7 1691 7 33 7 1691 7 254 7 33 7 254 7 2688 7 33 7 2688 7 1478 7 33 7 1478 7 1141 7 33 7 1141 7 878 7 33 7 878 7 2502 7 33 7 2502 7 583 7 33 7 583 7 1933 7 33 7 1933 7 1607 7 33 7 1607 7 80 7 33 7 80 7 2565 7 33 7 2565 7 1161 7 33 7 1161 7 2300 7 33 7 2300 7 2526 7 33 7 2526 7 909 7 33 7 909 7 130 7 812 438 33 438 25 438 812 438 25 438 808 438 2300 354 1161 354 1155 354 2300 354 1155 354 2293 354 33 25 130 236 123 236 33 25 123 236 25 25 130 236 909 524 904 524 130 236 904 524 123 236 909 524 2526 518 2520 518 909 524 2520 518 904 524 2526 518 2300 474 2293 474 2526 518 2293 474 2520 518 1012 386 501 386 178 386 1012 386 178 386 680 386 2693 19 1239 19 2653 19 2693 19 2653 19 1830 19 2693 19 1830 19 500 19 1156 19 1954 19 2653 19 1156 19 2653 19 1239 19 1830 19 2653 19 1892 19 500 526 1830 526 77 29 500 526 77 29 1690 29 77 29 1526 276 415 276 77 29 415 276 508 92 77 29 508 92 1690 29 1892 386 1681 386 1370 386 1892 386 1370 386 112 386 1892 386 112 386 1084 386 1892 386 1084 386 417 386 1892 386 417 386 68 386 1892 386 68 386 2416 386 1892 386 2416 386 2454 386 1892 386 2454 386 2513 386 1892 386 2513 386 1788 386 1892 386 1788 386 1466 386 1892 386 1466 386 1526 386 1892 386 1526 386 77 386 1892 386 77 386 1830 386 776 386 417 386 1084 386 776 386 1084 386 115 386 776 386 115 386 491 386 776 386 491 386 1217 386 2446 386 128 386 2014 386 2446 386 2014 386 2513 386 2446 386 2513 386 2454 386 1217 386 441 386 1207 386 1207 386 441 386 483 386 1207 386 483 386 1261 386 1261 386 483 386 1762 386 1261 386 1762 386 832 386 832 386 1762 386 506 386 832 386 506 386 496 386 496 386 506 386 2014 386 496 386 2014 386 128 386 441 386 1217 386 491 386 483 386 441 386 202 386 415 276 1526 276 1466 2 415 276 1466 2 2581 2 2513 269 810 269 131 60 2513 269 131 60 1788 60 810 269 2513 269 2014 60 810 269 2014 60 172 60 1788 60 131 60 2581 2 1788 60 2581 2 1466 2 506 2 1337 2 542 472 506 2 542 472 172 60 506 2 172 60 2014 60 1762 276 2608 276 2156 479 1762 276 2156 479 1337 2 1762 276 1337 2 506 2 2608 276 1762 276 483 29 2608 276 483 29 1611 29 1611 29 483 29 202 523 1611 29 202 523 1609 523 441 204 2163 204 1609 523 441 204 1609 523 202 523 2441 482 491 482 115 204 2441 482 115 204 2066 204 491 482 2441 482 2163 204 491 482 2163 204 441 204 1681 479 1221 479 758 276 1681 479 758 276 1370 276 1084 523 311 523 2066 204 1084 523 2066 204 115 204 311 523 1084 523 112 29 311 523 112 29 2131 29 311 523 2131 29 1908 526 2131 29 112 29 1370 276 2131 29 1370 276 758 276 667 182 149 182 2697 50 667 182 2697 50 1092 50 667 182 1092 50 2693 50 667 182 2693 50 500 50 667 182 500 50 1690 50 667 182 1690 50 508 50 149 182 667 182 2315 353 149 182 2315 353 2284 543 149 182 2284 543 2675 543 149 182 2675 543 1804 353 2675 543 2284 543 178 201 2675 543 178 201 501 201 1221 93 2375 93 2195 164 1221 93 2195 164 758 164 758 164 2195 164 2088 295 758 164 2088 295 2131 295 2131 295 2088 295 2038 337 2131 295 2038 337 1908 337 1908 379 2038 379 2163 379 1908 379 2163 379 2441 379 1908 379 2441 379 2066 379 1908 379 2066 379 311 379 2038 379 945 383 2156 383 2038 379 2156 383 2608 379 2038 379 2608 379 1611 379 2038 379 1611 379 1609 379 2038 379 1609 379 2163 379 2315 383 667 379 508 379 2315 383 508 379 415 379 2315 383 415 379 2581 379 2315 383 2581 379 131 379 2315 383 131 379 810 379 2315 383 810 379 172 379 2315 383 172 379 542 383 178 385 2284 385 2315 383 178 385 2315 383 542 383 178 385 542 383 1337 385 178 385 1337 385 2156 383 178 385 2156 383 680 385 945 383 687 385 680 385 945 383 680 385 2156 383 1602 218 1445 238 2332 238 1602 218 2332 238 2187 218 1445 238 1116 252 2643 252 1445 238 2643 252 2332 238 2295 320 2643 284 1116 284 2295 320 1116 284 1486 320 1092 27 2248 27 1239 520 1092 27 1239 520 2693 520 920 267 2248 27 1092 27 920 267 1092 27 2697 80 920 267 2697 80 2597 267 1018 386 1005 386 1408 386 1408 386 1005 386 2280 386 1408 386 2280 386 1865 386 1865 386 2280 386 1040 386 1865 386 1040 386 1856 386 1856 386 1040 386 1088 386 1856 386 1088 386 1897 386 1897 386 1088 386 1169 386 1897 386 1169 386 1481 386 1481 386 1169 386 767 386 1481 386 767 386 1828 386 283 386 1156 386 289 386 289 386 1156 386 305 386 289 386 305 386 253 386 253 386 305 386 2547 386 253 386 2547 386 660 386 660 386 2547 386 1005 386 660 386 1005 386 1018 386 1156 386 1239 386 2248 386 1156 386 2248 386 920 386 1156 386 920 386 2046 386 1156 386 2046 386 2336 386 1156 386 2336 386 305 386 1156 386 283 386 725 386 1156 386 725 386 1099 386 1156 386 1099 386 1828 386 1156 386 1828 386 770 386 1156 386 770 386 2110 386 1156 386 2110 386 2393 386 1828 386 1099 386 1481 386 1088 386 1040 386 766 386 920 267 2597 267 394 1 920 267 394 1 2046 1 679 63 2547 63 305 280 679 63 305 280 1401 280 1401 280 305 280 2336 63 1401 280 2336 63 682 63 682 63 2336 63 2046 1 682 63 2046 1 394 1 2218 523 95 210 1088 210 2218 523 1088 210 766 523 1040 27 2162 27 2218 523 1040 27 2218 523 766 523 2162 27 1040 27 2280 267 2162 27 2280 267 390 267 390 267 2280 267 1005 1 390 267 1005 1 1868 1 390 267 1868 1 2679 471 2547 63 679 63 1056 478 2547 63 1056 478 1868 1 2547 63 1868 1 1005 1 1169 487 358 487 22 210 1169 487 22 210 767 210 358 487 1169 487 1088 210 358 487 1088 210 95 210 1947 471 2393 471 2110 267 1947 471 2110 267 1484 267 770 27 93 27 1484 267 770 27 1484 267 2110 267 1828 523 1009 523 2592 520 1828 523 2592 520 93 27 1828 523 93 27 770 27 1009 523 1828 523 767 210 1009 523 767 210 22 210 1804 382 1056 382 679 368 1804 382 679 368 1401 368 1804 382 1401 368 682 368 1804 382 682 368 394 368 1804 382 394 368 2597 368 1804 382 2597 368 2697 368 1804 382 2697 368 149 368 1504 382 1 368 2592 368 1504 382 2592 368 95 368 1504 382 95 368 2218 368 1504 382 2218 368 2162 368 1504 382 2162 368 390 368 1504 382 390 368 2679 382 2592 368 1009 368 22 368 2592 368 22 368 358 368 2592 368 358 368 95 368 46 288 93 288 2592 334 46 288 2592 334 1 334 179 155 1484 155 93 288 179 155 93 288 46 288 296 76 1947 76 1484 155 296 76 1484 155 179 155 2491 505 2083 470 2655 255 501 384 1012 384 2679 382 501 384 2679 382 1868 384 501 384 1868 384 1056 382 501 384 1056 382 1804 382 501 384 1804 382 2675 384 1022 384 1504 382 2679 382 1022 384 2679 382 1012 384 514 19 2268 19 1256 19 514 19 1256 19 318 19 514 19 318 19 2305 19 514 19 2305 19 1708 19 514 19 1708 19 1307 19 514 19 1307 19 1170 19 514 19 1170 19 1334 19 514 19 1334 19 1756 19 514 19 1756 19 2359 19 514 19 2359 19 395 19 514 19 395 19 1342 19 514 19 1342 19 2348 19 514 19 2348 19 587 19 514 19 587 19 1515 19 514 19 1515 19 2316 19 514 19 2316 19 187 19 514 19 187 19 539 19 514 19 539 19 663 19 514 19 663 19 525 19 514 19 525 19 146 19 514 19 146 19 2257 19 514 19 2257 19 1436 19 341 19 2302 19 1144 19 1144 19 2302 19 1133 19 1144 19 1133 19 2276 19 2276 19 1133 19 2129 19 2276 19 2129 19 1223 19 1223 19 2129 19 2225 19 1223 19 2225 19 1050 19 1050 19 2225 19 1218 19 1050 19 1218 19 1962 19 1962 19 1218 19 221 19 1962 19 221 19 1893 19 1218 19 1825 19 1483 19 1218 19 1483 19 1065 19 1218 19 1065 19 418 19 1218 19 418 19 2317 19 1218 19 2317 19 1294 19 1218 19 1294 19 221 19 1825 19 1126 19 1204 19 1825 19 1204 19 2238 19 1825 19 2238 19 347 19 1825 19 347 19 1019 19 1825 19 1019 19 1460 19 1825 19 1460 19 1630 19 1825 19 1630 19 1483 19 12 19 777 19 1946 19 1946 19 777 19 1956 19 1946 19 1956 19 797 19 797 19 1956 19 944 19 797 19 944 19 1875 19 1875 19 944 19 845 19 1875 19 845 19 2040 19 2040 19 845 19 1881 19 2040 19 1881 19 1126 19 1126 19 1881 19 153 19 1126 19 153 19 1204 19 1962 19 1893 19 826 19 1962 19 826 19 3 19 1962 19 3 19 2073 19 1962 19 2073 19 1647 19 1962 19 1647 19 1289 19 1289 19 1647 19 1468 19 1289 19 1468 19 1621 19 1289 19 1621 19 2021 19 1289 19 2021 19 2672 19 1289 19 2672 19 763 19 1289 19 763 19 1820 19 1289 19 1820 19 1881 19 153 19 1881 19 1820 19 2175 534 12 534 1946 37 2175 534 1946 37 1443 37 1710 534 2268 534 514 37 1710 534 514 37 49 37 49 72 1204 72 153 6 49 72 153 6 1710 6 1443 37 1946 37 797 100 1443 37 797 100 423 100 49 37 514 37 1436 100 49 37 1436 100 1026 100 1026 161 2238 161 1204 72 1026 161 1204 72 49 72 423 100 797 100 1875 143 423 100 1875 143 1533 143 1026 100 1436 100 2257 143 1026 100 2257 143 1928 143 1928 231 347 231 2238 161 1928 231 2238 161 1026 161 1875 143 2040 176 1784 176 1875 143 1784 176 1533 143 2591 176 1928 143 2257 143 2591 176 2257 143 146 176 2591 305 1019 305 347 231 2591 305 347 231 1928 231 853 199 1784 176 2040 176 853 199 2040 176 1126 199 261 199 2591 176 146 176 261 199 146 176 525 199 261 341 1460 341 1019 305 261 341 1019 305 2591 305 1575 214 853 199 1126 199 1575 214 1126 199 1825 214 424 214 261 199 525 199 424 214 525 199 663 214 424 373 1630 373 1460 341 424 373 1460 341 261 341 957 205 1575 214 1825 214 957 205 1825 214 1218 205 424 214 663 214 539 205 424 214 539 205 279 205 279 346 1483 346 1630 373 279 346 1630 373 424 373 957 205 1218 205 2225 177 957 205 2225 177 1943 177 279 205 539 205 187 177 279 205 187 177 2637 177 2637 311 1065 311 1483 346 2637 311 1483 346 279 346 1943 177 2225 177 2129 146 1943 177 2129 146 1817 146 2637 177 187 177 2316 146 2637 177 2316 146 1973 146 1973 244 418 244 1065 311 1973 244 1065 311 2637 311 2129 146 1133 102 736 102 2129 146 736 102 1817 146 2316 146 1515 102 1104 102 2316 146 1104 102 1973 146 1104 168 2317 168 418 244 1104 168 418 244 1973 244 1133 102 2302 45 1834 45 1133 102 1834 45 736 102 1515 102 587 45 127 45 1515 102 127 45 1104 102 127 88 1294 88 2317 168 127 88 2317 168 1104 168 2302 45 341 536 2539 536 2302 45 2539 536 1834 45 2348 536 1801 536 127 45 2348 536 127 45 587 45 1801 5 221 5 1294 88 1801 5 1294 88 127 88 1144 496 507 496 2539 536 1144 496 2539 536 341 536 1342 496 688 496 1801 536 1342 496 1801 536 2348 536 688 71 1893 71 221 5 688 71 221 5 1801 5 1144 496 2276 456 1536 456 1144 496 1536 456 507 496 395 456 2432 456 688 496 395 456 688 496 1342 496 2432 162 826 162 1893 71 2432 162 1893 71 688 71 1223 415 431 415 1536 456 1223 415 1536 456 2276 456 2359 415 1550 415 2432 456 2359 415 2432 456 395 456 1550 232 3 232 826 162 1550 232 826 162 2432 162 1223 415 1050 362 218 362 1223 415 218 362 431 415 2359 415 1756 362 831 362 2359 415 831 362 1550 415 831 306 2073 306 3 232 831 306 3 232 1550 232 1050 362 1962 327 1054 327 1050 362 1054 327 218 362 1756 362 1334 327 439 327 1756 362 439 327 831 362 439 342 1647 342 2073 306 439 342 2073 306 831 306 1962 327 1289 322 374 322 1962 327 374 322 1054 327 1334 327 1170 322 275 322 1334 327 275 322 439 327 275 374 1468 374 1647 342 275 374 1647 342 439 342 1881 326 940 326 374 322 1881 326 374 322 1289 322 1307 326 412 326 275 322 1307 326 275 322 1170 322 412 347 1621 347 1468 374 412 347 1468 374 275 374 845 359 45 359 940 326 845 359 940 326 1881 326 1708 359 791 359 412 326 1708 359 412 326 1307 326 791 312 2021 312 1621 347 791 312 1621 347 412 347 944 410 191 410 45 359 944 410 45 359 845 359 2305 410 1479 410 791 359 2305 410 791 359 1708 359 1479 245 2672 245 2021 312 1479 245 2021 312 791 312 1194 450 191 410 944 410 1194 450 944 410 1956 450 2358 450 1479 410 2305 410 2358 450 2305 410 318 450 2358 169 763 169 2672 245 2358 169 2672 245 1479 245 176 495 1194 450 1956 450 176 495 1956 450 777 495 610 495 2358 450 318 450 610 495 318 450 1256 495 610 89 1820 89 763 169 610 89 763 169 2358 169 777 495 12 534 2175 534 777 495 2175 534 176 495 1710 534 610 495 1256 495 1710 534 1256 495 2268 534 1710 6 153 6 1820 89 2456 94 792 94 639 94 97 19 427 19 38 19 38 19 427 19 827 19 38 19 827 19 581 19 581 19 827 19 773 19 1775 19 166 19 2486 19 2486 19 166 19 644 19 2486 19 644 19 38 19 38 19 644 19 451 19 38 19 451 19 97 19 840 19 1198 19 166 19 840 19 166 19 1775 19 451 248 644 227 291 227 451 248 291 227 152 248 166 134 2557 134 291 184 166 134 291 184 644 184 2557 134 166 134 1198 94 2444 250 38 250 2715 250 152 248 2510 257 97 257 152 248 97 257 451 248 427 325 117 325 535 356 427 325 535 356 827 356 117 325 427 325 97 293 794 350 359 350 381 350 2561 19 2703 19 1819 19 1819 19 2703 19 2201 19 1819 19 2201 19 1023 19 1023 19 2201 19 512 19 1023 19 512 19 197 19 1819 19 2314 19 297 19 1819 19 297 19 2599 19 1819 19 2599 19 2244 19 1819 19 2244 19 2561 19 159 19 359 19 297 19 159 19 297 19 2314 19 773 387 827 387 970 387 970 387 827 387 535 387 970 387 535 387 568 387 568 387 535 387 297 387 568 387 297 387 359 387 105 316 2314 272 2261 272 2201 128 1880 128 205 77 2201 128 205 77 512 77 1923 285 2244 285 2599 321 1923 285 2599 321 2287 321 297 350 7 350 2287 321 297 350 2287 321 2599 321 1880 128 2201 128 2703 179 1880 128 2703 179 2391 179 2391 219 2703 219 2561 239 2391 219 2561 239 2243 239 1923 253 2243 239 2561 239 1250 93 442 140 382 140 1302 19 932 19 442 19 442 19 932 19 2053 19 442 19 2053 19 2458 19 2458 19 2053 19 1551 19 2458 19 1551 19 1755 19 2458 19 1755 19 2118 19 2458 19 2118 19 1786 19 2458 19 1786 19 1319 19 2458 19 1319 19 2172 19 1319 19 1367 19 1615 19 1319 19 1615 19 2172 19 1302 7 1499 7 645 7 645 7 1499 7 350 7 645 7 350 7 512 7 512 7 350 7 197 7 645 7 512 7 205 7 1302 7 645 7 932 7 2013 8 1687 8 2210 8 2210 8 1687 8 1347 8 2210 8 1347 8 1057 8 1057 8 1347 8 851 8 1057 8 851 8 840 8 382 140 2458 195 2419 195 1199 183 1551 183 2053 133 1199 183 2053 133 1746 133 932 93 645 93 1746 133 932 93 1746 133 2053 133 1414 324 1786 324 2118 292 1414 324 2118 292 1805 292 1755 247 1379 247 1805 256 1755 247 1805 256 2118 256 1379 247 1755 247 1551 226 1379 247 1551 226 1199 226 1786 324 1414 324 969 355 2626 7 2323 7 955 7 2375 124 2174 125 408 502 2375 124 408 502 2195 95 2195 95 408 502 2612 221 2195 95 2612 221 2088 36 2088 36 2612 221 1553 151 2088 36 1553 151 2038 31 1291 97 945 314 2038 290 1291 97 2038 290 1553 48 945 314 1291 97 2168 117 1209 200 1592 542 1193 200 2407 7 1211 7 495 7 2407 7 495 7 1767 7 2407 7 1767 7 1392 7 2407 7 1392 7 2625 7 495 7 1211 7 2412 7 495 7 2412 7 1568 7 495 7 1568 7 1457 7 495 7 1457 7 1258 7 495 7 1258 7 1331 7 1258 7 81 7 2566 7 1258 7 2566 7 1394 7 1258 7 1394 7 2574 7 1258 7 2574 7 1331 7 2574 7 499 7 1826 7 2574 7 1826 7 1576 7 2574 7 1576 7 383 7 2574 7 383 7 1219 7 2574 7 1219 7 1331 7 1826 7 499 7 2430 7 1826 7 2430 7 1063 7 1826 7 1063 7 1391 7 1826 7 1391 7 2603 7 1826 7 2603 7 209 7 1826 7 209 7 422 7 1826 7 422 7 1610 7 1826 7 1610 7 749 7 1826 7 749 7 189 7 2173 7 2504 7 1520 7 2173 7 1520 7 189 7 2173 7 189 7 749 7 1520 7 2504 7 1276 7 1826 353 189 353 186 353 1826 353 186 353 1822 353 495 437 1331 437 1321 437 495 437 1321 437 486 437 1331 24 1219 235 1215 235 1331 24 1215 235 1321 24 1219 235 383 523 379 523 1219 235 379 523 1215 235 383 523 1576 517 1572 517 383 523 1572 517 379 523 1576 517 1826 473 1822 473 622 457 114 524 629 457 1348 515 408 502 2174 125 1348 515 2174 125 1648 21 408 502 1348 515 599 220 408 502 599 220 2612 221 2612 221 599 220 1317 527 2612 221 1317 527 1553 151 1291 97 1553 48 1317 309 1291 97 1317 309 1189 396 2070 541 1348 515 1648 21 2136 387 1866 387 2140 387 2535 235 1718 523 1714 523 2535 235 1714 523 2530 235 2678 387 1474 387 1478 387 2678 387 1478 387 2688 387 80 387 1607 387 1596 387 80 387 1596 387 74 387 1607 108 1933 532 1926 532 1607 108 1926 532 1596 108 1933 532 583 458 576 458 1933 532 576 458 1926 532 583 458 2502 523 2494 523 583 458 2494 523 576 458 2565 11 80 200 74 200 2565 11 74 200 2562 11 2502 523 878 517 873 517 2502 523 873 517 2494 523 878 517 1141 473 1139 473 878 517 1139 473 873 517 1141 353 1478 353 1474 353 1141 353 1474 353 1139 353 254 532 1691 458 1683 458 254 532 1683 458 250 532 1691 458 803 476 800 476 1691 458 800 476 1683 458 803 19 1510 19 1503 19 803 19 1503 19 800 19 1510 50 2681 182 2673 182 1510 50 2673 182 1503 50 2688 108 254 532 250 532 2688 108 250 532 2678 108 2681 182 1519 543 1512 543 2681 182 1512 543 2673 182 1519 543 1273 201 1265 201 1519 543 1265 201 1512 543 1273 386 94 386 88 386 1273 386 88 386 1265 386 2623 24 2535 235 2530 235 2623 24 2530 235 2618 24 1718 523 137 182 132 182 1718 523 132 182 1714 523 137 182 1727 543 1724 543 137 182 1724 543 132 182 1727 543 1455 201 1450 201 1727 543 1450 201 1724 543 94 437 2623 437 2618 437 94 437 2618 437 88 437 1455 386 2687 386 2676 386 1455 386 2676 386 1450 386 2687 107 2368 511 2360 511 2687 107 2360 511 2676 107 2368 511 812 414 808 414 2368 511 808 414 2360 511 1161 398 2565 11 2562 11 1594 532 465 108 1586 532 896 7 369 7 819 7 819 7 369 7 751 7 819 7 751 7 2091 7 2091 7 751 7 2617 7 2091 7 2617 7 1753 7 1753 7 2617 7 2281 7 1851 7 1284 7 2219 7 2219 7 1284 7 1197 7 2219 7 1197 7 751 7 751 7 1197 7 2617 7 1851 386 2219 386 2212 386 1851 386 2212 386 1848 386 2617 19 1197 19 1190 19 2617 19 1190 19 2613 19 1197 387 1284 387 1281 387 1197 387 1281 387 1190 387 2219 20 751 20 748 20 2567 200 1011 542 1002 542 2478 7 871 7 1234 7 2478 7 1234 7 92 7 2478 7 92 7 1498 7 2478 7 1498 7 1181 7 2478 7 1181 7 600 7 331 7 92 7 1234 7 331 7 1234 7 2691 7 331 7 2691 7 626 7 331 7 626 7 1797 7 1181 7 2367 7 600 7 600 7 2367 7 1459 7 600 7 1459 7 2387 7 2387 7 1459 7 1111 7 2387 7 1111 7 2707 7 2707 7 1111 7 1066 7 2707 7 1066 7 1797 7 2707 7 1797 7 626 7 626 7 2691 7 2373 7 677 7 1978 7 951 7 677 7 951 7 2443 7 946 20 2438 20 2443 20 946 20 2443 20 951 20 2281 386 2617 386 2613 386 2281 386 2613 386 2271 386 1284 19 1851 19 1848 19 1284 19 1848 19 1281 19 1066 307 1111 181 1108 181 1066 307 1108 181 1061 307 1797 258 1066 307 1061 307 1797 258 1061 307 1796 258 331 387 1797 387 1796 387 331 387 1796 387 326 387 1111 181 1459 524 1453 524 1111 181 1453 524 1108 181 2373 386 2691 386 2684 386 2373 386 2684 386 2364 386 2701 182 2383 523 2387 523 2701 182 2387 523 2707 182 2707 182 626 156 621 156 2707 182 621 156 2701 182 626 156 2373 544 2364 544 626 156 2364 544 621 156 896 386 819 386 818 386 896 386 818 386 889 386 819 19 2091 19 2089 19 819 19 2089 19 818 19 2091 387 1753 387 1750 387 2091 387 1750 387 2089 387 92 19 331 19 326 19 92 19 326 19 86 19 2691 20 1234 20 1226 20 2691 20 1226 20 2684 20 1753 19 2281 19 2271 19 1753 19 2271 19 1750 19 751 387 369 387 365 387 751 387 365 387 748 387 369 19 896 19 889 19 369 19 889 19 365 19 675 19 1971 19 1978 19 675 19 1978 19 677 19 677 386 2443 386 2438 386 1346 181 974 49 966 49 1241 7 1852 7 586 7 586 7 1852 7 2398 7 586 7 2398 7 633 7 633 7 2398 7 488 7 633 7 488 7 1480 7 586 7 633 7 1158 7 2367 457 1181 298 1177 298 2367 457 1177 298 2361 457 1181 298 1498 157 1494 157 1181 298 1494 157 1177 298 2361 457 1453 524 1459 524 2361 457 1459 524 2367 457 1498 386 92 386 86 386 1498 386 86 386 1494 386 1234 387 871 387 865 387 1234 387 865 387 1226 387 871 485 2478 145 2471 145 871 485 2471 145 865 485 594 458 2471 145 2478 145 594 458 2478 145 600 458 2383 523 594 458 600 458 2383 523 600 458 2387 523 1241 387 586 387 582 387 1241 387 582 387 1238 387 951 387 1978 387 1971 387 951 387 1971 387 946 387 1158 386 633 386 627 386 1158 386 627 386 1154 386 2398 386 1852 386 1849 386 2398 386 1849 386 2394 386 633 19 1480 19 1475 19 633 19 1475 19 627 19 1480 386 488 386 478 386 1480 386 478 386 1475 386 488 20 2398 20 2394 20 488 20 2394 20 478 20 1852 20 1241 20 1238 20 1852 20 1238 20 1849 20 586 19 1158 19 1154 19 1193 387 893 387 1209 387 1610 524 422 518 416 518 1610 524 416 518 1603 524 81 387 1258 387 1251 387 81 387 1251 387 76 387 1457 25 1568 236 1565 236 1457 25 1565 236 1452 25 1568 236 2412 524 2409 524 1568 236 2409 524 1565 236 2412 524 1211 181 1206 181 2412 524 1206 181 2409 524 1258 438 1457 438 1452 438 1258 438 1452 438 1251 438 2574 49 1394 181 1388 181 2574 49 1388 181 2571 49 1394 181 2566 542 2564 542 1394 181 2564 542 1388 181 2566 542 81 200 76 200 2566 542 76 200 2564 542 2603 386 1391 386 1383 386 2603 386 1383 386 2601 386 499 20 2574 20 2571 20 499 20 2571 20 498 20 1391 107 1063 531 1058 531 1391 107 1058 531 1383 107 1063 531 2430 457 2426 457 1063 531 2426 457 1058 531 2430 457 499 475 498 475 2430 457 498 475 2426 457 189 397 1520 10 1514 10 189 397 1514 10 186 397 1520 10 1276 201 1267 201 1520 10 1267 201 1514 10 1276 386 2504 386 2498 386 1276 386 2498 386 1267 386 2504 107 2173 531 2166 531 2504 107 2166 531 2498 107 2173 531 749 457 742 457 2173 531 742 457 2166 531 749 457 1610 524 1603 524 749 457 1603 524 742 457 422 518 209 474 206 474 422 518 206 474 416 518 209 354 2603 354 2601 354 567 182 875 50 563 182 1211 181 2407 542 2403 542 1211 181 2403 542 1206 181 2407 542 2625 200 2620 200 2407 542 2620 200 2403 542 2625 387 1392 387 1385 387 2625 387 1385 387 2620 387 1392 108 1767 510 1760 510 1392 108 1760 510 1385 108 1767 510 495 413 486 413 2106 201 846 543 2098 201 2168 117 1291 97 1189 396 2168 117 1189 396 1168 449 1348 515 2070 541 1538 417 1348 515 1538 417 599 220 599 220 1538 417 1425 407 599 220 1425 407 1317 527 2660 13 1189 396 1317 309 1776 349 1832 349 1301 349 1879 19 2345 19 2629 19 1879 19 2629 19 2061 19 1879 19 2061 19 1832 19 2629 19 2345 19 2699 19 2629 19 2699 19 2382 19 2629 19 2382 19 2236 19 2629 19 2236 19 376 19 6 19 1687 19 1134 19 6 19 1134 19 376 19 6 19 376 19 2236 19 1134 19 1687 19 2013 19 1367 386 1319 386 1582 386 1582 386 1319 386 969 386 1582 386 969 386 2000 386 2000 386 969 386 1879 386 2000 386 1879 386 1832 386 1333 387 798 387 2011 387 1168 465 1540 465 2521 126 1168 465 2521 126 2168 126 1171 397 295 109 1552 397 1171 397 1552 397 1540 465 1171 397 1540 465 1168 465 687 386 1012 386 680 386 2168 126 2521 126 1022 335 2168 126 1022 335 687 335 1347 76 1687 76 6 127 1347 76 6 127 2424 127 2236 178 1918 178 2424 127 2236 178 2424 127 6 127 1879 349 1543 349 2008 320 1879 349 2008 320 2345 320 2382 238 2044 238 1918 218 2382 238 1918 218 2236 218 2044 238 2382 238 2699 252 2044 238 2699 252 2380 252 2345 320 2008 320 2380 284 2345 320 2380 284 2699 284 2253 47 1846 96 1770 395 2253 47 1770 395 2025 308 1296 215 570 216 2253 148 1296 215 2253 148 2025 521 2064 509 1110 499 570 216 2064 509 570 216 1296 215 2349 15 148 118 1110 499 2125 22 2698 22 1954 22 2064 509 40 537 977 139 2064 509 977 139 2349 15 2521 115 1540 448 1770 395 2521 115 1770 395 1846 96 2143 493 2025 308 1770 395 2143 493 1770 395 443 12 2245 412 1296 215 2025 521 2245 412 2025 521 2143 406 40 537 2064 509 1296 215 40 537 1296 215 2245 412 1846 96 1504 313 1022 329 1846 96 1022 329 2521 115 1504 313 1846 96 2253 47 1504 313 2253 47 1 287 2253 148 570 216 46 34 2253 148 46 34 1 30 570 216 1110 499 179 82 570 216 179 82 46 34 1110 499 148 118 296 114 1110 499 296 114 179 82 1980 20 1288 20 969 20 969 20 1288 20 232 20 969 20 232 20 1833 20 1833 20 232 20 900 20 1833 20 900 20 1109 20 1109 20 900 20 2202 20 1109 20 2202 20 2641 20 2641 20 2202 20 1679 20 2641 20 1679 20 457 20 457 20 1679 20 2239 20 457 20 2239 20 2683 20 2683 20 2239 20 978 20 2683 20 978 20 1174 20 1174 20 978 20 299 20 1174 20 299 20 1907 20 1907 20 299 20 291 20 1907 20 291 20 1918 20 1918 20 291 20 2557 20 1918 20 2557 20 2424 20 2424 20 2557 20 851 20 2424 20 851 20 1347 20 232 20 1288 20 2473 20 2473 20 1288 20 596 20 2473 20 596 20 404 20 404 20 596 20 2099 20 404 20 2099 20 1657 20 1657 20 2099 20 2609 20 1657 20 2609 20 1052 20 1052 20 2609 20 2052 20 1052 20 2052 20 1613 20 1613 20 2052 20 528 20 1613 20 528 20 320 20 320 20 528 20 1192 20 320 20 1192 20 2405 20 2405 20 1192 20 1199 20 2405 20 1199 20 2391 20 2391 20 1199 20 1746 20 2391 20 1746 20 1880 20 1880 20 1746 20 645 20 1880 20 645 20 205 20 1024 20 461 20 2243 20 2243 20 461 20 1725 20 2243 20 1725 20 2391 20 2391 20 1725 20 2405 20 2473 20 1799 20 7 20 7 20 1799 20 511 20 7 20 511 20 2287 20 2287 20 511 20 1024 20 2287 20 1024 20 1923 20 1923 20 1024 20 2243 20 117 20 1053 20 535 20 535 20 1053 20 2307 20 535 20 2307 20 7 20 7 20 2307 20 232 20 7 20 232 20 2473 20 2510 20 152 20 1094 20 2510 20 1094 20 1659 20 2510 20 1659 20 1053 20 2510 20 1053 20 117 20 152 20 291 20 299 20 152 20 299 20 2384 20 152 20 2384 20 1094 20 1922 20 419 20 1379 20 1922 20 1379 20 1199 20 1922 20 1199 20 1192 20 2640 20 456 20 1414 20 2640 20 1414 20 1805 20 2640 20 1805 20 1379 20 2640 20 1379 20 419 20 456 20 1980 20 969 20 456 20 969 20 1414 20 2380 20 2008 20 995 20 995 20 2008 20 1543 20 995 20 1543 20 2514 20 2514 20 1543 20 969 20 2514 20 969 20 1833 20 995 20 484 20 2380 20 2380 20 484 20 1041 20 2380 20 1041 20 2044 20 2044 20 1041 20 2573 20 2044 20 2573 20 1907 20 1513 540 1390 540 798 540 1648 7 2174 7 1733 7 1733 7 2174 7 2375 7 1733 7 2375 7 2653 7 2653 7 2375 7 1681 7 2653 7 1681 7 1892 7 1648 7 1733 7 280 7 280 7 1733 7 836 7 280 7 836 7 912 7 912 7 836 7 1341 7 912 7 1341 7 2670 7 2670 7 1341 7 2184 7 1733 7 2653 7 1390 7 1221 7 1681 7 2375 7 96 357 2070 541 280 147 96 357 280 147 912 451 2070 541 96 357 360 299 2070 541 360 299 1538 417 2418 348 1425 407 1538 417 2418 348 1538 417 360 299 1425 494 2418 138 2270 261 1425 494 2270 261 2660 13 2457 386 1434 386 1793 386 1793 386 1434 386 2455 386 1793 386 2455 386 2144 386 2144 386 2455 386 1147 386 2144 386 1147 386 2529 386 2529 386 1147 386 1733 386 2529 386 1733 386 214 386 214 386 1733 386 54 386 214 386 54 386 1493 386 1186 386 885 386 208 386 208 386 885 386 199 386 208 386 199 386 233 386 233 386 199 386 706 386 233 386 706 386 2588 386 2588 386 706 386 2227 386 2588 386 2227 386 2224 386 2224 386 2227 386 949 386 2224 386 949 386 1845 386 1845 386 949 386 1386 386 208 386 214 386 1493 386 208 386 1493 386 1186 386 2148 386 2079 386 1360 386 2148 386 1360 386 1398 386 2148 386 1398 386 2199 386 2148 386 2199 386 2461 386 2457 386 1793 386 1360 386 2457 386 1360 386 2079 386 1386 386 949 386 2199 386 1386 386 2199 386 1398 386 54 386 1733 386 1812 386 1733 386 1147 386 836 386 2455 26 1434 524 1921 524 2455 26 1921 524 183 26 2457 209 2079 486 2533 486 2457 209 2533 486 188 209 2079 486 2148 209 2606 209 2079 486 2606 209 2533 486 836 472 1147 266 1636 266 836 472 1636 266 1341 472 1147 266 2455 26 183 26 1147 266 183 26 1636 266 1434 524 2457 209 188 209 1434 524 188 209 1921 524 2148 209 2461 524 194 524 2148 209 194 524 2606 209 2461 524 2199 26 2650 26 2461 524 2650 26 194 524 1433 266 2650 26 2199 26 1433 266 2199 26 949 266 949 266 2227 2 2692 2 949 266 2692 2 1433 266 2227 2 706 62 1150 62 2224 1 2483 267 134 1 706 62 199 279 704 279 706 62 704 279 788 279 433 432 240 508 1500 432 2113 524 211 524 2716 26 2113 524 2716 26 1884 26 2402 267 1042 267 410 27 2402 267 410 27 1769 27 2559 266 1744 266 1884 26 2559 266 1884 26 2716 26 2266 2 1397 2 1744 266 2266 2 1744 266 2559 266 1397 2 2266 2 1984 276 1397 2 1984 276 1124 276 1124 276 1984 276 1917 29 1124 276 1917 29 1037 29 268 328 789 328 2718 173 268 328 2718 173 2598 173 268 328 2598 173 2251 173 268 328 2251 173 2193 173 2598 173 2267 173 1920 173 2598 173 1920 173 2251 173 161 469 1214 469 764 469 161 469 764 469 789 328 161 469 789 328 268 328 764 469 1214 469 1927 469 1189 396 2660 13 295 99 1189 396 295 99 1171 375 1189 396 1171 375 1168 449 2660 13 2270 261 1920 446 2660 13 1920 446 2127 446 2660 13 2127 446 306 446 2660 13 306 446 295 99 1920 446 2270 261 2251 409 96 357 912 451 2670 159 96 357 2670 159 192 259 360 299 96 357 192 259 360 299 192 259 2027 198 863 61 2418 348 360 299 863 61 360 299 2027 198 2193 188 2270 261 2418 138 2193 188 2418 138 863 52 2193 188 863 52 161 52 2193 188 161 52 268 70 2193 188 2251 409 2270 261 192 259 2670 159 2184 480 192 259 2184 480 1914 233 2027 198 192 259 1914 233 2027 198 1914 233 617 14 863 61 2027 198 617 14 863 61 617 14 2132 0 1214 43 161 52 863 52 1214 43 863 52 2132 43 1987 471 266 1 2067 1 1987 471 2067 1 1042 267 1987 471 1042 267 2402 267 655 1 1145 275 1505 275 1323 478 1688 478 1665 275 1323 478 1665 275 303 275 1323 478 303 275 2067 1 2548 267 286 1 655 1 303 275 1665 275 2356 28 303 275 2356 28 1000 28 1814 523 895 523 1037 29 1814 523 1037 29 1917 29 2474 473 681 473 295 109 2474 473 295 109 306 473 2474 473 306 473 2127 473 295 109 681 473 671 109 2474 468 2127 468 1920 468 2474 468 1920 468 2267 468 1836 29 1430 523 141 523 1274 275 1285 1 712 1 211 524 2113 524 1969 28 211 524 1969 28 85 28 141 523 1430 523 1769 27 2290 1 2274 275 111 275 1000 28 2356 28 2714 524 2674 28 690 275 126 275 2433 26 1080 26 1378 524 2487 27 2328 523 1763 523 895 523 1814 523 2005 27 151 1 167 267 2321 267 148 8 2349 8 2429 8 2429 8 2349 8 977 8 2429 8 977 8 1591 8 1591 8 977 8 1673 8 1591 8 1673 8 2058 8 2058 8 1673 8 637 8 2058 8 637 8 165 8 296 8 148 8 2429 8 296 8 2429 8 2125 8 296 8 2125 8 2393 8 296 8 2393 8 1947 8 2125 8 1954 8 1156 8 2125 8 1156 8 2393 8 788 386 1726 386 1150 386 1150 386 1726 386 452 386 1150 386 452 386 2692 386 2692 386 452 386 1977 386 2692 386 1977 386 1433 386 1433 386 1977 386 470 386 1433 386 470 386 2650 386 2650 386 470 386 762 386 2650 386 762 386 194 386 194 386 762 386 2466 386 194 386 2466 386 2113 386 2113 386 2466 386 2242 386 2113 386 2242 386 1969 386 1969 386 2242 386 2101 386 1969 386 2101 386 1905 386 1905 386 2101 386 1813 386 1905 386 1813 386 1624 386 1624 386 1813 386 1502 386 1624 386 1502 386 1306 386 1306 386 1502 386 1409 386 1306 386 1409 386 1143 386 1143 386 1409 386 1297 386 1143 386 1297 386 895 386 895 386 1297 386 165 386 895 386 165 386 2184 386 2184 386 165 386 2602 386 2184 386 2602 386 1914 386 1914 386 2602 386 1314 386 1914 386 1314 386 617 386 617 386 1314 386 91 386 617 386 91 386 2132 386 2132 386 91 386 1927 386 2132 386 1927 386 1214 386 2184 386 1341 386 2606 386 2184 386 2606 386 194 386 2184 386 194 386 1744 386 2184 386 1744 386 1397 386 2184 386 1397 386 1124 386 2184 386 1124 386 1037 386 2184 386 1037 386 895 386 1884 386 1744 386 194 386 1884 386 194 386 2113 386 1921 386 188 386 183 386 183 386 188 386 2533 386 183 386 2533 386 1636 386 1636 386 2533 386 2606 386 1636 386 2606 386 1341 386 165 386 1297 386 1528 386 165 386 1528 386 1696 386 165 386 1696 386 1981 386 165 386 1981 386 2265 386 165 386 2265 386 762 386 165 386 762 386 529 386 165 386 529 386 2058 386 762 386 2265 386 2346 386 762 386 2346 386 2466 386 2342 386 2058 386 529 386 2342 386 529 386 467 386 2342 386 467 386 828 386 2342 386 828 386 830 386 830 386 828 386 2607 386 1726 386 788 386 1373 386 340 136 2143 493 443 12 340 136 443 12 67 260 2143 406 340 340 1067 294 2143 406 1067 294 2245 412 760 345 40 537 2245 412 760 345 2245 412 1067 294 40 537 760 345 1673 443 40 537 1673 443 977 139 31 386 1517 386 1983 386 31 386 1983 386 2036 386 31 386 2036 386 75 386 31 386 75 386 302 386 372 386 23 386 17 386 17 386 23 386 2397 386 17 386 2397 386 1517 386 1517 386 2397 386 1983 386 1490 386 772 386 731 386 731 386 772 386 781 386 731 386 781 386 1228 386 1228 386 781 386 372 386 1228 386 372 386 17 386 2024 386 2453 386 388 386 2024 386 388 386 26 386 2024 386 26 386 75 386 2024 386 75 386 2036 386 2076 386 602 386 816 386 816 386 602 386 2429 386 816 386 2429 386 450 386 450 386 2429 386 1877 386 450 386 1877 386 98 386 98 386 1877 386 393 386 98 386 393 386 2453 386 2453 386 393 386 2151 386 2453 386 2151 386 388 386 772 386 1490 386 1806 386 772 386 1806 386 2076 386 772 386 2076 386 816 386 2429 386 602 386 2353 386 1877 386 2429 386 1591 386 2151 524 393 28 830 28 2151 524 830 28 2607 524 75 203 26 481 467 481 75 203 467 481 529 203 26 481 388 203 828 203 26 481 828 203 467 481 1877 275 1591 478 2058 478 1877 275 2058 478 2342 275 388 203 2151 524 2607 524 388 203 2607 524 828 203 393 28 1877 275 2342 275 393 28 2342 275 830 28 452 1 1726 59 1228 59 452 1 1228 59 17 1 17 1 1517 275 1977 275 17 1 1977 275 452 1 470 28 1977 275 1517 275 470 28 1517 275 31 28 31 28 302 524 762 524 31 28 762 524 470 28 302 524 75 203 529 203 2344 264 684 266 1252 264 731 268 1228 59 1726 59 731 268 1726 59 1373 268 1030 432 823 508 2128 432 757 2 2517 276 1172 276 757 2 1172 276 2216 2 1624 1 2467 1 5 275 1624 1 5 275 1905 275 155 276 1570 276 2572 2 1580 267 1988 27 1325 267 1981 1 100 1 345 275 1981 1 345 275 2265 275 1570 276 155 276 2185 29 55 28 921 275 711 275 2346 28 2265 275 345 275 2346 28 345 275 437 28 2185 29 1835 523 489 523 1863 424 4 524 319 524 560 524 2466 524 2346 28 560 524 2346 28 437 28 1835 523 2119 27 759 27 2719 28 855 275 649 275 2466 524 560 524 321 26 2466 524 321 26 2242 26 21 267 1418 267 759 27 923 1 1508 267 1254 267 204 266 2101 266 2242 26 204 266 2242 26 321 26 1418 267 21 267 971 1 1418 267 971 1 2437 1 2630 2 1813 2 2101 266 2630 2 2101 266 204 266 2517 276 1836 29 493 29 413 275 2420 28 236 28 85 28 1969 28 1905 275 85 28 1905 275 5 275 2160 267 1306 267 1143 27 2160 267 1143 27 2005 27 1306 267 2160 267 2467 1 1306 267 2467 1 1624 1 2366 276 1502 276 1813 2 2366 276 1813 2 2630 2 1502 276 2366 276 2285 29 1502 276 2285 29 1409 29 2390 27 2531 267 1696 267 2390 27 1696 267 1528 27 1696 267 2531 267 100 1 1696 267 100 1 1981 1 1770 395 1540 448 1552 372 1770 395 1552 372 671 98 1770 395 671 98 443 12 2267 445 2598 408 67 260 2267 445 67 260 671 98 2267 445 671 98 681 445 2267 445 681 445 2474 445 671 98 67 260 443 12 2598 408 2718 186 67 260 1620 51 340 136 67 260 1620 51 67 260 2718 186 1620 51 2718 186 789 68 1620 51 789 68 764 51 2723 194 1067 294 340 340 2723 194 340 340 1620 58 838 254 760 345 1067 294 838 254 1067 294 2723 194 637 150 1673 443 760 345 637 150 760 345 838 254 1927 42 91 42 1620 51 1927 42 1620 51 764 51 1314 9 2723 194 1620 58 1314 9 1620 58 91 545 2602 222 838 254 2723 194 2602 222 2723 194 1314 9 165 477 637 150 838 254 165 477 838 254 2602 222 133 386 1516 386 435 386 133 386 435 386 1305 386 133 386 1305 386 216 386 133 386 216 386 817 386 1384 386 2260 386 2247 386 2247 386 2260 386 362 386 2247 386 362 386 1516 386 1516 386 362 386 435 386 517 386 516 386 1684 386 1684 386 516 386 2422 386 1684 386 2422 386 2435 386 2435 386 2422 386 1539 386 2435 386 1539 386 392 386 392 386 1539 386 1470 386 392 386 1470 386 1824 386 1824 386 1470 386 611 386 1824 386 611 386 1737 386 1737 386 611 386 1382 386 1737 386 1382 386 239 386 239 386 1382 386 1384 386 239 386 1384 386 2247 386 517 386 1684 386 216 386 517 386 216 386 1305 386 1824 386 1737 386 1046 386 2500 386 1136 386 84 386 2500 386 84 386 905 386 2500 386 905 386 2584 386 2500 386 2584 386 476 386 1014 386 1901 386 1890 386 1890 386 1901 386 28 386 1890 386 28 386 1136 386 1136 386 28 386 84 386 174 386 173 386 1295 386 1295 386 173 386 2048 386 1295 386 2048 386 2065 386 2065 386 2048 386 1151 386 2065 386 1151 386 53 386 53 386 1151 386 1095 386 53 386 1095 386 1420 386 1420 386 1095 386 234 386 1420 386 234 386 1344 386 1344 386 234 386 1010 386 1344 386 1010 386 2622 386 2622 386 1010 386 1014 386 2622 386 1014 386 1890 386 174 386 1295 386 2584 386 174 386 2584 386 905 386 1420 386 1344 386 697 386 53 275 2549 275 1840 1 1327 275 565 28 1138 28 5 361 2467 304 1840 304 5 361 1840 304 2549 361 190 275 2194 1 2435 1 691 386 1298 386 967 386 2194 304 190 361 345 361 2194 304 345 361 100 304 392 275 1824 28 1579 28 392 275 1579 28 190 275 1570 391 820 69 1470 69 1570 391 1470 69 1539 391 437 416 345 361 190 361 437 416 190 361 1579 416 1046 524 795 524 1579 28 1046 524 1579 28 1824 28 611 483 1470 69 820 69 611 483 820 69 489 483 560 434 437 416 1579 416 560 434 1579 416 795 434 1046 524 1737 26 1471 26 1046 524 1471 26 795 524 611 483 489 483 759 65 2719 386 2710 386 313 386 560 434 795 434 1471 411 560 434 1471 411 321 411 239 266 32 266 1471 26 239 266 1471 26 1737 26 759 65 1418 390 1384 390 1569 523 2170 29 1930 29 321 411 1471 411 32 358 321 411 32 358 204 358 239 266 2247 2 2012 2 1472 263 707 2 1036 2 2630 310 204 358 32 358 2630 310 32 358 2012 310 2549 275 53 275 1420 28 2549 275 1420 28 1182 28 1095 69 1151 391 1172 391 834 386 1435 386 1629 386 85 416 5 361 2549 361 85 416 2549 361 1182 416 697 524 454 524 1182 28 697 524 1182 28 1420 28 234 483 1095 69 493 69 290 386 712 386 163 386 211 434 85 416 1182 416 211 434 1182 416 454 434 697 524 1344 26 1097 26 697 524 1097 26 454 524 234 483 141 483 410 65 234 483 410 65 1010 65 2716 411 211 434 454 434 2716 411 454 434 1097 411 2622 266 2410 266 1097 26 2622 266 1097 26 1344 26 410 65 1042 390 1014 390 668 386 1829 386 1224 386 2716 411 1097 411 2410 358 2716 411 2410 358 2559 358 2410 266 2622 266 1890 2 2410 266 1890 2 1662 2 2266 310 2559 358 2410 358 2266 310 2410 358 1662 310 1080 26 2433 26 1803 266 1429 28 2208 275 1631 275 1803 266 757 2 2216 2 1803 266 2216 2 448 266 1138 386 1903 386 757 386 757 386 1903 386 1837 386 757 386 1837 386 1442 386 1442 386 1837 386 2404 386 1442 386 2404 386 2203 386 2203 386 2404 386 2215 386 2203 386 2215 386 2018 386 2018 386 2215 386 213 386 2018 386 213 386 2583 386 2583 386 213 386 2402 386 2583 386 2402 386 401 386 401 386 2402 386 175 386 401 386 175 386 854 386 1222 386 1396 386 2347 386 2347 386 1396 386 673 386 2347 386 673 386 2363 386 2363 386 673 386 1903 386 2363 386 1903 386 2611 386 2611 386 1903 386 1861 386 2611 386 1861 386 1505 386 1505 386 1861 386 1076 386 1505 386 1076 386 1262 386 2347 386 2402 386 2204 386 2347 386 2204 386 2389 386 2347 386 2389 386 1827 386 2347 386 1827 386 1222 386 2402 386 1769 386 2434 386 2402 386 2434 386 1692 386 2402 386 1692 386 1867 386 2402 386 1867 386 1272 386 2402 386 1272 386 710 386 2402 386 710 386 847 386 2402 386 847 386 175 386 854 386 723 386 947 386 854 386 947 386 231 386 854 386 231 386 401 386 1225 386 2433 386 485 386 485 386 2433 386 690 386 485 386 690 386 1216 386 1216 386 690 386 509 386 1216 386 509 386 1242 386 1216 386 1242 386 1035 386 1035 386 1242 386 1665 386 1035 386 1665 386 1628 386 1628 386 1665 386 1121 386 1628 386 1121 386 2192 386 2192 386 1121 386 1894 386 2192 386 1894 386 2019 386 2019 386 1894 386 1734 386 2019 386 1734 386 39 386 39 386 1734 386 2290 386 39 386 2290 386 111 386 2356 386 1665 386 502 386 2356 386 502 386 676 386 2356 386 676 386 122 386 2356 386 122 386 2299 386 2356 386 2299 386 2469 386 2356 386 2469 386 1754 386 2356 386 1754 386 2433 386 2356 386 2433 386 2714 386 1665 386 1688 386 2657 386 1665 386 2657 386 102 386 1665 386 102 386 2272 386 1665 386 2272 386 1720 386 1665 386 1720 386 1891 386 1665 386 1891 386 1121 386 111 386 2663 386 39 386 39 386 2663 386 662 386 39 386 662 386 1688 386 1688 386 662 386 2657 386 2433 386 1754 386 2475 386 2433 386 2475 386 2309 386 2433 386 2309 386 139 386 2433 386 139 386 690 386 1048 386 1649 386 1803 386 1048 386 1803 386 2433 386 1048 386 2433 386 1225 386 1803 386 1649 386 2208 386 1803 386 2208 386 2030 386 1803 386 2030 386 2328 386 1803 386 2328 386 2376 386 1803 386 2376 386 346 386 1803 386 346 386 207 386 1803 386 207 386 744 386 1803 386 744 386 757 386 39 386 1688 386 1706 386 39 386 1706 386 1421 386 39 386 1421 386 2328 386 39 386 2328 386 2030 386 1327 386 1138 386 757 386 1327 386 757 386 744 386 1903 386 673 386 1405 386 1903 386 1405 386 1240 386 1903 386 1240 386 1837 386 757 386 1442 386 2207 386 757 386 2207 386 2035 386 757 386 2035 386 2596 386 757 386 2596 386 2517 386 2517 386 2596 386 413 386 2517 386 413 386 236 386 2517 386 236 386 947 386 2517 386 947 386 1285 386 2517 386 1285 386 1873 386 2517 386 1873 386 1699 386 2517 386 1699 386 2434 386 2517 386 2434 386 1769 386 2517 386 1769 386 1836 386 1861 386 1129 386 1086 386 1086 386 1129 386 1310 386 1086 386 1310 386 1279 386 1279 386 1310 386 733 386 1279 386 733 386 716 386 716 386 733 386 198 386 716 386 198 386 167 386 167 386 198 386 338 386 167 386 338 386 294 386 294 386 338 386 2376 386 294 386 2376 386 2328 386 1262 386 702 386 655 386 655 386 702 386 150 386 655 386 150 386 2548 386 2548 386 150 386 287 386 2548 386 287 386 1421 386 1421 386 287 386 2328 386 1505 386 1262 386 655 386 1129 386 1861 386 1903 386 1836 386 1769 386 1430 386 1285 386 947 386 723 386 1665 386 1242 386 502 386 200 1 207 267 2371 267 2015 275 695 275 2437 1 2425 26 267 524 56 524 2712 28 1377 28 695 275 2436 28 604 275 337 275 1377 28 2712 28 317 524 928 7 2372 7 2010 7 2155 523 1297 523 1409 29 2155 523 1409 29 2285 29 1792 524 317 524 64 26 1243 276 701 2 979 276 1297 523 2155 523 2390 27 1297 523 2390 27 1528 27 2147 266 787 266 1462 26 2147 266 1462 26 64 26 1268 386 2147 386 1949 386 1949 386 2147 386 64 386 1949 386 64 386 1581 386 1581 386 64 386 473 386 1581 386 473 386 1937 386 1937 386 473 386 2369 386 1937 386 2369 386 1107 386 643 386 908 386 1320 386 1320 386 908 386 1243 386 1320 386 1243 386 1107 386 1107 386 1243 386 1937 386 934 386 659 386 2147 386 2147 386 659 386 0 386 2147 386 0 386 1230 386 1230 386 0 386 323 386 1230 386 323 386 2378 386 2378 386 323 386 2717 386 2378 386 2717 386 1320 386 1320 386 2717 386 643 386 2712 386 2015 386 1883 386 2712 386 1883 386 1509 386 2712 386 1509 386 463 386 2712 386 463 386 936 386 2712 386 936 386 1353 386 2712 386 1353 386 64 386 2712 386 64 386 317 386 2015 386 971 386 630 386 2015 386 630 386 1180 386 2015 386 1180 386 2651 386 2015 386 2651 386 574 386 2015 386 574 386 844 386 2015 386 844 386 1173 386 2015 386 1173 386 1883 386 866 386 604 386 1308 386 1308 386 604 386 2665 386 1308 386 2665 386 2372 386 2372 386 2665 386 267 386 2372 386 267 386 1180 386 1180 386 267 386 2651 386 971 386 21 386 835 386 971 386 835 386 1166 386 971 386 1166 386 1482 386 971 386 1482 386 2170 386 971 386 2170 386 1831 386 971 386 1831 386 868 386 971 386 868 386 1472 386 971 386 1472 386 1036 386 971 386 1036 386 630 386 921 386 264 386 155 386 155 386 264 386 641 386 155 386 641 386 2119 386 2119 386 641 386 573 386 2119 386 573 386 21 386 21 386 573 386 215 386 21 386 215 386 835 386 943 386 473 386 64 386 943 386 64 386 1353 386 1230 386 669 386 2147 386 2147 386 669 386 1077 386 2147 386 1077 386 1140 386 1140 386 1077 386 1523 386 1140 386 1523 386 914 386 1140 386 914 386 1878 386 1140 386 1878 386 2241 386 1140 386 2241 386 1580 386 1140 386 1580 386 1255 386 1140 386 1255 386 921 386 1140 386 921 386 155 386 2119 386 1835 386 2185 386 2119 386 2185 386 155 386 1895 386 1195 386 1091 386 1895 386 1091 386 2351 386 1895 386 2351 386 463 386 1895 386 463 386 1509 386 1195 386 866 386 1308 386 1195 386 1308 386 1091 386 2233 386 1878 386 914 386 2233 386 914 386 2112 386 2233 386 2112 386 1863 386 2233 386 1863 386 319 386 2233 386 319 386 1508 386 2233 386 1508 386 1554 386 573 386 256 386 222 386 222 386 256 386 899 386 222 386 899 386 855 386 855 386 899 386 1232 386 855 386 1232 386 1184 386 1184 386 1232 386 1554 386 1184 386 1554 386 1508 386 2182 386 1508 386 319 386 2182 386 319 386 1857 386 2182 386 1857 386 2102 386 2182 386 2102 386 868 386 2182 386 868 386 1831 386 256 386 573 386 641 386 2490 28 659 275 407 275 787 266 2147 266 1140 2 669 262 737 1 1077 1 1172 391 1151 391 2048 242 2321 386 703 386 151 386 1570 391 1539 391 2422 242 625 386 634 386 976 386 2260 228 1384 390 1418 390 2260 228 1418 390 2437 228 1901 228 1014 390 1042 390 266 386 1340 386 1323 386 1890 2 1136 276 874 276 1890 2 874 276 1662 2 2067 228 303 466 28 466 1103 386 553 386 1286 386 2266 310 1662 310 874 403 2266 310 874 403 1984 403 2269 29 874 276 1136 276 2269 29 1136 276 2500 29 874 403 2269 433 1917 433 126 386 670 386 2674 386 1055 267 2365 27 2584 27 1631 386 2186 386 1429 386 2365 428 1055 401 2160 401 2365 428 2160 401 2005 428 1295 267 2065 1 1840 1 1295 267 1840 1 1055 267 448 464 2216 242 2048 242 448 464 2048 242 173 464 1055 401 1840 304 2467 304 1055 401 2467 304 2160 401 1516 276 1280 276 2012 2 1516 276 2012 2 2247 2 2437 228 695 466 362 466 2425 386 642 386 314 386 2630 310 2012 310 1280 403 2630 310 1280 403 2366 403 1280 276 1516 276 133 29 1280 276 133 29 2633 29 2285 433 2366 403 1280 403 110 386 375 386 2477 386 1428 267 2720 27 216 27 1428 267 216 27 1684 267 2531 401 2390 428 2720 428 2531 401 2720 428 1428 401 1684 267 2435 1 2194 1 1684 267 2194 1 1428 267 787 464 2572 242 2422 242 787 464 2422 242 516 464 1428 401 2194 304 100 304 1428 401 100 304 2531 401 303 466 1000 165 84 165 303 466 84 165 28 466 476 523 246 523 2269 29 476 523 2269 29 2500 29 1378 538 905 538 84 165 1378 538 84 165 1000 165 246 462 1814 462 1917 433 246 462 1917 433 2269 433 476 523 2584 27 2365 27 476 523 2365 27 246 523 1080 160 174 160 905 538 1080 160 905 538 1378 538 2365 428 2005 428 1814 462 2365 428 1814 462 246 462 448 464 173 464 174 160 448 464 174 160 1080 160 695 466 1377 165 435 165 695 466 435 165 362 466 817 523 623 523 2633 29 817 523 2633 29 133 29 1377 165 1792 538 1305 538 1377 165 1305 538 435 165 623 462 2155 462 2285 433 623 462 2285 433 2633 433 817 523 216 27 2720 27 817 523 2720 27 623 523 1462 160 517 160 1305 538 1462 160 1305 538 1792 538 2720 428 2390 428 2155 462 2720 428 2155 462 623 462 787 464 516 464 517 160 787 464 517 160 1462 160 1664 531 2059 107 1469 107 1469 107 2059 107 1259 107 1469 107 1259 107 704 107 704 107 1259 107 1373 107 704 107 1373 107 788 107 2059 107 1664 531 2222 531 169 438 2450 438 2222 531 169 438 2222 531 1664 531 169 438 1664 531 1885 438 169 438 1885 438 2333 438 169 438 2333 438 2431 457 169 438 2431 457 235 457 1764 475 235 457 2431 457 1764 475 2431 457 1152 475 1764 475 1152 475 316 475 1764 475 316 475 859 475 859 20 316 20 2353 20 2353 20 316 20 1812 20 2353 20 1812 20 1390 20 1390 20 1812 20 1733 20 2125 20 2429 20 2353 20 2125 20 2353 20 1390 20 199 279 885 62 1469 62 199 279 1469 62 704 279 54 26 1812 519 316 519 54 26 316 519 1152 26 885 62 1186 2 1885 2 885 62 1885 2 1664 479 885 62 1664 479 1469 62 1186 2 1493 266 2333 266 1186 2 2333 266 1885 2 1493 266 54 26 1152 26 1493 266 1152 26 2431 79 1493 266 2431 79 2333 266 1490 59 731 268 1259 268 1490 59 1259 268 2059 59 2353 525 602 28 1764 28 2353 525 1764 28 859 525 602 28 2076 275 169 275 602 28 169 275 235 91 602 28 235 91 1764 28 2076 275 1806 1 2450 1 2076 275 2450 1 169 275 1806 1 1490 59 2059 59 1806 1 2059 59 2222 471 </p>
        </triangles>
        <triangles material="Nr10000044_0Mat2" count="154">
          <input semantic="VERTEX" source="#_8084400_EMCS-42-10000044_0-vertex-obj" offset="0"/>
          <input semantic="NORMAL" source="#_8084400_EMCS-42-10000044_0-normal" offset="1"/>
          <p>2711 19 2456 19 639 19 2711 19 639 19 1798 19 2711 8 385 8 156 8 2711 8 156 8 2456 8 158 19 562 19 775 19 158 19 775 19 381 19 794 387 381 387 775 387 794 387 775 387 1233 387 2001 19 1049 19 2680 19 2001 19 2680 19 1771 19 2448 7 2001 7 1771 7 2448 7 1771 7 2179 7 1301 19 1574 19 1127 19 1301 19 1127 19 857 19 2698 504 2011 504 2653 504 2698 504 2653 504 1954 504 1710 6 1820 89 610 89 1057 20 156 20 385 20 1057 20 385 20 2210 20 1233 20 970 20 568 20 1233 20 568 20 794 20 2179 20 350 20 1499 20 2179 20 1499 20 2448 20 1582 20 2000 20 1776 20 1582 20 1776 20 1333 20 1711 141 1775 141 2486 196 1711 141 2486 196 2444 196 156 94 1057 94 2456 94 2456 94 1057 94 840 94 2456 94 840 94 792 94 792 94 840 94 1775 141 792 94 1775 141 1711 141 2557 134 1198 94 851 94 581 319 773 356 775 356 581 319 775 356 743 356 581 319 743 356 533 319 970 356 1233 356 775 356 970 356 775 356 773 356 743 356 775 356 562 356 2715 282 38 282 581 319 2715 282 581 319 533 319 2444 250 2486 250 38 250 117 325 97 293 2510 293 1771 77 2680 77 2179 77 2179 77 2680 77 145 77 2179 77 145 77 197 77 197 77 145 77 965 131 197 77 965 131 1023 131 2179 77 197 77 350 77 159 316 105 316 359 350 359 350 105 316 310 350 359 350 310 350 381 350 381 350 310 350 158 350 794 350 568 350 359 350 297 387 535 387 7 387 1779 193 1819 193 1023 131 1779 193 1023 131 965 131 2261 241 2314 241 1819 241 2261 241 1819 241 1779 241 105 316 159 316 2314 272 1923 253 2561 239 2244 253 385 76 2711 76 1798 76 385 76 1798 76 1963 76 385 76 1963 76 2013 76 385 76 2013 76 2210 76 2013 76 1963 76 1079 130 2013 76 1079 130 1134 130 2001 93 2448 93 1499 93 2001 93 1499 93 1302 93 2001 93 1302 93 1250 93 2001 93 1250 93 1049 93 1250 93 1302 93 442 140 840 8 851 8 1198 8 2130 281 2172 281 1615 318 2130 281 1615 318 1563 318 2419 249 2458 249 2172 249 2419 249 2172 249 2130 249 382 140 442 140 2458 195 1786 324 969 355 1319 355 329 192 376 192 1134 130 329 192 1134 130 1079 130 1615 318 1367 355 857 355 1615 318 857 355 1335 355 1615 318 1335 355 1563 318 1582 355 1333 355 857 355 1582 355 857 355 1367 355 2070 541 1648 21 280 147 114 16 1407 16 1390 16 1390 16 1407 16 1605 16 1390 16 1605 16 798 16 798 16 1605 16 1209 16 798 16 1209 16 2011 16 2011 16 1209 16 893 16 2011 16 893 16 2582 16 2582 16 893 16 2041 16 2582 16 2041 16 1011 16 1011 16 2041 16 475 16 1011 16 475 16 1354 16 1354 16 475 16 1919 16 1354 16 1919 16 974 16 974 16 1919 16 882 16 974 16 882 16 37 16 37 16 882 16 567 16 37 16 567 16 1427 16 1427 16 567 16 850 16 1427 16 850 16 2638 16 2638 16 850 16 2106 16 2638 16 2106 16 960 16 960 16 2106 16 1390 16 960 16 1390 16 1660 16 1660 16 1390 16 541 16 1660 16 541 16 2190 16 1660 16 2190 16 440 16 440 16 2190 16 963 16 440 16 963 16 140 16 140 16 963 16 2329 16 140 16 2329 16 464 16 464 16 2329 16 554 16 464 16 554 16 1448 16 1448 16 554 16 862 16 1448 16 862 16 58 16 58 16 862 16 585 16 58 16 585 16 1594 16 1594 16 585 16 2140 16 1594 16 2140 16 477 16 477 16 2140 16 2011 16 477 16 2011 16 2582 16 2653 16 2011 16 813 16 2653 16 813 16 1362 16 2653 16 1362 16 72 16 2653 16 72 16 2632 16 2653 16 2632 16 245 16 2653 16 245 16 1390 16 2011 16 2140 16 1866 16 2011 16 1866 16 2541 16 2011 16 2541 16 813 16 1390 16 2106 16 2395 16 1390 16 2395 16 1702 16 1390 16 1702 16 629 16 1390 16 629 16 114 16 2660 13 1317 309 1425 494 2579 240 2629 240 376 240 2579 240 376 240 329 240 1999 315 2061 315 2629 271 1999 315 2629 271 2579 271 2061 315 1999 315 1832 349 1832 349 1999 315 1790 349 1832 349 1790 349 1301 349 1301 349 1790 349 1574 349 1776 349 2000 349 1832 349 2349 15 1110 499 2064 509 2125 22 1513 22 2698 22 2578 393 1980 503 609 503 1513 540 2125 540 1390 540 </p>
        </triangles>
        <triangles material="Nr10000044_0Mat3" count="250">
          <input semantic="VERTEX" source="#_8084400_EMCS-42-10000044_0-vertex-obj" offset="0"/>
          <input semantic="NORMAL" source="#_8084400_EMCS-42-10000044_0-normal" offset="1"/>
          <p>2541 532 1866 108 1854 108 2541 532 1854 108 2534 532 813 458 2541 532 2534 532 813 458 2534 532 805 458 72 182 1362 523 1359 523 72 182 1359 523 70 182 70 182 2626 543 2632 543 70 182 2632 543 72 182 1362 523 813 458 805 458 1362 523 805 458 1359 523 245 201 2632 543 2626 543 245 201 2626 543 242 201 1335 355 857 355 1127 355 2098 7 846 7 2392 7 2392 7 846 7 563 7 2392 7 563 7 1697 7 1697 7 563 7 875 7 1697 7 875 7 622 7 622 7 875 7 2620 7 622 7 2620 7 1385 7 875 7 1915 7 2426 7 875 7 2426 7 498 7 875 7 498 7 2571 7 875 7 2571 7 1388 7 875 7 1388 7 2564 7 875 7 2564 7 76 7 875 7 76 7 1452 7 875 7 1452 7 1565 7 875 7 1565 7 2409 7 875 7 2409 7 1206 7 875 7 1206 7 2403 7 875 7 2403 7 2620 7 1603 7 416 7 1058 7 1058 7 416 7 206 7 1058 7 206 7 1383 7 1383 7 206 7 2601 7 1514 7 1267 7 1400 7 1400 7 1267 7 2498 7 1400 7 2498 7 1915 7 1915 7 2498 7 2166 7 1915 7 2166 7 1058 7 1058 7 2166 7 742 7 1058 7 742 7 1603 7 1592 7 1400 7 1915 7 1592 7 1915 7 466 7 1592 7 466 7 2031 7 1592 7 2031 7 884 7 1592 7 884 7 1193 7 622 7 1385 7 1760 7 622 7 1760 7 486 7 622 7 486 7 1321 7 622 7 1321 7 1215 7 622 7 1215 7 379 7 622 7 379 7 109 7 109 7 379 7 1572 7 109 7 1572 7 1822 7 109 7 1822 7 186 7 109 7 186 7 1514 7 109 7 1514 7 1400 7 1452 7 76 7 1251 7 1915 7 1058 7 2426 7 86 7 326 7 1796 7 86 7 1796 7 1061 7 86 7 1061 7 1108 7 86 7 1108 7 1453 7 86 7 1453 7 2361 7 86 7 2361 7 1177 7 86 7 1177 7 1494 7 1475 7 478 7 1439 7 1475 7 1439 7 966 7 1475 7 966 7 30 7 1475 7 30 7 1154 7 1475 7 1154 7 627 7 2701 7 621 7 2438 7 2438 7 621 7 2364 7 2438 7 2364 7 1439 7 1439 7 2364 7 2684 7 1439 7 2684 7 1848 7 1848 7 2684 7 1226 7 1848 7 1226 7 1281 7 1281 7 1226 7 2271 7 1281 7 2271 7 1190 7 1190 7 2271 7 2613 7 889 7 818 7 2089 7 889 7 2089 7 1750 7 889 7 1750 7 1226 7 889 7 1226 7 365 7 478 7 2394 7 675 7 675 7 2394 7 1849 7 675 7 1849 7 1971 7 1971 7 1849 7 1238 7 1971 7 1238 7 30 7 30 7 1238 7 582 7 30 7 582 7 1154 7 946 7 1971 7 30 7 946 7 30 7 865 7 946 7 865 7 2471 7 946 7 2471 7 594 7 946 7 594 7 2383 7 946 7 2383 7 2438 7 748 7 30 7 460 7 460 7 30 7 1422 7 460 7 1422 7 135 7 135 7 1422 7 2634 7 135 7 2634 7 436 7 436 7 2634 7 954 7 436 7 954 7 1653 7 2212 7 748 7 460 7 2212 7 460 7 1439 7 2212 7 1439 7 1848 7 675 7 2438 7 1439 7 675 7 1439 7 478 7 30 7 748 7 365 7 30 7 365 7 1226 7 30 7 1226 7 865 7 465 7 1002 7 1586 7 1586 7 1002 7 1346 7 1586 7 1346 7 47 7 47 7 1346 7 966 7 47 7 966 7 1439 7 1002 7 465 7 2567 7 2271 7 1226 7 1750 7 2701 7 2438 7 2383 7 2618 7 2530 7 1512 7 2618 7 1512 7 1265 7 2618 7 1265 7 88 7 70 7 1359 7 904 7 70 7 904 7 2520 7 70 7 2520 7 2293 7 70 7 2293 7 1155 7 70 7 1155 7 2562 7 70 7 2562 7 74 7 70 7 74 7 2323 7 70 7 2323 7 2626 7 1359 7 805 7 2360 7 1359 7 2360 7 808 7 1359 7 808 7 25 7 1359 7 25 7 123 7 1359 7 123 7 904 7 1714 7 132 7 1512 7 1512 7 132 7 1724 7 1512 7 1724 7 545 7 545 7 1724 7 1450 7 545 7 1450 7 805 7 805 7 1450 7 2676 7 805 7 2676 7 2360 7 242 7 2626 7 955 7 242 7 955 7 2188 7 242 7 2188 7 538 7 2323 7 74 7 1596 7 2323 7 1596 7 1926 7 2323 7 1926 7 576 7 2323 7 576 7 2494 7 2323 7 2494 7 873 7 2323 7 873 7 1139 7 2323 7 1139 7 1474 7 2323 7 1474 7 2678 7 2323 7 2678 7 250 7 2323 7 250 7 1683 7 2323 7 1683 7 800 7 2323 7 800 7 1503 7 2323 7 1503 7 2673 7 2323 7 2673 7 545 7 2534 7 1854 7 572 7 2534 7 572 7 856 7 2534 7 856 7 545 7 2534 7 545 7 805 7 572 7 1854 7 2136 7 1512 7 545 7 2673 7 1714 7 1512 7 2530 7 945 314 2168 117 687 330 109 524 1400 181 1407 181 109 524 1407 181 114 524 1592 542 1605 542 1407 181 1592 542 1407 181 1400 181 1209 200 1605 542 1592 542 1576 517 1822 473 1572 517 2392 107 1697 531 1702 531 2392 107 1702 531 2395 107 622 457 629 457 1702 531 622 457 1702 531 1697 531 622 457 109 524 114 524 541 16 1390 16 245 16 538 386 541 386 245 386 538 386 245 386 242 386 2136 387 1854 387 1866 387 1161 398 2562 11 1155 398 2188 531 2190 531 541 107 2188 531 541 107 538 107 856 181 862 181 554 49 856 181 554 49 545 49 572 542 585 542 862 181 572 542 862 181 856 181 572 542 2136 200 2140 200 572 542 2140 200 585 542 955 457 963 457 2190 531 955 457 2190 531 2188 531 2323 475 2329 475 963 457 2323 475 963 457 955 457 2323 20 545 20 554 20 2323 20 554 20 2329 20 58 458 1594 532 1586 532 58 458 1586 532 47 458 1448 476 58 458 47 458 1448 476 47 458 1439 476 1439 19 460 19 464 19 1439 19 464 19 1448 19 2567 387 465 387 477 387 2567 387 477 387 2582 387 1594 532 477 108 465 108 2219 20 748 20 2212 20 140 182 464 50 460 50 140 182 460 50 135 182 1002 542 1011 542 1354 181 1002 542 1354 181 1346 181 2567 200 2582 200 1011 542 677 386 2438 386 675 386 440 543 140 182 135 182 440 543 135 182 436 543 30 475 37 475 1427 457 30 475 1427 457 1422 457 30 20 966 20 974 20 30 20 974 20 37 20 1346 181 1354 181 974 49 586 19 1154 19 582 19 1915 19 875 19 882 19 1915 19 882 19 1919 19 2041 532 893 108 884 108 2041 532 884 108 2031 532 475 458 2041 532 2031 532 475 458 2031 532 466 458 1919 476 475 458 466 458 1919 476 466 458 1915 476 1193 387 884 387 893 387 209 354 2601 354 206 354 567 182 882 50 875 50 1767 510 486 413 1760 510 1660 201 440 543 436 543 1660 201 436 543 1653 201 2098 386 2392 386 2395 386 2098 386 2395 386 2106 386 1653 386 954 386 960 386 1653 386 960 386 1660 386 2634 531 2638 531 960 107 2634 531 960 107 954 107 1422 457 1427 457 2638 531 1422 457 2638 531 2634 531 850 543 567 182 563 182 850 543 563 182 846 543 2106 201 850 543 846 543 </p>
        </triangles>
      </mesh>
    </geometry>
    <geometry id="_8084400_EMCS-42-10000044_0-con">
      <convex_mesh convex_hull_of="#_8084400_EMCS-42-10000044_0-obj"/>
    </geometry>
  </library_geometries>
  <library_visual_scenes>
    <visual_scene id="VisualSceneNode">
      <node id="_4809413_EGSC-BS-10000025_0" name="_4809413_EGSC-BS-10000025_0" type="NODE">
        <instance_geometry url="#_4809413_EGSC-BS-10000025_0-obj">
          <bind_material>
            <technique_common>
              <instance_material symbol="Nr10000025_0Mat0" target="#Nr10000025_0Mat0"/>
              <instance_material symbol="Nr10000025_0Mat1" target="#Nr10000025_0Mat1"/>
            </technique_common>
          </bind_material>
        </instance_geometry>
        <node id="_340115_M5-ADVU10000026_0" name="_340115_M5-ADVU10000026_0" type="NODE">
          <instance_geometry url="#_340115_M5-ADVU10000026_0-obj">
            <bind_material>
              <technique_common>
                <instance_material symbol="Nr10000026_0Mat0" target="#Nr10000026_0Mat0"/>
              </technique_common>
            </bind_material>
          </instance_geometry>
        </node>
        <node id="_8048309_EGSC-BS-10000027_0" name="_8048309_EGSC-BS-10000027_0" type="NODE">
          <translate sid="node_joint1_axis1">0 0 0</translate>
          <instance_geometry url="#_8048309_EGSC-BS-10000027_0-obj">
            <bind_material>
              <technique_common>
                <instance_material symbol="Nr10000027_0Mat0" target="#Nr10000027_0Mat0"/>
              </technique_common>
            </bind_material>
          </instance_geometry>
        </node>
        <node id="_8141995_EAMC-15-10000039_0" name="_8141995_EAMC-15-10000039_0" type="NODE">
          <instance_geometry url="#_8141995_EAMC-15-10000039_0-obj">
            <bind_material>
              <technique_common>
                <instance_material symbol="Nr10000039_0Mat0" target="#Nr10000039_0Mat0"/>
              </technique_common>
            </bind_material>
          </instance_geometry>
          <node id="_ISO_14579_M3x10_10000040_0" name="_ISO_14579_M3x10_10000040_0" type="NODE">
            <instance_geometry url="#_ISO_14579_M3x10_10000040_0-obj">
              <bind_material>
                <technique_common>
                  <instance_material symbol="Nr10000040_0Mat0" target="#Nr10000040_0Mat0"/>
                </technique_common>
              </bind_material>
            </instance_geometry>
          </node>
          <node id="_DIN-912_-_M2x8_F10000041_0" name="_DIN-912_-_M2x8_F10000041_0" type="NODE">
            <instance_geometry url="#_DIN-912_-_M2x8_F10000041_0-obj">
              <bind_material>
                <technique_common>
                  <instance_material symbol="Nr10000041_0Mat0" target="#Nr10000041_0Mat0"/>
                </technique_common>
              </bind_material>
            </instance_geometry>
          </node>
        </node>
      </node>
      <node id="_4582608_EAMM-A-V10000030_0" name="_4582608_EAMM-A-V10000030_0" type="NODE">
        <instance_geometry url="#_4582608_EAMM-A-V10000030_0-obj">
          <bind_material>
            <technique_common>
              <instance_material symbol="Nr10000030_0Mat0" target="#Nr10000030_0Mat0"/>
            </technique_common>
          </bind_material>
        </instance_geometry>
        <node id="_ISO-4762_M3x1010000031_0" name="_ISO-4762_M3x1010000031_0" type="NODE">
          <instance_geometry url="#_ISO-4762_M3x1010000031_0-obj">
            <bind_material>
              <technique_common>
                <instance_material symbol="Nr10000031_0Mat0" target="#Nr10000031_0Mat0"/>
              </technique_common>
            </bind_material>
          </instance_geometry>
        </node>
        <node id="_ISO-4762_M3x1010000031_1" name="_ISO-4762_M3x1010000031_1" type="NODE">
          <instance_geometry url="#_ISO-4762_M3x1010000031_1-obj">
            <bind_material>
              <technique_common>
                <instance_material symbol="Nr10000031_1Mat0" target="#Nr10000031_1Mat0"/>
              </technique_common>
            </bind_material>
          </instance_geometry>
        </node>
        <node id="_ISO-4762_M3x1010000031_2" name="_ISO-4762_M3x1010000031_2" type="NODE">
          <instance_geometry url="#_ISO-4762_M3x1010000031_2-obj">
            <bind_material>
              <technique_common>
                <instance_material symbol="Nr10000031_2Mat0" target="#Nr10000031_2Mat0"/>
              </technique_common>
            </bind_material>
          </instance_geometry>
        </node>
        <node id="_ISO-4762_M3x1010000031_3" name="_ISO-4762_M3x1010000031_3" type="NODE">
          <instance_geometry url="#_ISO-4762_M3x1010000031_3-obj">
            <bind_material>
              <technique_common>
                <instance_material symbol="Nr10000031_3Mat0" target="#Nr10000031_3Mat0"/>
              </technique_common>
            </bind_material>
          </instance_geometry>
        </node>
        <node id="_ISO-4026_M3x410000032_0" name="_ISO-4026_M3x410000032_0" type="NODE">
          <instance_geometry url="#_ISO-4026_M3x410000032_0-obj">
            <bind_material>
              <technique_common>
                <instance_material symbol="Nr10000032_0Mat0" target="#Nr10000032_0Mat0"/>
              </technique_common>
            </bind_material>
          </instance_geometry>
        </node>
        <node id="_ISO-4026_M3x410000033_0" name="_ISO-4026_M3x410000033_0" type="NODE">
          <instance_geometry url="#_ISO-4026_M3x410000033_0-obj">
            <bind_material>
              <technique_common>
                <instance_material symbol="Nr10000033_0Mat0" target="#Nr10000033_0Mat0"/>
              </technique_common>
            </bind_material>
          </instance_geometry>
        </node>
        <node id="_ISO-4026_M3x410000034_0" name="_ISO-4026_M3x410000034_0" type="NODE">
          <instance_geometry url="#_ISO-4026_M3x410000034_0-obj">
            <bind_material>
              <technique_common>
                <instance_material symbol="Nr10000034_0Mat0" target="#Nr10000034_0Mat0"/>
              </technique_common>
            </bind_material>
          </instance_geometry>
        </node>
        <node id="_ISO-4026_M3x410000035_0" name="_ISO-4026_M3x410000035_0" type="NODE">
          <instance_geometry url="#_ISO-4026_M3x410000035_0-obj">
            <bind_material>
              <technique_common>
                <instance_material symbol="Nr10000035_0Mat0" target="#Nr10000035_0Mat0"/>
              </technique_common>
            </bind_material>
          </instance_geometry>
        </node>
        <node id="_8160579_EAMC-15-10000036_0" name="_8160579_EAMC-15-10000036_0" type="NODE">
          <instance_geometry url="#_8160579_EAMC-15-10000036_0-obj">
            <bind_material>
              <technique_common>
                <instance_material symbol="Nr10000036_0Mat0" target="#Nr10000036_0Mat0"/>
              </technique_common>
            </bind_material>
          </instance_geometry>
          <node id="_4953161_EAMC-15-10000037_0" name="_4953161_EAMC-15-10000037_0" type="NODE">
            <instance_geometry url="#_4953161_EAMC-15-10000037_0-obj">
              <bind_material>
                <technique_common>
                  <instance_material symbol="Nr10000037_0Mat0" target="#Nr10000037_0Mat0"/>
                </technique_common>
              </bind_material>
            </instance_geometry>
          </node>
          <node id="_ISO-4762_M2_5x810000038_0" name="_ISO-4762_M2_5x810000038_0" type="NODE">
            <instance_geometry url="#_ISO-4762_M2_5x810000038_0-obj">
              <bind_material>
                <technique_common>
                  <instance_material symbol="Nr10000038_0Mat0" target="#Nr10000038_0Mat0"/>
                </technique_common>
              </bind_material>
            </instance_geometry>
          </node>
        </node>
      </node>
      <node id="_8084400_EMCS-42-10000044_0" name="_8084400_EMCS-42-10000044_0" type="NODE">
        <instance_geometry url="#_8084400_EMCS-42-10000044_0-obj">
          <bind_material>
            <technique_common>
              <instance_material symbol="Nr10000044_0Mat0" target="#Nr10000044_0Mat0"/>
              <instance_material symbol="Nr10000044_0Mat1" target="#Nr10000044_0Mat1"/>
              <instance_material symbol="Nr10000044_0Mat2" target="#Nr10000044_0Mat2"/>
              <instance_material symbol="Nr10000044_0Mat3" target="#Nr10000044_0Mat3"/>
            </technique_common>
          </bind_material>
        </instance_geometry>
      </node>
    </visual_scene>
  </library_visual_scenes>
  <library_joints>
    <joint id="j1" sid="joint1" name="8048309 EGSC-BS-KF-32---(S_25)">
      <prismatic sid="axis1">
        <axis>0 1 0</axis>
        <limits>
          <min>0.00000</min>
          <max>25.00000</max>
        </limits>
      </prismatic>
    </joint>
  </library_joints>
  <library_kinematics_models>
    <kinematics_model id="KinematicModel" name="Axis">
      <technique_common>
        <instance_joint url="#j1" sid="joint_1" name="_8048309_EGSC-BS-10000027_0"/>
        <link sid="base_link" name="base">
          <attachment_full joint="KinematicModel/joint_1">
            <link sid="slide_link" name="slide">
              <translate>0 0 0</translate>
            </link>
          </attachment_full>
        </link>
      </technique_common>
    </kinematics_model>
  </library_kinematics_models>
  <library_kinematics_scenes>
    <kinematics_scene id="KinematicScene">
      <instance_kinematics_model url="#KinematicModel" sid="inst_kinMod">
        <newparam sid="pkmodel">
          <SIDREF>KinematicScene/inst_kinMod</SIDREF>
        </newparam>
        <newparam sid="paxis_joint_1">
          <SIDREF>KinematicScene/inst_kinMod/joint_1/axis1</SIDREF>
        </newparam>
        <newparam sid="paxis_value_joint_1">
          <float>0.000000000000000e+00</float>
        </newparam>
      </instance_kinematics_model>
    </kinematics_scene>
  </library_kinematics_scenes>
  <scene>
    <instance_visual_scene url="#VisualSceneNode"/>
    <instance_kinematics_scene url="#KinematicScene">
      <bind_kinematics_model node="Axis">
        <param>pkmodel</param>
      </bind_kinematics_model>
      <bind_joint_axis target="_8048309_EGSC-BS-10000027_0/node_joint1_axis1">
        <axis>
          <param>paxis_joint_1</param>
        </axis>
        <value>
          <param>paxis_value_joint_1</param>
        </value>
      </bind_joint_axis>
    </instance_kinematics_scene>
  </scene>
</COLLADA>
